---------------------------
AutoNexus / Auto CLI
---------------------------
Loading AmConfig from Some("C:\\Users\\zhaop\\.auto\\auto-man\\am.at")...
AmConfig: AmConfig {
  name: default
  index: {
    default: git@gitee.com:auto-stack/auto-index.git
    boe: git@codeup.aliyun.com:soutek/boe/index.git
    soutek: git@codeup.aliyun.com:soutek/auto-stack/auto-index.git
  }
}


Loaded port: 
port NAME: windows_ninja
06:12:18 [0m[33m[WARN] [0mPac::new: skipping unknown target node 'rust_sidecar'
all index: {"default": "git@gitee.com:auto-stack/auto-index.git", "boe": "git@codeup.aliyun.com:soutek/boe/index.git", "soutek": "git@codeup.aliyun.com:soutek/auto-stack/auto-index.git"}
used index: ["default"]
06:12:18 [0m[34m[INFO] [0mloading index store from C:/Users/zhaop/.auto/auto-man/index/default
setting port builder: windows_ninja ninja, at build
06:12:18 [0m[34m[INFO] [0mAutoCache initialized for project: auto-term
  Backend API server port: 17401 (from pac.at)
  Frontend dev server port: 17400 (from pac.at)
  VM window size: 802x482 (from pac.at)
  VM window title: 终端 (from pac.at)
  UI theme: dark (from pac.at)
06:12:18 [0m[34m[INFO] [0mRunning project ...

------------ output ------------

  ✓ vm+vm merged mode: backend runs in-process (no HTTP server)
06:12:18 [0m[33m[WARN] [0mPac::new: skipping unknown target node 'rust_sidecar'
Running VM interpreter UI (backend: vm, merged)
06:12:18 [0m[33m[WARN] [0mPac::new: skipping unknown target node 'rust_sidecar'
06:12:18 [0m[34m[INFO] [0mDownloading deps
06:12:18 [0m[34m[INFO] [0mdownload done!
06:12:18 [0m[34m[INFO] [0m--- pac: auto-term ---

╭──────┬──────┬────┬──────╮
│[94m [39m[94mname[39m[94m [39m│[94m [39m[94mkind[39m[94m [39m│[94m [39m[94mat[39m[94m [39m│[94m [39m[94mdirs[39m[94m [39m│
╰──────┴──────┴────┴──────╯
06:12:18 [0m[34m[INFO] [0mLinking targets with dependencies
06:12:18 [0m[34m[INFO] [0mScanning targets for srcs and incs, only major targets and their deps are scanned
[CALL_HANDLER] widget=App event_name=Init fn_name=handler_App_Init args=[]
[VM-API] merged-mode #[api] "api.mux_new_tab" no-op (set AUTO_VM_MERGE=0 or AUTO_BACKEND=<url> to enable HTTP bridge)
[term-engine] autoterm_core.dll 未找到(部署至宿主同目录,或设 AUTOTERM_ENGINE_DLL;auto-term 侧先 cargo build -p autoterm-core)
[VM-API] merged-mode #[api] "api.mux_slot_pane_id" no-op (set AUTO_VM_MERGE=0 or AUTO_BACKEND=<url> to enable HTTP bridge)
AutoUI MCP: listening on http://127.0.0.1:9247
06:12:18 [0m[34m[INFO] [0mSystem theme: None
06:12:18 [0m[34m[INFO] [0mWindow attributes for id `Id(
    1,
)`: WindowAttributes {
    inner_size: Some(
        Logical(
            LogicalSize {
                width: 802.0,
                height: 482.0,
            },
        ),
    ),
    min_inner_size: None,
    max_inner_size: None,
    position: Some(
        Logical(
            LogicalPosition {
                x: 80.0,
                y: 80.0,
            },
        ),
    ),
    resizable: true,
    enabled_buttons: WindowButtons(
        CLOSE | MINIMIZE | MAXIMIZE,
    ),
    title: "终端",
    maximized: false,
    visible: false,
    transparent: false,
    blur: false,
    decorations: true,
    window_icon: None,
    preferred_theme: None,
    resize_increments: None,
    content_protected: false,
    window_level: Normal,
    active: true,
    cursor: Icon(
        Default,
    ),
    parent_window: None,
    fullscreen: None,
    platform_specific: PlatformSpecificWindowAttributes {
        owner: None,
        menu: None,
        taskbar_icon: None,
        no_redirection_bitmap: false,
        drag_and_drop: true,
        skip_taskbar: false,
        class_name: "Window Class",
        decoration_shadow: false,
        backdrop_type: Auto,
        clip_children: true,
        border_color: None,
        title_background_color: None,
        title_text_color: None,
        corner_preference: Some(
            Default,
        ),
    },
}
06:12:19 [0m[34m[INFO] [0mSettings {
    present_mode: AutoVsync,
    backends: Backends(
        NOOP | VULKAN | GL | METAL | DX12 | BROWSER_WEBGPU,
    ),
    default_font: Font {
        family: Name(
            "Inter",
        ),
        weight: Normal,
        stretch: Normal,
        style: Normal,
    },
    default_text_size: Pixels(
        16.0,
    ),
    antialiasing: Some(
        MSAAx4,
    ),
}
06:12:19 [0m[34m[INFO] [0mAvailable adapters: [
    AdapterInfo {
        name: "NVIDIA GeForce RTX 4060 Ti",
        vendor: 4318,
        device: 10245,
        device_type: DiscreteGpu,
        driver: "NVIDIA",
        driver_info: "591.86",
        backend: Vulkan,
    },
    AdapterInfo {
        name: "NVIDIA GeForce RTX 4060 Ti",
        vendor: 4318,
        device: 10245,
        device_type: DiscreteGpu,
        driver: "32.0.15.9186",
        driver_info: "",
        backend: Dx12,
    },
    AdapterInfo {
        name: "NVIDIA GeForce RTX 4060 Ti",
        vendor: 4318,
        device: 10245,
        device_type: DiscreteGpu,
        driver: "32.0.15.9186",
        driver_info: "",
        backend: Dx12,
    },
    AdapterInfo {
        name: "Microsoft Basic Render Driver",
        vendor: 5140,
        device: 140,
        device_type: Cpu,
        driver: "10.0.26100.9278",
        driver_info: "",
        backend: Dx12,
    },
    AdapterInfo {
        name: "NVIDIA GeForce RTX 4060 Ti/PCIe/SSE2",
        vendor: 4318,
        device: 0,
        device_type: Other,
        driver: "",
        driver_info: "4.6.0 NVIDIA 591.86",
        backend: Gl,
    },
]
06:12:19 [0m[34m[INFO] [0mSelected: AdapterInfo {
    name: "NVIDIA GeForce RTX 4060 Ti",
    vendor: 4318,
    device: 10245,
    device_type: DiscreteGpu,
    driver: "NVIDIA",
    driver_info: "591.86",
    backend: Vulkan,
}
06:12:19 [0m[34m[INFO] [0mAvailable formats: Copied {
    it: Iter(
        [
            Bgra8UnormSrgb,
            Rgba8UnormSrgb,
            Bgra8Unorm,
            Rgba8Unorm,
            Rgba16Float,
            Rgb10a2Unorm,
        ],
    ),
}
06:12:19 [0m[34m[INFO] [0mAvailable alpha modes: [
    Opaque,
]
06:12:19 [0m[34m[INFO] [0mSelected format: Bgra8Unorm with alpha mode: Auto
AutoUI MCP: first state sync in view()
[UI_EVENT] widget="App" event="Tick" input_val=None
[VM_HANDLER_CALL] widget=App event=Tick args=[]
[VM_EXEC] fn_name=handler_App_Tick state_obj_id=4000004 args=[]
[VM_HANDLER_OK] widget=App event=Tick
[UI_EVENT] widget="App" event="Tick" input_val=None
[VM_HANDLER_CALL] widget=App event=Tick args=[]
[VM_EXEC] fn_name=handler_App_Tick state_obj_id=4000004 args=[]
[VM_HANDLER_OK] widget=App event=Tick
[UI_EVENT] widget="App" event="Tick" input_val=None
[VM_HANDLER_CALL] widget=App event=Tick args=[]
[VM_EXEC] fn_name=handler_App_Tick state_obj_id=4000004 args=[]
[VM_HANDLER_OK] widget=App event=Tick
[UI_EVENT] widget="App" event="Tick" input_val=None
[VM_HANDLER_CALL] widget=App event=Tick args=[]
[VM_EXEC] fn_name=handler_App_Tick state_obj_id=4000004 args=[]
[VM_HANDLER_OK] widget=App event=Tick
[UI_EVENT] widget="App" event="Tick" input_val=None
[VM_HANDLER_CALL] widget=App event=Tick args=[]
[VM_EXEC] fn_name=handler_App_Tick state_obj_id=4000004 args=[]
[VM_HANDLER_OK] widget=App event=Tick
[UI_EVENT] widget="App" event="Tick" input_val=None
[VM_HANDLER_CALL] widget=App event=Tick args=[]
[VM_EXEC] fn_name=handler_App_Tick state_obj_id=4000004 args=[]
[VM_HANDLER_OK] widget=App event=Tick
[UI_EVENT] widget="App" event="Tick" input_val=None
[VM_HANDLER_CALL] widget=App event=Tick args=[]
[VM_EXEC] fn_name=handler_App_Tick state_obj_id=4000004 args=[]
[VM_HANDLER_OK] widget=App event=Tick
[UI_EVENT] widget="App" event="Tick" input_val=None
[VM_HANDLER_CALL] widget=App event=Tick args=[]
[VM_EXEC] fn_name=handler_App_Tick state_obj_id=4000004 args=[]
[VM_HANDLER_OK] widget=App event=Tick
[UI_EVENT] widget="App" event="Tick" input_val=None
[VM_HANDLER_CALL] widget=App event=Tick args=[]
[VM_EXEC] fn_name=handler_App_Tick state_obj_id=4000004 args=[]
[VM_HANDLER_OK] widget=App event=Tick
[UI_EVENT] widget="App" event="Tick" input_val=None
[VM_HANDLER_CALL] widget=App event=Tick args=[]
[VM_EXEC] fn_name=handler_App_Tick state_obj_id=4000004 args=[]
[VM_HANDLER_OK] widget=App event=Tick
[UI_EVENT] widget="App" event="Tick" input_val=None
[VM_HANDLER_CALL] widget=App event=Tick args=[]
[VM_EXEC] fn_name=handler_App_Tick state_obj_id=4000004 args=[]
[VM_HANDLER_OK] widget=App event=Tick
[UI_EVENT] widget="App" event="Tick" input_val=None
[VM_HANDLER_CALL] widget=App event=Tick args=[]
[VM_EXEC] fn_name=handler_App_Tick state_obj_id=4000004 args=[]
[VM_HANDLER_OK] widget=App event=Tick
[UI_EVENT] widget="App" event="Tick" input_val=None
[VM_HANDLER_CALL] widget=App event=Tick args=[]
[VM_EXEC] fn_name=handler_App_Tick state_obj_id=4000004 args=[]
[VM_HANDLER_OK] widget=App event=Tick
[UI_EVENT] widget="App" event="Tick" input_val=None
[VM_HANDLER_CALL] widget=App event=Tick args=[]
[VM_EXEC] fn_name=handler_App_Tick state_obj_id=4000004 args=[]
[VM_HANDLER_OK] widget=App event=Tick
[UI_EVENT] widget="App" event="Tick" input_val=None
[VM_HANDLER_CALL] widget=App event=Tick args=[]
[VM_EXEC] fn_name=handler_App_Tick state_obj_id=4000004 args=[]
[VM_HANDLER_OK] widget=App event=Tick
[UI_EVENT] widget="App" event="Tick" input_val=None
[VM_HANDLER_CALL] widget=App event=Tick args=[]
[VM_EXEC] fn_name=handler_App_Tick state_obj_id=4000004 args=[]
[VM_HANDLER_OK] widget=App event=Tick
[UI_EVENT] widget="App" event="Tick" input_val=None
[VM_HANDLER_CALL] widget=App event=Tick args=[]
[VM_EXEC] fn_name=handler_App_Tick state_obj_id=4000004 args=[]
[VM_HANDLER_OK] widget=App event=Tick
[UI_EVENT] widget="App" event="Tick" input_val=None
[VM_HANDLER_CALL] widget=App event=Tick args=[]
[VM_EXEC] fn_name=handler_App_Tick state_obj_id=4000004 args=[]
[VM_HANDLER_OK] widget=App event=Tick
[UI_EVENT] widget="App" event="Tick" input_val=None
[VM_HANDLER_CALL] widget=App event=Tick args=[]
[VM_EXEC] fn_name=handler_App_Tick state_obj_id=4000004 args=[]
[VM_HANDLER_OK] widget=App event=Tick
[UI_EVENT] widget="App" event="Tick" input_val=None
[VM_HANDLER_CALL] widget=App event=Tick args=[]
[VM_EXEC] fn_name=handler_App_Tick state_obj_id=4000004 args=[]
[VM_HANDLER_OK] widget=App event=Tick
[VM_HANDLER_CALL] widget=App event=Tick args=[]
[VM_EXEC] fn_name=handler_App_Tick state_obj_id=4000004 args=[]
[VM_HANDLER_OK] widget=App event=Tick
[UI_EVENT] widget="App" event="Tick" input_val=None
[VM_HANDLER_CALL] widget=App event=Tick args=[]
[VM_EXEC] fn_name=handler_App_Tick state_obj_id=4000004 args=[]
[VM_HANDLER_OK] widget=App event=Tick
[UI_EVENT] widget="App" event="Tick" input_val=None
[VM_HANDLER_CALL] widget=App event=Tick args=[]
[VM_EXEC] fn_name=handler_App_Tick state_obj_id=4000004 args=[]
[VM_HANDLER_OK] widget=App event=Tick
[UI_EVENT] widget="App" event="Tick" input_val=None
[VM_HANDLER_CALL] widget=App event=Tick args=[]
[VM_EXEC] fn_name=handler_App_Tick state_obj_id=4000004 args=[]
[VM_HANDLER_OK] widget=App event=Tick
[UI_EVENT] widget="App" event="Tick" input_val=None
[VM_HANDLER_CALL] widget=App event=Tick args=[]
[VM_EXEC] fn_name=handler_App_Tick state_obj_id=4000004 args=[]
[VM_HANDLER_OK] widget=App event=Tick
[UI_EVENT] widget="App" event="Tick" input_val=None
[VM_HANDLER_CALL] widget=App event=Tick args=[]
[VM_EXEC] fn_name=handler_App_Tick state_obj_id=4000004 args=[]
[VM_HANDLER_OK] widget=App event=Tick
[UI_EVENT] widget="App" event="Tick" input_val=None
[VM_HANDLER_CALL] widget=App event=Tick args=[]
[VM_EXEC] fn_name=handler_App_Tick state_obj_id=4000004 args=[]
[VM_HANDLER_OK] widget=App event=Tick
[UI_EVENT] widget="App" event="Tick" input_val=None
[VM_HANDLER_CALL] widget=App event=Tick args=[]
[VM_EXEC] fn_name=handler_App_Tick state_obj_id=4000004 args=[]
[VM_HANDLER_OK] widget=App event=Tick
[UI_EVENT] widget="App" event="Tick" input_val=None
[VM_HANDLER_CALL] widget=App event=Tick args=[]
[VM_EXEC] fn_name=handler_App_Tick state_obj_id=4000004 args=[]
[VM_HANDLER_OK] widget=App event=Tick
[UI_EVENT] widget="App" event="Tick" input_val=None
[VM_HANDLER_CALL] widget=App event=Tick args=[]
[VM_EXEC] fn_name=handler_App_Tick state_obj_id=4000004 args=[]
[VM_HANDLER_OK] widget=App event=Tick
[UI_EVENT] widget="App" event="Tick" input_val=None
[VM_HANDLER_CALL] widget=App event=Tick args=[]
[VM_EXEC] fn_name=handler_App_Tick state_obj_id=4000004 args=[]
[VM_HANDLER_OK] widget=App event=Tick
[UI_EVENT] widget="App" event="Tick" input_val=None
[VM_HANDLER_CALL] widget=App event=Tick args=[]
[VM_EXEC] fn_name=handler_App_Tick state_obj_id=4000004 args=[]
[VM_HANDLER_OK] widget=App event=Tick
[UI_EVENT] widget="App" event="Tick" input_val=None
[VM_HANDLER_CALL] widget=App event=Tick args=[]
[VM_EXEC] fn_name=handler_App_Tick state_obj_id=4000004 args=[]
[VM_HANDLER_OK] widget=App event=Tick
[UI_EVENT] widget="App" event="Tick" input_val=None
[VM_HANDLER_CALL] widget=App event=Tick args=[]
[VM_EXEC] fn_name=handler_App_Tick state_obj_id=4000004 args=[]
[VM_HANDLER_OK] widget=App event=Tick
[UI_EVENT] widget="App" event="Tick" input_val=None
[VM_HANDLER_CALL] widget=App event=Tick args=[]
[VM_EXEC] fn_name=handler_App_Tick state_obj_id=4000004 args=[]
[VM_HANDLER_OK] widget=App event=Tick
[UI_EVENT] widget="App" event="Tick" input_val=None
[VM_HANDLER_CALL] widget=App event=Tick args=[]
[VM_EXEC] fn_name=handler_App_Tick state_obj_id=4000004 args=[]
[VM_HANDLER_OK] widget=App event=Tick
[UI_EVENT] widget="App" event="Tick" input_val=None
[VM_HANDLER_CALL] widget=App event=Tick args=[]
[VM_EXEC] fn_name=handler_App_Tick state_obj_id=4000004 args=[]
[VM_HANDLER_OK] widget=App event=Tick
[UI_EVENT] widget="App" event="Tick" input_val=None
[VM_HANDLER_CALL] widget=App event=Tick args=[]
[VM_EXEC] fn_name=handler_App_Tick state_obj_id=4000004 args=[]
[VM_HANDLER_OK] widget=App event=Tick
[UI_EVENT] widget="App" event="Tick" input_val=None
[VM_HANDLER_CALL] widget=App event=Tick args=[]
[VM_EXEC] fn_name=handler_App_Tick state_obj_id=4000004 args=[]
[VM_HANDLER_OK] widget=App event=Tick
[UI_EVENT] widget="App" event="Tick" input_val=None
[VM_HANDLER_CALL] widget=App event=Tick args=[]
[VM_EXEC] fn_name=handler_App_Tick state_obj_id=4000004 args=[]
[VM_HANDLER_OK] widget=App event=Tick
[VM_HANDLER_CALL] widget=App event=Tick args=[]
[VM_EXEC] fn_name=handler_App_Tick state_obj_id=4000004 args=[]
[VM_HANDLER_OK] widget=App event=Tick
[UI_EVENT] widget="App" event="Tick" input_val=None
[VM_HANDLER_CALL] widget=App event=Tick args=[]
[VM_EXEC] fn_name=handler_App_Tick state_obj_id=4000004 args=[]
[VM_HANDLER_OK] widget=App event=Tick
[UI_EVENT] widget="App" event="Tick" input_val=None
[VM_HANDLER_CALL] widget=App event=Tick args=[]
[VM_EXEC] fn_name=handler_App_Tick state_obj_id=4000004 args=[]
[VM_HANDLER_OK] widget=App event=Tick
[UI_EVENT] widget="App" event="Tick" input_val=None
[VM_HANDLER_CALL] widget=App event=Tick args=[]
[VM_EXEC] fn_name=handler_App_Tick state_obj_id=4000004 args=[]
[VM_HANDLER_OK] widget=App event=Tick
[UI_EVENT] widget="App" event="Tick" input_val=None
[VM_HANDLER_CALL] widget=App event=Tick args=[]
[VM_EXEC] fn_name=handler_App_Tick state_obj_id=4000004 args=[]
[VM_HANDLER_OK] widget=App event=Tick
[UI_EVENT] widget="App" event="Tick" input_val=None
[VM_HANDLER_CALL] widget=App event=Tick args=[]
[VM_EXEC] fn_name=handler_App_Tick state_obj_id=4000004 args=[]
[VM_HANDLER_OK] widget=App event=Tick
[UI_EVENT] widget="App" event="Tick" input_val=None
[VM_HANDLER_CALL] widget=App event=Tick args=[]
[VM_EXEC] fn_name=handler_App_Tick state_obj_id=4000004 args=[]
[VM_HANDLER_OK] widget=App event=Tick
[UI_EVENT] widget="App" event="Tick" input_val=None
[VM_HANDLER_CALL] widget=App event=Tick args=[]
[VM_EXEC] fn_name=handler_App_Tick state_obj_id=4000004 args=[]
[VM_HANDLER_OK] widget=App event=Tick
[UI_EVENT] widget="App" event="Tick" input_val=None
[VM_HANDLER_CALL] widget=App event=Tick args=[]
[VM_EXEC] fn_name=handler_App_Tick state_obj_id=4000004 args=[]
[VM_HANDLER_OK] widget=App event=Tick
[UI_EVENT] widget="App" event="Tick" input_val=None
[VM_HANDLER_CALL] widget=App event=Tick args=[]
[VM_EXEC] fn_name=handler_App_Tick state_obj_id=4000004 args=[]
[VM_HANDLER_OK] widget=App event=Tick
[UI_EVENT] widget="App" event="Tick" input_val=None
[VM_HANDLER_CALL] widget=App event=Tick args=[]
[VM_EXEC] fn_name=handler_App_Tick state_obj_id=4000004 args=[]
[VM_HANDLER_OK] widget=App event=Tick
[UI_EVENT] widget="App" event="Tick" input_val=None
[VM_HANDLER_CALL] widget=App event=Tick args=[]
[VM_EXEC] fn_name=handler_App_Tick state_obj_id=4000004 args=[]
[VM_HANDLER_OK] widget=App event=Tick
[UI_EVENT] widget="App" event="Tick" input_val=None
[VM_HANDLER_CALL] widget=App event=Tick args=[]
[VM_EXEC] fn_name=handler_App_Tick state_obj_id=4000004 args=[]
[VM_HANDLER_OK] widget=App event=Tick
[UI_EVENT] widget="App" event="Tick" input_val=None
[VM_HANDLER_CALL] widget=App event=Tick args=[]
[VM_EXEC] fn_name=handler_App_Tick state_obj_id=4000004 args=[]
[VM_HANDLER_OK] widget=App event=Tick
[UI_EVENT] widget="App" event="Tick" input_val=None
[VM_HANDLER_CALL] widget=App event=Tick args=[]
[VM_EXEC] fn_name=handler_App_Tick state_obj_id=4000004 args=[]
[VM_HANDLER_OK] widget=App event=Tick
[UI_EVENT] widget="App" event="Tick" input_val=None
[VM_HANDLER_CALL] widget=App event=Tick args=[]
[VM_EXEC] fn_name=handler_App_Tick state_obj_id=4000004 args=[]
[VM_HANDLER_OK] widget=App event=Tick
[UI_EVENT] widget="App" event="Tick" input_val=None
[VM_HANDLER_CALL] widget=App event=Tick args=[]
[VM_EXEC] fn_name=handler_App_Tick state_obj_id=4000004 args=[]
[VM_HANDLER_OK] widget=App event=Tick
[UI_EVENT] widget="App" event="Tick" input_val=None
[VM_HANDLER_CALL] widget=App event=Tick args=[]
[VM_EXEC] fn_name=handler_App_Tick state_obj_id=4000004 args=[]
[VM_HANDLER_OK] widget=App event=Tick
[UI_EVENT] widget="App" event="Tick" input_val=None
[VM_HANDLER_CALL] widget=App event=Tick args=[]
[VM_EXEC] fn_name=handler_App_Tick state_obj_id=4000004 args=[]
[VM_HANDLER_OK] widget=App event=Tick
[UI_EVENT] widget="App" event="Tick" input_val=None
[VM_HANDLER_CALL] widget=App event=Tick args=[]
[VM_EXEC] fn_name=handler_App_Tick state_obj_id=4000004 args=[]
[VM_HANDLER_OK] widget=App event=Tick
[UI_EVENT] widget="App" event="Tick" input_val=None
[VM_HANDLER_CALL] widget=App event=Tick args=[]
[VM_EXEC] fn_name=handler_App_Tick state_obj_id=4000004 args=[]
[VM_HANDLER_OK] widget=App event=Tick
[VM_HANDLER_CALL] widget=App event=Tick args=[]
[VM_EXEC] fn_name=handler_App_Tick state_obj_id=4000004 args=[]
[VM_HANDLER_OK] widget=App event=Tick
[UI_EVENT] widget="App" event="Tick" input_val=None
[VM_HANDLER_CALL] widget=App event=Tick args=[]
[VM_EXEC] fn_name=handler_App_Tick state_obj_id=4000004 args=[]
[VM_HANDLER_OK] widget=App event=Tick
[UI_EVENT] widget="App" event="Tick" input_val=None
[VM_HANDLER_CALL] widget=App event=Tick args=[]
[VM_EXEC] fn_name=handler_App_Tick state_obj_id=4000004 args=[]
[VM_HANDLER_OK] widget=App event=Tick
[UI_EVENT] widget="App" event="Tick" input_val=None
[VM_HANDLER_CALL] widget=App event=Tick args=[]
[VM_EXEC] fn_name=handler_App_Tick state_obj_id=4000004 args=[]
[VM_HANDLER_OK] widget=App event=Tick
[UI_EVENT] widget="App" event="Tick" input_val=None
[VM_HANDLER_CALL] widget=App event=Tick args=[]
[VM_EXEC] fn_name=handler_App_Tick state_obj_id=4000004 args=[]
[VM_HANDLER_OK] widget=App event=Tick
[UI_EVENT] widget="App" event="Tick" input_val=None
[VM_HANDLER_CALL] widget=App event=Tick args=[]
[VM_EXEC] fn_name=handler_App_Tick state_obj_id=4000004 args=[]
[VM_HANDLER_OK] widget=App event=Tick
[UI_EVENT] widget="App" event="Tick" input_val=None
[VM_HANDLER_CALL] widget=App event=Tick args=[]
[VM_EXEC] fn_name=handler_App_Tick state_obj_id=4000004 args=[]
[VM_HANDLER_OK] widget=App event=Tick
[UI_EVENT] widget="App" event="Tick" input_val=None
[VM_HANDLER_CALL] widget=App event=Tick args=[]
[VM_EXEC] fn_name=handler_App_Tick state_obj_id=4000004 args=[]
[VM_HANDLER_OK] widget=App event=Tick
[UI_EVENT] widget="App" event="Tick" input_val=None
[VM_HANDLER_CALL] widget=App event=Tick args=[]
[VM_EXEC] fn_name=handler_App_Tick state_obj_id=4000004 args=[]
[VM_HANDLER_OK] widget=App event=Tick
[UI_EVENT] widget="App" event="Tick" input_val=None
[VM_HANDLER_CALL] widget=App event=Tick args=[]
[VM_EXEC] fn_name=handler_App_Tick state_obj_id=4000004 args=[]
[VM_HANDLER_OK] widget=App event=Tick
[UI_EVENT] widget="App" event="Tick" input_val=None
[VM_HANDLER_CALL] widget=App event=Tick args=[]
[VM_EXEC] fn_name=handler_App_Tick state_obj_id=4000004 args=[]
[VM_HANDLER_OK] widget=App event=Tick
[UI_EVENT] widget="App" event="Tick" input_val=None
[VM_HANDLER_CALL] widget=App event=Tick args=[]
[VM_EXEC] fn_name=handler_App_Tick state_obj_id=4000004 args=[]
[VM_HANDLER_OK] widget=App event=Tick
[UI_EVENT] widget="App" event="Tick" input_val=None
[VM_HANDLER_CALL] widget=App event=Tick args=[]
[VM_EXEC] fn_name=handler_App_Tick state_obj_id=4000004 args=[]
[VM_HANDLER_OK] widget=App event=Tick
[UI_EVENT] widget="App" event="Tick" input_val=None
[VM_HANDLER_CALL] widget=App event=Tick args=[]
[VM_EXEC] fn_name=handler_App_Tick state_obj_id=4000004 args=[]
[VM_HANDLER_OK] widget=App event=Tick
[UI_EVENT] widget="App" event="Tick" input_val=None
[VM_HANDLER_CALL] widget=App event=Tick args=[]
[VM_EXEC] fn_name=handler_App_Tick state_obj_id=4000004 args=[]
[VM_HANDLER_OK] widget=App event=Tick
[UI_EVENT] widget="App" event="Tick" input_val=None
[VM_HANDLER_CALL] widget=App event=Tick args=[]
[VM_EXEC] fn_name=handler_App_Tick state_obj_id=4000004 args=[]
[VM_HANDLER_OK] widget=App event=Tick
[UI_EVENT] widget="App" event="Tick" input_val=None
[VM_HANDLER_CALL] widget=App event=Tick args=[]
[VM_EXEC] fn_name=handler_App_Tick state_obj_id=4000004 args=[]
[VM_HANDLER_OK] widget=App event=Tick
[UI_EVENT] widget="App" event="Tick" input_val=None
[VM_HANDLER_CALL] widget=App event=Tick args=[]
[VM_EXEC] fn_name=handler_App_Tick state_obj_id=4000004 args=[]
[VM_HANDLER_OK] widget=App event=Tick
[UI_EVENT] widget="App" event="Tick" input_val=None
[VM_HANDLER_CALL] widget=App event=Tick args=[]
[VM_EXEC] fn_name=handler_App_Tick state_obj_id=4000004 args=[]
[VM_HANDLER_OK] widget=App event=Tick
[UI_EVENT] widget="App" event="Tick" input_val=None
[VM_HANDLER_CALL] widget=App event=Tick args=[]
[VM_EXEC] fn_name=handler_App_Tick state_obj_id=4000004 args=[]
[VM_HANDLER_OK] widget=App event=Tick
[UI_EVENT] widget="App" event="Tick" input_val=None
[VM_HANDLER_CALL] widget=App event=Tick args=[]
[VM_EXEC] fn_name=handler_App_Tick state_obj_id=4000004 args=[]
[VM_HANDLER_OK] widget=App event=Tick
[UI_EVENT] widget="App" event="Tick" input_val=None
[VM_HANDLER_CALL] widget=App event=Tick args=[]
[VM_EXEC] fn_name=handler_App_Tick state_obj_id=4000004 args=[]
[VM_HANDLER_OK] widget=App event=Tick
[VM_HANDLER_CALL] widget=App event=Tick args=[]
[VM_EXEC] fn_name=handler_App_Tick state_obj_id=4000004 args=[]
[VM_HANDLER_OK] widget=App event=Tick
[UI_EVENT] widget="App" event="Tick" input_val=None
[VM_HANDLER_CALL] widget=App event=Tick args=[]
[VM_EXEC] fn_name=handler_App_Tick state_obj_id=4000004 args=[]
[VM_HANDLER_OK] widget=App event=Tick
[UI_EVENT] widget="App" event="Tick" input_val=None
[VM_HANDLER_CALL] widget=App event=Tick args=[]
[VM_EXEC] fn_name=handler_App_Tick state_obj_id=4000004 args=[]
[VM_HANDLER_OK] widget=App event=Tick
[UI_EVENT] widget="App" event="Tick" input_val=None
[VM_HANDLER_CALL] widget=App event=Tick args=[]
[VM_EXEC] fn_name=handler_App_Tick state_obj_id=4000004 args=[]
[VM_HANDLER_OK] widget=App event=Tick
[UI_EVENT] widget="App" event="Tick" input_val=None
[VM_HANDLER_CALL] widget=App event=Tick args=[]
[VM_EXEC] fn_name=handler_App_Tick state_obj_id=4000004 args=[]
[VM_HANDLER_OK] widget=App event=Tick
[UI_EVENT] widget="App" event="Tick" input_val=None
[VM_HANDLER_CALL] widget=App event=Tick args=[]
[VM_EXEC] fn_name=handler_App_Tick state_obj_id=4000004 args=[]
[VM_HANDLER_OK] widget=App event=Tick
[UI_EVENT] widget="App" event="Tick" input_val=None
[VM_HANDLER_CALL] widget=App event=Tick args=[]
[VM_EXEC] fn_name=handler_App_Tick state_obj_id=4000004 args=[]
[VM_HANDLER_OK] widget=App event=Tick
[UI_EVENT] widget="App" event="Tick" input_val=None
[VM_HANDLER_CALL] widget=App event=Tick args=[]
[VM_EXEC] fn_name=handler_App_Tick state_obj_id=4000004 args=[]
[VM_HANDLER_OK] widget=App event=Tick
[UI_EVENT] widget="App" event="Tick" input_val=None
[VM_HANDLER_CALL] widget=App event=Tick args=[]
[VM_EXEC] fn_name=handler_App_Tick state_obj_id=4000004 args=[]
[VM_HANDLER_OK] widget=App event=Tick
[UI_EVENT] widget="App" event="Tick" input_val=None
[VM_HANDLER_CALL] widget=App event=Tick args=[]
[VM_EXEC] fn_name=handler_App_Tick state_obj_id=4000004 args=[]
[VM_HANDLER_OK] widget=App event=Tick
[UI_EVENT] widget="App" event="Tick" input_val=None
[VM_HANDLER_CALL] widget=App event=Tick args=[]
[VM_EXEC] fn_name=handler_App_Tick state_obj_id=4000004 args=[]
[VM_HANDLER_OK] widget=App event=Tick
[UI_EVENT] widget="App" event="Tick" input_val=None
[VM_HANDLER_CALL] widget=App event=Tick args=[]
[VM_EXEC] fn_name=handler_App_Tick state_obj_id=4000004 args=[]
[VM_HANDLER_OK] widget=App event=Tick
[UI_EVENT] widget="App" event="Tick" input_val=None
[VM_HANDLER_CALL] widget=App event=Tick args=[]
[VM_EXEC] fn_name=handler_App_Tick state_obj_id=4000004 args=[]
[VM_HANDLER_OK] widget=App event=Tick
[UI_EVENT] widget="App" event="Tick" input_val=None
[VM_HANDLER_CALL] widget=App event=Tick args=[]
[VM_EXEC] fn_name=handler_App_Tick state_obj_id=4000004 args=[]
[VM_HANDLER_OK] widget=App event=Tick
[UI_EVENT] widget="App" event="Tick" input_val=None
[VM_HANDLER_CALL] widget=App event=Tick args=[]
[VM_EXEC] fn_name=handler_App_Tick state_obj_id=4000004 args=[]
[VM_HANDLER_OK] widget=App event=Tick
[UI_EVENT] widget="App" event="Tick" input_val=None
[VM_HANDLER_CALL] widget=App event=Tick args=[]
[VM_EXEC] fn_name=handler_App_Tick state_obj_id=4000004 args=[]
[VM_HANDLER_OK] widget=App event=Tick
[UI_EVENT] widget="App" event="Tick" input_val=None
[VM_HANDLER_CALL] widget=App event=Tick args=[]
[VM_EXEC] fn_name=handler_App_Tick state_obj_id=4000004 args=[]
[VM_HANDLER_OK] widget=App event=Tick
[UI_EVENT] widget="App" event="Tick" input_val=None
[VM_HANDLER_CALL] widget=App event=Tick args=[]
[VM_EXEC] fn_name=handler_App_Tick state_obj_id=4000004 args=[]
[VM_HANDLER_OK] widget=App event=Tick
[UI_EVENT] widget="App" event="Tick" input_val=None
[VM_HANDLER_CALL] widget=App event=Tick args=[]
[VM_EXEC] fn_name=handler_App_Tick state_obj_id=4000004 args=[]
[VM_HANDLER_OK] widget=App event=Tick
[UI_EVENT] widget="App" event="Tick" input_val=None
[VM_HANDLER_CALL] widget=App event=Tick args=[]
[VM_EXEC] fn_name=handler_App_Tick state_obj_id=4000004 args=[]
[VM_HANDLER_OK] widget=App event=Tick
[UI_EVENT] widget="App" event="Tick" input_val=None
[VM_HANDLER_CALL] widget=App event=Tick args=[]
[VM_EXEC] fn_name=handler_App_Tick state_obj_id=4000004 args=[]
[VM_HANDLER_OK] widget=App event=Tick
[VM_HANDLER_CALL] widget=App event=Tick args=[]
[VM_EXEC] fn_name=handler_App_Tick state_obj_id=4000004 args=[]
[VM_HANDLER_OK] widget=App event=Tick
[UI_EVENT] widget="App" event="Tick" input_val=None
[VM_HANDLER_CALL] widget=App event=Tick args=[]
[VM_EXEC] fn_name=handler_App_Tick state_obj_id=4000004 args=[]
[VM_HANDLER_OK] widget=App event=Tick
[UI_EVENT] widget="App" event="Tick" input_val=None
[VM_HANDLER_CALL] widget=App event=Tick args=[]
[VM_EXEC] fn_name=handler_App_Tick state_obj_id=4000004 args=[]
[VM_HANDLER_OK] widget=App event=Tick
[UI_EVENT] widget="App" event="Tick" input_val=None
[VM_HANDLER_CALL] widget=App event=Tick args=[]
[VM_EXEC] fn_name=handler_App_Tick state_obj_id=4000004 args=[]
[VM_HANDLER_OK] widget=App event=Tick
[UI_EVENT] widget="App" event="Tick" input_val=None
[VM_HANDLER_CALL] widget=App event=Tick args=[]
[VM_EXEC] fn_name=handler_App_Tick state_obj_id=4000004 args=[]
[VM_HANDLER_OK] widget=App event=Tick
[UI_EVENT] widget="App" event="Tick" input_val=None
[VM_HANDLER_CALL] widget=App event=Tick args=[]
[VM_EXEC] fn_name=handler_App_Tick state_obj_id=4000004 args=[]
[VM_HANDLER_OK] widget=App event=Tick
[UI_EVENT] widget="App" event="Tick" input_val=None
[VM_HANDLER_CALL] widget=App event=Tick args=[]
[VM_EXEC] fn_name=handler_App_Tick state_obj_id=4000004 args=[]
[VM_HANDLER_OK] widget=App event=Tick
[UI_EVENT] widget="App" event="Tick" input_val=None
[VM_HANDLER_CALL] widget=App event=Tick args=[]
[VM_EXEC] fn_name=handler_App_Tick state_obj_id=4000004 args=[]
[VM_HANDLER_OK] widget=App event=Tick
[UI_EVENT] widget="App" event="Tick" input_val=None
[VM_HANDLER_CALL] widget=App event=Tick args=[]
[VM_EXEC] fn_name=handler_App_Tick state_obj_id=4000004 args=[]
[VM_HANDLER_OK] widget=App event=Tick
[UI_EVENT] widget="App" event="Tick" input_val=None
[VM_HANDLER_CALL] widget=App event=Tick args=[]
[VM_EXEC] fn_name=handler_App_Tick state_obj_id=4000004 args=[]
[VM_HANDLER_OK] widget=App event=Tick
[UI_EVENT] widget="App" event="Tick" input_val=None
[VM_HANDLER_CALL] widget=App event=Tick args=[]
[VM_EXEC] fn_name=handler_App_Tick state_obj_id=4000004 args=[]
[VM_HANDLER_OK] widget=App event=Tick
[UI_EVENT] widget="App" event="Tick" input_val=None
[VM_HANDLER_CALL] widget=App event=Tick args=[]
[VM_EXEC] fn_name=handler_App_Tick state_obj_id=4000004 args=[]
[VM_HANDLER_OK] widget=App event=Tick
[UI_EVENT] widget="App" event="Tick" input_val=None
[VM_HANDLER_CALL] widget=App event=Tick args=[]
[VM_EXEC] fn_name=handler_App_Tick state_obj_id=4000004 args=[]
[VM_HANDLER_OK] widget=App event=Tick
[UI_EVENT] widget="App" event="Tick" input_val=None
[VM_HANDLER_CALL] widget=App event=Tick args=[]
[VM_EXEC] fn_name=handler_App_Tick state_obj_id=4000004 args=[]
[VM_HANDLER_OK] widget=App event=Tick
[UI_EVENT] widget="App" event="Tick" input_val=None
[VM_HANDLER_CALL] widget=App event=Tick args=[]
[VM_EXEC] fn_name=handler_App_Tick state_obj_id=4000004 args=[]
[VM_HANDLER_OK] widget=App event=Tick
[UI_EVENT] widget="App" event="Tick" input_val=None
[VM_HANDLER_CALL] widget=App event=Tick args=[]
[VM_EXEC] fn_name=handler_App_Tick state_obj_id=4000004 args=[]
[VM_HANDLER_OK] widget=App event=Tick
[UI_EVENT] widget="App" event="Tick" input_val=None
[VM_HANDLER_CALL] widget=App event=Tick args=[]
[VM_EXEC] fn_name=handler_App_Tick state_obj_id=4000004 args=[]
[VM_HANDLER_OK] widget=App event=Tick
[UI_EVENT] widget="App" event="Tick" input_val=None
[VM_HANDLER_CALL] widget=App event=Tick args=[]
[VM_EXEC] fn_name=handler_App_Tick state_obj_id=4000004 args=[]
[VM_HANDLER_OK] widget=App event=Tick
[UI_EVENT] widget="App" event="Tick" input_val=None
[VM_HANDLER_CALL] widget=App event=Tick args=[]
[VM_EXEC] fn_name=handler_App_Tick state_obj_id=4000004 args=[]
[VM_HANDLER_OK] widget=App event=Tick
[UI_EVENT] widget="App" event="Tick" input_val=None
[VM_HANDLER_CALL] widget=App event=Tick args=[]
[VM_EXEC] fn_name=handler_App_Tick state_obj_id=4000004 args=[]
[VM_HANDLER_OK] widget=App event=Tick
[VM_HANDLER_CALL] widget=App event=Tick args=[]
[VM_EXEC] fn_name=handler_App_Tick state_obj_id=4000004 args=[]
[VM_HANDLER_OK] widget=App event=Tick
[UI_EVENT] widget="App" event="Tick" input_val=None
[VM_HANDLER_CALL] widget=App event=Tick args=[]
[VM_EXEC] fn_name=handler_App_Tick state_obj_id=4000004 args=[]
[VM_HANDLER_OK] widget=App event=Tick
[UI_EVENT] widget="App" event="Tick" input_val=None
[VM_HANDLER_CALL] widget=App event=Tick args=[]
[VM_EXEC] fn_name=handler_App_Tick state_obj_id=4000004 args=[]
[VM_HANDLER_OK] widget=App event=Tick
[UI_EVENT] widget="App" event="Tick" input_val=None
[VM_HANDLER_CALL] widget=App event=Tick args=[]
[VM_EXEC] fn_name=handler_App_Tick state_obj_id=4000004 args=[]
[VM_HANDLER_OK] widget=App event=Tick
[UI_EVENT] widget="App" event="Tick" input_val=None
[VM_HANDLER_CALL] widget=App event=Tick args=[]
[VM_EXEC] fn_name=handler_App_Tick state_obj_id=4000004 args=[]
[VM_HANDLER_OK] widget=App event=Tick
[UI_EVENT] widget="App" event="Tick" input_val=None
[VM_HANDLER_CALL] widget=App event=Tick args=[]
[VM_EXEC] fn_name=handler_App_Tick state_obj_id=4000004 args=[]
[VM_HANDLER_OK] widget=App event=Tick
[UI_EVENT] widget="App" event="Tick" input_val=None
[VM_HANDLER_CALL] widget=App event=Tick args=[]
[VM_EXEC] fn_name=handler_App_Tick state_obj_id=4000004 args=[]
[VM_HANDLER_OK] widget=App event=Tick
[UI_EVENT] widget="App" event="Tick" input_val=None
[VM_HANDLER_CALL] widget=App event=Tick args=[]
[VM_EXEC] fn_name=handler_App_Tick state_obj_id=4000004 args=[]
[VM_HANDLER_OK] widget=App event=Tick
[UI_EVENT] widget="App" event="Tick" input_val=None
[VM_HANDLER_CALL] widget=App event=Tick args=[]
[VM_EXEC] fn_name=handler_App_Tick state_obj_id=4000004 args=[]
[VM_HANDLER_OK] widget=App event=Tick
[UI_EVENT] widget="App" event="Tick" input_val=None
[VM_HANDLER_CALL] widget=App event=Tick args=[]
[VM_EXEC] fn_name=handler_App_Tick state_obj_id=4000004 args=[]
[VM_HANDLER_OK] widget=App event=Tick
[UI_EVENT] widget="App" event="Tick" input_val=None
[VM_HANDLER_CALL] widget=App event=Tick args=[]
[VM_EXEC] fn_name=handler_App_Tick state_obj_id=4000004 args=[]
[VM_HANDLER_OK] widget=App event=Tick
[UI_EVENT] widget="App" event="Tick" input_val=None
[VM_HANDLER_CALL] widget=App event=Tick args=[]
[VM_EXEC] fn_name=handler_App_Tick state_obj_id=4000004 args=[]
[VM_HANDLER_OK] widget=App event=Tick
[UI_EVENT] widget="App" event="Tick" input_val=None
[VM_HANDLER_CALL] widget=App event=Tick args=[]
[VM_EXEC] fn_name=handler_App_Tick state_obj_id=4000004 args=[]
[VM_HANDLER_OK] widget=App event=Tick
[UI_EVENT] widget="App" event="Tick" input_val=None
[VM_HANDLER_CALL] widget=App event=Tick args=[]
[VM_EXEC] fn_name=handler_App_Tick state_obj_id=4000004 args=[]
[VM_HANDLER_OK] widget=App event=Tick
[UI_EVENT] widget="App" event="Tick" input_val=None
[VM_HANDLER_CALL] widget=App event=Tick args=[]
[VM_EXEC] fn_name=handler_App_Tick state_obj_id=4000004 args=[]
[VM_HANDLER_OK] widget=App event=Tick
[UI_EVENT] widget="App" event="Tick" input_val=None
[VM_HANDLER_CALL] widget=App event=Tick args=[]
[VM_EXEC] fn_name=handler_App_Tick state_obj_id=4000004 args=[]
[VM_HANDLER_OK] widget=App event=Tick
[UI_EVENT] widget="App" event="Tick" input_val=None
[VM_HANDLER_CALL] widget=App event=Tick args=[]
[VM_EXEC] fn_name=handler_App_Tick state_obj_id=4000004 args=[]
[VM_HANDLER_OK] widget=App event=Tick
[UI_EVENT] widget="App" event="Tick" input_val=None
[VM_HANDLER_CALL] widget=App event=Tick args=[]
[VM_EXEC] fn_name=handler_App_Tick state_obj_id=4000004 args=[]
[VM_HANDLER_OK] widget=App event=Tick
[UI_EVENT] widget="App" event="Tick" input_val=None
[VM_HANDLER_CALL] widget=App event=Tick args=[]
[VM_EXEC] fn_name=handler_App_Tick state_obj_id=4000004 args=[]
[VM_HANDLER_OK] widget=App event=Tick
[UI_EVENT] widget="App" event="Tick" input_val=None
[VM_HANDLER_CALL] widget=App event=Tick args=[]
[VM_EXEC] fn_name=handler_App_Tick state_obj_id=4000004 args=[]
[VM_HANDLER_OK] widget=App event=Tick
[UI_EVENT] widget="App" event="Tick" input_val=None
[VM_HANDLER_CALL] widget=App event=Tick args=[]
[VM_EXEC] fn_name=handler_App_Tick state_obj_id=4000004 args=[]
[VM_HANDLER_OK] widget=App event=Tick
[UI_EVENT] widget="App" event="Tick" input_val=None
[VM_HANDLER_CALL] widget=App event=Tick args=[]
[VM_EXEC] fn_name=handler_App_Tick state_obj_id=4000004 args=[]
[VM_HANDLER_OK] widget=App event=Tick
[VM_HANDLER_CALL] widget=App event=Tick args=[]
[VM_EXEC] fn_name=handler_App_Tick state_obj_id=4000004 args=[]
[VM_HANDLER_OK] widget=App event=Tick
[UI_EVENT] widget="App" event="Tick" input_val=None
[VM_HANDLER_CALL] widget=App event=Tick args=[]
[VM_EXEC] fn_name=handler_App_Tick state_obj_id=4000004 args=[]
[VM_HANDLER_OK] widget=App event=Tick
[UI_EVENT] widget="App" event="Tick" input_val=None
[VM_HANDLER_CALL] widget=App event=Tick args=[]
[VM_EXEC] fn_name=handler_App_Tick state_obj_id=4000004 args=[]
[VM_HANDLER_OK] widget=App event=Tick
[UI_EVENT] widget="App" event="Tick" input_val=None
[VM_HANDLER_CALL] widget=App event=Tick args=[]
[VM_EXEC] fn_name=handler_App_Tick state_obj_id=4000004 args=[]
[VM_HANDLER_OK] widget=App event=Tick
[UI_EVENT] widget="App" event="Tick" input_val=None
[VM_HANDLER_CALL] widget=App event=Tick args=[]
[VM_EXEC] fn_name=handler_App_Tick state_obj_id=4000004 args=[]
[VM_HANDLER_OK] widget=App event=Tick
[UI_EVENT] widget="App" event="Tick" input_val=None
[VM_HANDLER_CALL] widget=App event=Tick args=[]
[VM_EXEC] fn_name=handler_App_Tick state_obj_id=4000004 args=[]
[VM_HANDLER_OK] widget=App event=Tick
[UI_EVENT] widget="App" event="Tick" input_val=None
[VM_HANDLER_CALL] widget=App event=Tick args=[]
[VM_EXEC] fn_name=handler_App_Tick state_obj_id=4000004 args=[]
[VM_HANDLER_OK] widget=App event=Tick
[UI_EVENT] widget="App" event="Tick" input_val=None
[VM_HANDLER_CALL] widget=App event=Tick args=[]
[VM_EXEC] fn_name=handler_App_Tick state_obj_id=4000004 args=[]
[VM_HANDLER_OK] widget=App event=Tick
[UI_EVENT] widget="App" event="Tick" input_val=None
[VM_HANDLER_CALL] widget=App event=Tick args=[]
[VM_EXEC] fn_name=handler_App_Tick state_obj_id=4000004 args=[]
[VM_HANDLER_OK] widget=App event=Tick
[UI_EVENT] widget="App" event="Tick" input_val=None
[VM_HANDLER_CALL] widget=App event=Tick args=[]
[VM_EXEC] fn_name=handler_App_Tick state_obj_id=4000004 args=[]
[VM_HANDLER_OK] widget=App event=Tick
[UI_EVENT] widget="App" event="Tick" input_val=None
[VM_HANDLER_CALL] widget=App event=Tick args=[]
[VM_EXEC] fn_name=handler_App_Tick state_obj_id=4000004 args=[]
[VM_HANDLER_OK] widget=App event=Tick
[UI_EVENT] widget="App" event="Tick" input_val=None
[VM_HANDLER_CALL] widget=App event=Tick args=[]
[VM_EXEC] fn_name=handler_App_Tick state_obj_id=4000004 args=[]
[VM_HANDLER_OK] widget=App event=Tick
[UI_EVENT] widget="App" event="Tick" input_val=None
[VM_HANDLER_CALL] widget=App event=Tick args=[]
[VM_EXEC] fn_name=handler_App_Tick state_obj_id=4000004 args=[]
[VM_HANDLER_OK] widget=App event=Tick
[UI_EVENT] widget="App" event="Tick" input_val=None
[VM_HANDLER_CALL] widget=App event=Tick args=[]
[VM_EXEC] fn_name=handler_App_Tick state_obj_id=4000004 args=[]
[VM_HANDLER_OK] widget=App event=Tick
[UI_EVENT] widget="App" event="Tick" input_val=None
[VM_HANDLER_CALL] widget=App event=Tick args=[]
[VM_EXEC] fn_name=handler_App_Tick state_obj_id=4000004 args=[]
[VM_HANDLER_OK] widget=App event=Tick
[UI_EVENT] widget="App" event="Tick" input_val=None
[VM_HANDLER_CALL] widget=App event=Tick args=[]
[VM_EXEC] fn_name=handler_App_Tick state_obj_id=4000004 args=[]
[VM_HANDLER_OK] widget=App event=Tick
[UI_EVENT] widget="App" event="Tick" input_val=None
[VM_HANDLER_CALL] widget=App event=Tick args=[]
[VM_EXEC] fn_name=handler_App_Tick state_obj_id=4000004 args=[]
[VM_HANDLER_OK] widget=App event=Tick
[UI_EVENT] widget="App" event="Tick" input_val=None
[VM_HANDLER_CALL] widget=App event=Tick args=[]
[VM_EXEC] fn_name=handler_App_Tick state_obj_id=4000004 args=[]
[VM_HANDLER_OK] widget=App event=Tick
[UI_EVENT] widget="App" event="Tick" input_val=None
[VM_HANDLER_CALL] widget=App event=Tick args=[]
[VM_EXEC] fn_name=handler_App_Tick state_obj_id=4000004 args=[]
[VM_HANDLER_OK] widget=App event=Tick
[UI_EVENT] widget="App" event="Tick" input_val=None
[VM_HANDLER_CALL] widget=App event=Tick args=[]
[VM_EXEC] fn_name=handler_App_Tick state_obj_id=4000004 args=[]
[VM_HANDLER_OK] widget=App event=Tick
[UI_EVENT] widget="App" event="Tick" input_val=None
[VM_HANDLER_CALL] widget=App event=Tick args=[]
[VM_EXEC] fn_name=handler_App_Tick state_obj_id=4000004 args=[]
[VM_HANDLER_OK] widget=App event=Tick
[VM_HANDLER_CALL] widget=App event=Tick args=[]
[VM_EXEC] fn_name=handler_App_Tick state_obj_id=4000004 args=[]
[VM_HANDLER_OK] widget=App event=Tick
[UI_EVENT] widget="App" event="Tick" input_val=None
[VM_HANDLER_CALL] widget=App event=Tick args=[]
[VM_EXEC] fn_name=handler_App_Tick state_obj_id=4000004 args=[]
[VM_HANDLER_OK] widget=App event=Tick
[UI_EVENT] widget="App" event="Tick" input_val=None
[VM_HANDLER_CALL] widget=App event=Tick args=[]
[VM_EXEC] fn_name=handler_App_Tick state_obj_id=4000004 args=[]
[VM_HANDLER_OK] widget=App event=Tick
[UI_EVENT] widget="App" event="Tick" input_val=None
[VM_HANDLER_CALL] widget=App event=Tick args=[]
[VM_EXEC] fn_name=handler_App_Tick state_obj_id=4000004 args=[]
[VM_HANDLER_OK] widget=App event=Tick
[UI_EVENT] widget="App" event="Tick" input_val=None
[VM_HANDLER_CALL] widget=App event=Tick args=[]
[VM_EXEC] fn_name=handler_App_Tick state_obj_id=4000004 args=[]
[VM_HANDLER_OK] widget=App event=Tick
[UI_EVENT] widget="App" event="Tick" input_val=None
[VM_HANDLER_CALL] widget=App event=Tick args=[]
[VM_EXEC] fn_name=handler_App_Tick state_obj_id=4000004 args=[]
[VM_HANDLER_OK] widget=App event=Tick
[UI_EVENT] widget="App" event="Tick" input_val=None
[VM_HANDLER_CALL] widget=App event=Tick args=[]
[VM_EXEC] fn_name=handler_App_Tick state_obj_id=4000004 args=[]
[VM_HANDLER_OK] widget=App event=Tick
[UI_EVENT] widget="App" event="Tick" input_val=None
[VM_HANDLER_CALL] widget=App event=Tick args=[]
[VM_EXEC] fn_name=handler_App_Tick state_obj_id=4000004 args=[]
[VM_HANDLER_OK] widget=App event=Tick
[UI_EVENT] widget="App" event="Tick" input_val=None
[VM_HANDLER_CALL] widget=App event=Tick args=[]
[VM_EXEC] fn_name=handler_App_Tick state_obj_id=4000004 args=[]
[VM_HANDLER_OK] widget=App event=Tick
[UI_EVENT] widget="App" event="Tick" input_val=None
[VM_HANDLER_CALL] widget=App event=Tick args=[]
[VM_EXEC] fn_name=handler_App_Tick state_obj_id=4000004 args=[]
[VM_HANDLER_OK] widget=App event=Tick
[UI_EVENT] widget="App" event="Tick" input_val=None
[VM_HANDLER_CALL] widget=App event=Tick args=[]
[VM_EXEC] fn_name=handler_App_Tick state_obj_id=4000004 args=[]
[VM_HANDLER_OK] widget=App event=Tick
[UI_EVENT] widget="App" event="Tick" input_val=None
[VM_HANDLER_CALL] widget=App event=Tick args=[]
[VM_EXEC] fn_name=handler_App_Tick state_obj_id=4000004 args=[]
[VM_HANDLER_OK] widget=App event=Tick
[UI_EVENT] widget="App" event="Tick" input_val=None
[VM_HANDLER_CALL] widget=App event=Tick args=[]
[VM_EXEC] fn_name=handler_App_Tick state_obj_id=4000004 args=[]
[VM_HANDLER_OK] widget=App event=Tick
[UI_EVENT] widget="App" event="Tick" input_val=None
[VM_HANDLER_CALL] widget=App event=Tick args=[]
[VM_EXEC] fn_name=handler_App_Tick state_obj_id=4000004 args=[]
[VM_HANDLER_OK] widget=App event=Tick
[UI_EVENT] widget="App" event="Tick" input_val=None
[VM_HANDLER_CALL] widget=App event=Tick args=[]
[VM_EXEC] fn_name=handler_App_Tick state_obj_id=4000004 args=[]
[VM_HANDLER_OK] widget=App event=Tick
[UI_EVENT] widget="App" event="Tick" input_val=None
[VM_HANDLER_CALL] widget=App event=Tick args=[]
[VM_EXEC] fn_name=handler_App_Tick state_obj_id=4000004 args=[]
[VM_HANDLER_OK] widget=App event=Tick
[UI_EVENT] widget="App" event="Tick" input_val=None
[VM_HANDLER_CALL] widget=App event=Tick args=[]
[VM_EXEC] fn_name=handler_App_Tick state_obj_id=4000004 args=[]
[VM_HANDLER_OK] widget=App event=Tick
[UI_EVENT] widget="App" event="Tick" input_val=None
[VM_HANDLER_CALL] widget=App event=Tick args=[]
[VM_EXEC] fn_name=handler_App_Tick state_obj_id=4000004 args=[]
[VM_HANDLER_OK] widget=App event=Tick
[UI_EVENT] widget="App" event="Tick" input_val=None
[VM_HANDLER_CALL] widget=App event=Tick args=[]
[VM_EXEC] fn_name=handler_App_Tick state_obj_id=4000004 args=[]
[VM_HANDLER_OK] widget=App event=Tick
[UI_EVENT] widget="App" event="Tick" input_val=None
[VM_HANDLER_CALL] widget=App event=Tick args=[]
[VM_EXEC] fn_name=handler_App_Tick state_obj_id=4000004 args=[]
[VM_HANDLER_OK] widget=App event=Tick
[UI_EVENT] widget="App" event="Tick" input_val=None
[VM_HANDLER_CALL] widget=App event=Tick args=[]
[VM_EXEC] fn_name=handler_App_Tick state_obj_id=4000004 args=[]
[VM_HANDLER_OK] widget=App event=Tick
[VM_HANDLER_CALL] widget=App event=Tick args=[]
[VM_EXEC] fn_name=handler_App_Tick state_obj_id=4000004 args=[]
[VM_HANDLER_OK] widget=App event=Tick
[UI_EVENT] widget="App" event="Tick" input_val=None
[VM_HANDLER_CALL] widget=App event=Tick args=[]
[VM_EXEC] fn_name=handler_App_Tick state_obj_id=4000004 args=[]
[VM_HANDLER_OK] widget=App event=Tick
[UI_EVENT] widget="App" event="Tick" input_val=None
[VM_HANDLER_CALL] widget=App event=Tick args=[]
[VM_EXEC] fn_name=handler_App_Tick state_obj_id=4000004 args=[]
[VM_HANDLER_OK] widget=App event=Tick
[UI_EVENT] widget="App" event="Tick" input_val=None
[VM_HANDLER_CALL] widget=App event=Tick args=[]
[VM_EXEC] fn_name=handler_App_Tick state_obj_id=4000004 args=[]
[VM_HANDLER_OK] widget=App event=Tick
[UI_EVENT] widget="App" event="Tick" input_val=None
[VM_HANDLER_CALL] widget=App event=Tick args=[]
[VM_EXEC] fn_name=handler_App_Tick state_obj_id=4000004 args=[]
[VM_HANDLER_OK] widget=App event=Tick
[UI_EVENT] widget="App" event="Tick" input_val=None
[VM_HANDLER_CALL] widget=App event=Tick args=[]
[VM_EXEC] fn_name=handler_App_Tick state_obj_id=4000004 args=[]
[VM_HANDLER_OK] widget=App event=Tick
[UI_EVENT] widget="App" event="Tick" input_val=None
[VM_HANDLER_CALL] widget=App event=Tick args=[]
[VM_EXEC] fn_name=handler_App_Tick state_obj_id=4000004 args=[]
[VM_HANDLER_OK] widget=App event=Tick
[UI_EVENT] widget="App" event="Tick" input_val=None
[VM_HANDLER_CALL] widget=App event=Tick args=[]
[VM_EXEC] fn_name=handler_App_Tick state_obj_id=4000004 args=[]
[VM_HANDLER_OK] widget=App event=Tick
[UI_EVENT] widget="App" event="Tick" input_val=None
[VM_HANDLER_CALL] widget=App event=Tick args=[]
[VM_EXEC] fn_name=handler_App_Tick state_obj_id=4000004 args=[]
[VM_HANDLER_OK] widget=App event=Tick
[UI_EVENT] widget="App" event="Tick" input_val=None
[VM_HANDLER_CALL] widget=App event=Tick args=[]
[VM_EXEC] fn_name=handler_App_Tick state_obj_id=4000004 args=[]
[VM_HANDLER_OK] widget=App event=Tick
[UI_EVENT] widget="App" event="Tick" input_val=None
[VM_HANDLER_CALL] widget=App event=Tick args=[]
[VM_EXEC] fn_name=handler_App_Tick state_obj_id=4000004 args=[]
[VM_HANDLER_OK] widget=App event=Tick
[UI_EVENT] widget="App" event="Tick" input_val=None
[VM_HANDLER_CALL] widget=App event=Tick args=[]
[VM_EXEC] fn_name=handler_App_Tick state_obj_id=4000004 args=[]
[VM_HANDLER_OK] widget=App event=Tick
[UI_EVENT] widget="App" event="Tick" input_val=None
[VM_HANDLER_CALL] widget=App event=Tick args=[]
[VM_EXEC] fn_name=handler_App_Tick state_obj_id=4000004 args=[]
[VM_HANDLER_OK] widget=App event=Tick
[UI_EVENT] widget="App" event="Tick" input_val=None
[VM_HANDLER_CALL] widget=App event=Tick args=[]
[VM_EXEC] fn_name=handler_App_Tick state_obj_id=4000004 args=[]
[VM_HANDLER_OK] widget=App event=Tick
[UI_EVENT] widget="App" event="Tick" input_val=None
[VM_HANDLER_CALL] widget=App event=Tick args=[]
[VM_EXEC] fn_name=handler_App_Tick state_obj_id=4000004 args=[]
[VM_HANDLER_OK] widget=App event=Tick
[UI_EVENT] widget="App" event="Tick" input_val=None
[VM_HANDLER_CALL] widget=App event=Tick args=[]
[VM_EXEC] fn_name=handler_App_Tick state_obj_id=4000004 args=[]
[VM_HANDLER_OK] widget=App event=Tick
[UI_EVENT] widget="App" event="Tick" input_val=None
[VM_HANDLER_CALL] widget=App event=Tick args=[]
[VM_EXEC] fn_name=handler_App_Tick state_obj_id=4000004 args=[]
[VM_HANDLER_OK] widget=App event=Tick
[UI_EVENT] widget="App" event="Tick" input_val=None
[VM_HANDLER_CALL] widget=App event=Tick args=[]
[VM_EXEC] fn_name=handler_App_Tick state_obj_id=4000004 args=[]
[VM_HANDLER_OK] widget=App event=Tick
[UI_EVENT] widget="App" event="Tick" input_val=None
[VM_HANDLER_CALL] widget=App event=Tick args=[]
[VM_EXEC] fn_name=handler_App_Tick state_obj_id=4000004 args=[]
[VM_HANDLER_OK] widget=App event=Tick
[UI_EVENT] widget="App" event="Tick" input_val=None
[VM_HANDLER_CALL] widget=App event=Tick args=[]
[VM_EXEC] fn_name=handler_App_Tick state_obj_id=4000004 args=[]
[VM_HANDLER_OK] widget=App event=Tick
[UI_EVENT] widget="App" event="Tick" input_val=None
[VM_HANDLER_CALL] widget=App event=Tick args=[]
[VM_EXEC] fn_name=handler_App_Tick state_obj_id=4000004 args=[]
[VM_HANDLER_OK] widget=App event=Tick
[VM_HANDLER_CALL] widget=App event=Tick args=[]
[VM_EXEC] fn_name=handler_App_Tick state_obj_id=4000004 args=[]
[VM_HANDLER_OK] widget=App event=Tick
[UI_EVENT] widget="App" event="Tick" input_val=None
[VM_HANDLER_CALL] widget=App event=Tick args=[]
[VM_EXEC] fn_name=handler_App_Tick state_obj_id=4000004 args=[]
[VM_HANDLER_OK] widget=App event=Tick
[UI_EVENT] widget="App" event="Tick" input_val=None
[VM_HANDLER_CALL] widget=App event=Tick args=[]
[VM_EXEC] fn_name=handler_App_Tick state_obj_id=4000004 args=[]
[VM_HANDLER_OK] widget=App event=Tick
[UI_EVENT] widget="App" event="Tick" input_val=None
[VM_HANDLER_CALL] widget=App event=Tick args=[]
[VM_EXEC] fn_name=handler_App_Tick state_obj_id=4000004 args=[]
[VM_HANDLER_OK] widget=App event=Tick
[UI_EVENT] widget="App" event="Tick" input_val=None
[VM_HANDLER_CALL] widget=App event=Tick args=[]
[VM_EXEC] fn_name=handler_App_Tick state_obj_id=4000004 args=[]
[VM_HANDLER_OK] widget=App event=Tick
[UI_EVENT] widget="App" event="Tick" input_val=None
[VM_HANDLER_CALL] widget=App event=Tick args=[]
[VM_EXEC] fn_name=handler_App_Tick state_obj_id=4000004 args=[]
[VM_HANDLER_OK] widget=App event=Tick
[UI_EVENT] widget="App" event="Tick" input_val=None
[VM_HANDLER_CALL] widget=App event=Tick args=[]
[VM_EXEC] fn_name=handler_App_Tick state_obj_id=4000004 args=[]
[VM_HANDLER_OK] widget=App event=Tick
[UI_EVENT] widget="App" event="Tick" input_val=None
[VM_HANDLER_CALL] widget=App event=Tick args=[]
[VM_EXEC] fn_name=handler_App_Tick state_obj_id=4000004 args=[]
[VM_HANDLER_OK] widget=App event=Tick
[UI_EVENT] widget="App" event="Tick" input_val=None
[VM_HANDLER_CALL] widget=App event=Tick args=[]
[VM_EXEC] fn_name=handler_App_Tick state_obj_id=4000004 args=[]
[VM_HANDLER_OK] widget=App event=Tick
[UI_EVENT] widget="App" event="Tick" input_val=None
[VM_HANDLER_CALL] widget=App event=Tick args=[]
[VM_EXEC] fn_name=handler_App_Tick state_obj_id=4000004 args=[]
[VM_HANDLER_OK] widget=App event=Tick
[UI_EVENT] widget="App" event="Tick" input_val=None
[VM_HANDLER_CALL] widget=App event=Tick args=[]
[VM_EXEC] fn_name=handler_App_Tick state_obj_id=4000004 args=[]
[VM_HANDLER_OK] widget=App event=Tick
[UI_EVENT] widget="App" event="Tick" input_val=None
[VM_HANDLER_CALL] widget=App event=Tick args=[]
[VM_EXEC] fn_name=handler_App_Tick state_obj_id=4000004 args=[]
[VM_HANDLER_OK] widget=App event=Tick
[UI_EVENT] widget="App" event="Tick" input_val=None
[VM_HANDLER_CALL] widget=App event=Tick args=[]
[VM_EXEC] fn_name=handler_App_Tick state_obj_id=4000004 args=[]
[VM_HANDLER_OK] widget=App event=Tick
[UI_EVENT] widget="App" event="Tick" input_val=None
[VM_HANDLER_CALL] widget=App event=Tick args=[]
[VM_EXEC] fn_name=handler_App_Tick state_obj_id=4000004 args=[]
[VM_HANDLER_OK] widget=App event=Tick
[UI_EVENT] widget="App" event="Tick" input_val=None
[VM_HANDLER_CALL] widget=App event=Tick args=[]
[VM_EXEC] fn_name=handler_App_Tick state_obj_id=4000004 args=[]
[VM_HANDLER_OK] widget=App event=Tick
[UI_EVENT] widget="App" event="Tick" input_val=None
[VM_HANDLER_CALL] widget=App event=Tick args=[]
[VM_EXEC] fn_name=handler_App_Tick state_obj_id=4000004 args=[]
[VM_HANDLER_OK] widget=App event=Tick
[UI_EVENT] widget="App" event="Tick" input_val=None
[VM_HANDLER_CALL] widget=App event=Tick args=[]
[VM_EXEC] fn_name=handler_App_Tick state_obj_id=4000004 args=[]
[VM_HANDLER_OK] widget=App event=Tick
[UI_EVENT] widget="App" event="Tick" input_val=None
[VM_HANDLER_CALL] widget=App event=Tick args=[]
[VM_EXEC] fn_name=handler_App_Tick state_obj_id=4000004 args=[]
[VM_HANDLER_OK] widget=App event=Tick
[UI_EVENT] widget="App" event="Tick" input_val=None
[VM_HANDLER_CALL] widget=App event=Tick args=[]
[VM_EXEC] fn_name=handler_App_Tick state_obj_id=4000004 args=[]
[VM_HANDLER_OK] widget=App event=Tick
[UI_EVENT] widget="App" event="Tick" input_val=None
[VM_HANDLER_CALL] widget=App event=Tick args=[]
[VM_EXEC] fn_name=handler_App_Tick state_obj_id=4000004 args=[]
[VM_HANDLER_OK] widget=App event=Tick
[UI_EVENT] widget="App" event="Tick" input_val=None
[VM_HANDLER_CALL] widget=App event=Tick args=[]
[VM_EXEC] fn_name=handler_App_Tick state_obj_id=4000004 args=[]
[VM_HANDLER_OK] widget=App event=Tick
[VM_HANDLER_CALL] widget=App event=Tick args=[]
[VM_EXEC] fn_name=handler_App_Tick state_obj_id=4000004 args=[]
[VM_HANDLER_OK] widget=App event=Tick
[UI_EVENT] widget="App" event="Tick" input_val=None
[VM_HANDLER_CALL] widget=App event=Tick args=[]
[VM_EXEC] fn_name=handler_App_Tick state_obj_id=4000004 args=[]
[VM_HANDLER_OK] widget=App event=Tick
[UI_EVENT] widget="App" event="Tick" input_val=None
[VM_HANDLER_CALL] widget=App event=Tick args=[]
[VM_EXEC] fn_name=handler_App_Tick state_obj_id=4000004 args=[]
[VM_HANDLER_OK] widget=App event=Tick
[UI_EVENT] widget="App" event="Tick" input_val=None
[VM_HANDLER_CALL] widget=App event=Tick args=[]
[VM_EXEC] fn_name=handler_App_Tick state_obj_id=4000004 args=[]
[VM_HANDLER_OK] widget=App event=Tick
[UI_EVENT] widget="App" event="Tick" input_val=None
[VM_HANDLER_CALL] widget=App event=Tick args=[]
[VM_EXEC] fn_name=handler_App_Tick state_obj_id=4000004 args=[]
[VM_HANDLER_OK] widget=App event=Tick
[UI_EVENT] widget="App" event="Tick" input_val=None
[VM_HANDLER_CALL] widget=App event=Tick args=[]
[VM_EXEC] fn_name=handler_App_Tick state_obj_id=4000004 args=[]
[VM_HANDLER_OK] widget=App event=Tick
[UI_EVENT] widget="App" event="Tick" input_val=None
[VM_HANDLER_CALL] widget=App event=Tick args=[]
[VM_EXEC] fn_name=handler_App_Tick state_obj_id=4000004 args=[]
[VM_HANDLER_OK] widget=App event=Tick
[UI_EVENT] widget="App" event="Tick" input_val=None
[VM_HANDLER_CALL] widget=App event=Tick args=[]
[VM_EXEC] fn_name=handler_App_Tick state_obj_id=4000004 args=[]
[VM_HANDLER_OK] widget=App event=Tick
[UI_EVENT] widget="App" event="Tick" input_val=None
[VM_HANDLER_CALL] widget=App event=Tick args=[]
[VM_EXEC] fn_name=handler_App_Tick state_obj_id=4000004 args=[]
[VM_HANDLER_OK] widget=App event=Tick
[UI_EVENT] widget="App" event="Tick" input_val=None
[VM_HANDLER_CALL] widget=App event=Tick args=[]
[VM_EXEC] fn_name=handler_App_Tick state_obj_id=4000004 args=[]
[VM_HANDLER_OK] widget=App event=Tick
[UI_EVENT] widget="App" event="Tick" input_val=None
[VM_HANDLER_CALL] widget=App event=Tick args=[]
[VM_EXEC] fn_name=handler_App_Tick state_obj_id=4000004 args=[]
[VM_HANDLER_OK] widget=App event=Tick
[UI_EVENT] widget="App" event="Tick" input_val=None
[VM_HANDLER_CALL] widget=App event=Tick args=[]
[VM_EXEC] fn_name=handler_App_Tick state_obj_id=4000004 args=[]
[VM_HANDLER_OK] widget=App event=Tick
[UI_EVENT] widget="App" event="Tick" input_val=None
[VM_HANDLER_CALL] widget=App event=Tick args=[]
[VM_EXEC] fn_name=handler_App_Tick state_obj_id=4000004 args=[]
[VM_HANDLER_OK] widget=App event=Tick
[UI_EVENT] widget="App" event="Tick" input_val=None
[VM_HANDLER_CALL] widget=App event=Tick args=[]
[VM_EXEC] fn_name=handler_App_Tick state_obj_id=4000004 args=[]
[VM_HANDLER_OK] widget=App event=Tick
[UI_EVENT] widget="App" event="Tick" input_val=None
[VM_HANDLER_CALL] widget=App event=Tick args=[]
[VM_EXEC] fn_name=handler_App_Tick state_obj_id=4000004 args=[]
[VM_HANDLER_OK] widget=App event=Tick
[UI_EVENT] widget="App" event="Tick" input_val=None
[VM_HANDLER_CALL] widget=App event=Tick args=[]
[VM_EXEC] fn_name=handler_App_Tick state_obj_id=4000004 args=[]
[VM_HANDLER_OK] widget=App event=Tick
[UI_EVENT] widget="App" event="Tick" input_val=None
[VM_HANDLER_CALL] widget=App event=Tick args=[]
[VM_EXEC] fn_name=handler_App_Tick state_obj_id=4000004 args=[]
[VM_HANDLER_OK] widget=App event=Tick
[UI_EVENT] widget="App" event="Tick" input_val=None
[VM_HANDLER_CALL] widget=App event=Tick args=[]
[VM_EXEC] fn_name=handler_App_Tick state_obj_id=4000004 args=[]
[VM_HANDLER_OK] widget=App event=Tick
[UI_EVENT] widget="App" event="Tick" input_val=None
[VM_HANDLER_CALL] widget=App event=Tick args=[]
[VM_EXEC] fn_name=handler_App_Tick state_obj_id=4000004 args=[]
[VM_HANDLER_OK] widget=App event=Tick
[UI_EVENT] widget="App" event="Tick" input_val=None
[VM_HANDLER_CALL] widget=App event=Tick args=[]
[VM_EXEC] fn_name=handler_App_Tick state_obj_id=4000004 args=[]
[VM_HANDLER_OK] widget=App event=Tick
[UI_EVENT] widget="App" event="Tick" input_val=None
[VM_HANDLER_CALL] widget=App event=Tick args=[]
[VM_EXEC] fn_name=handler_App_Tick state_obj_id=4000004 args=[]
[VM_HANDLER_OK] widget=App event=Tick
[VM_HANDLER_CALL] widget=App event=Tick args=[]
[VM_EXEC] fn_name=handler_App_Tick state_obj_id=4000004 args=[]
[VM_HANDLER_OK] widget=App event=Tick
[UI_EVENT] widget="App" event="Tick" input_val=None
[VM_HANDLER_CALL] widget=App event=Tick args=[]
[VM_EXEC] fn_name=handler_App_Tick state_obj_id=4000004 args=[]
[VM_HANDLER_OK] widget=App event=Tick
[UI_EVENT] widget="App" event="Tick" input_val=None
[VM_HANDLER_CALL] widget=App event=Tick args=[]
[VM_EXEC] fn_name=handler_App_Tick state_obj_id=4000004 args=[]
[VM_HANDLER_OK] widget=App event=Tick
[UI_EVENT] widget="App" event="Tick" input_val=None
[VM_HANDLER_CALL] widget=App event=Tick args=[]
[VM_EXEC] fn_name=handler_App_Tick state_obj_id=4000004 args=[]
[VM_HANDLER_OK] widget=App event=Tick
[UI_EVENT] widget="App" event="Tick" input_val=None
[VM_HANDLER_CALL] widget=App event=Tick args=[]
[VM_EXEC] fn_name=handler_App_Tick state_obj_id=4000004 args=[]
[VM_HANDLER_OK] widget=App event=Tick
[UI_EVENT] widget="App" event="Tick" input_val=None
[VM_HANDLER_CALL] widget=App event=Tick args=[]
[VM_EXEC] fn_name=handler_App_Tick state_obj_id=4000004 args=[]
[VM_HANDLER_OK] widget=App event=Tick
[UI_EVENT] widget="App" event="Tick" input_val=None
[VM_HANDLER_CALL] widget=App event=Tick args=[]
[VM_EXEC] fn_name=handler_App_Tick state_obj_id=4000004 args=[]
[VM_HANDLER_OK] widget=App event=Tick
[UI_EVENT] widget="App" event="Tick" input_val=None
[VM_HANDLER_CALL] widget=App event=Tick args=[]
[VM_EXEC] fn_name=handler_App_Tick state_obj_id=4000004 args=[]
[VM_HANDLER_OK] widget=App event=Tick
[UI_EVENT] widget="App" event="Tick" input_val=None
[VM_HANDLER_CALL] widget=App event=Tick args=[]
[VM_EXEC] fn_name=handler_App_Tick state_obj_id=4000004 args=[]
[VM_HANDLER_OK] widget=App event=Tick
[UI_EVENT] widget="App" event="Tick" input_val=None
[VM_HANDLER_CALL] widget=App event=Tick args=[]
[VM_EXEC] fn_name=handler_App_Tick state_obj_id=4000004 args=[]
[VM_HANDLER_OK] widget=App event=Tick
[UI_EVENT] widget="App" event="Tick" input_val=None
[VM_HANDLER_CALL] widget=App event=Tick args=[]
[VM_EXEC] fn_name=handler_App_Tick state_obj_id=4000004 args=[]
[VM_HANDLER_OK] widget=App event=Tick
[UI_EVENT] widget="App" event="Tick" input_val=None
[VM_HANDLER_CALL] widget=App event=Tick args=[]
[VM_EXEC] fn_name=handler_App_Tick state_obj_id=4000004 args=[]
[VM_HANDLER_OK] widget=App event=Tick
[UI_EVENT] widget="App" event="Tick" input_val=None
[VM_HANDLER_CALL] widget=App event=Tick args=[]
[VM_EXEC] fn_name=handler_App_Tick state_obj_id=4000004 args=[]
[VM_HANDLER_OK] widget=App event=Tick
[UI_EVENT] widget="App" event="Tick" input_val=None
[VM_HANDLER_CALL] widget=App event=Tick args=[]
[VM_EXEC] fn_name=handler_App_Tick state_obj_id=4000004 args=[]
[VM_HANDLER_OK] widget=App event=Tick
[UI_EVENT] widget="App" event="Tick" input_val=None
[VM_HANDLER_CALL] widget=App event=Tick args=[]
[VM_EXEC] fn_name=handler_App_Tick state_obj_id=4000004 args=[]
[VM_HANDLER_OK] widget=App event=Tick
[UI_EVENT] widget="App" event="Tick" input_val=None
[VM_HANDLER_CALL] widget=App event=Tick args=[]
[VM_EXEC] fn_name=handler_App_Tick state_obj_id=4000004 args=[]
[VM_HANDLER_OK] widget=App event=Tick
[UI_EVENT] widget="App" event="Tick" input_val=None
[VM_HANDLER_CALL] widget=App event=Tick args=[]
[VM_EXEC] fn_name=handler_App_Tick state_obj_id=4000004 args=[]
[VM_HANDLER_OK] widget=App event=Tick
[UI_EVENT] widget="App" event="Tick" input_val=None
[VM_HANDLER_CALL] widget=App event=Tick args=[]
[VM_EXEC] fn_name=handler_App_Tick state_obj_id=4000004 args=[]
[VM_HANDLER_OK] widget=App event=Tick
[UI_EVENT] widget="App" event="Tick" input_val=None
[VM_HANDLER_CALL] widget=App event=Tick args=[]
[VM_EXEC] fn_name=handler_App_Tick state_obj_id=4000004 args=[]
[VM_HANDLER_OK] widget=App event=Tick
[UI_EVENT] widget="App" event="Tick" input_val=None
[VM_HANDLER_CALL] widget=App event=Tick args=[]
[VM_EXEC] fn_name=handler_App_Tick state_obj_id=4000004 args=[]
[VM_HANDLER_OK] widget=App event=Tick
[VM_HANDLER_CALL] widget=App event=Tick args=[]
[VM_EXEC] fn_name=handler_App_Tick state_obj_id=4000004 args=[]
[VM_HANDLER_OK] widget=App event=Tick
[UI_EVENT] widget="App" event="Tick" input_val=None
[VM_HANDLER_CALL] widget=App event=Tick args=[]
[VM_EXEC] fn_name=handler_App_Tick state_obj_id=4000004 args=[]
[VM_HANDLER_OK] widget=App event=Tick
[UI_EVENT] widget="App" event="Tick" input_val=None
[VM_HANDLER_CALL] widget=App event=Tick args=[]
[VM_EXEC] fn_name=handler_App_Tick state_obj_id=4000004 args=[]
[VM_HANDLER_OK] widget=App event=Tick
[UI_EVENT] widget="App" event="Tick" input_val=None
[VM_HANDLER_CALL] widget=App event=Tick args=[]
[VM_EXEC] fn_name=handler_App_Tick state_obj_id=4000004 args=[]
[VM_HANDLER_OK] widget=App event=Tick
[UI_EVENT] widget="App" event="Tick" input_val=None
[VM_HANDLER_CALL] widget=App event=Tick args=[]
[VM_EXEC] fn_name=handler_App_Tick state_obj_id=4000004 args=[]
[VM_HANDLER_OK] widget=App event=Tick
[UI_EVENT] widget="App" event="Tick" input_val=None
[VM_HANDLER_CALL] widget=App event=Tick args=[]
[VM_EXEC] fn_name=handler_App_Tick state_obj_id=4000004 args=[]
[VM_HANDLER_OK] widget=App event=Tick
[UI_EVENT] widget="App" event="Tick" input_val=None
[VM_HANDLER_CALL] widget=App event=Tick args=[]
[VM_EXEC] fn_name=handler_App_Tick state_obj_id=4000004 args=[]
[VM_HANDLER_OK] widget=App event=Tick
[UI_EVENT] widget="App" event="Tick" input_val=None
[VM_HANDLER_CALL] widget=App event=Tick args=[]
[VM_EXEC] fn_name=handler_App_Tick state_obj_id=4000004 args=[]
[VM_HANDLER_OK] widget=App event=Tick
[UI_EVENT] widget="App" event="Tick" input_val=None
[VM_HANDLER_CALL] widget=App event=Tick args=[]
[VM_EXEC] fn_name=handler_App_Tick state_obj_id=4000004 args=[]
[VM_HANDLER_OK] widget=App event=Tick
[UI_EVENT] widget="App" event="Tick" input_val=None
[VM_HANDLER_CALL] widget=App event=Tick args=[]
[VM_EXEC] fn_name=handler_App_Tick state_obj_id=4000004 args=[]
[VM_HANDLER_OK] widget=App event=Tick
[UI_EVENT] widget="App" event="Tick" input_val=None
[VM_HANDLER_CALL] widget=App event=Tick args=[]
[VM_EXEC] fn_name=handler_App_Tick state_obj_id=4000004 args=[]
[VM_HANDLER_OK] widget=App event=Tick
[UI_EVENT] widget="App" event="Tick" input_val=None
[VM_HANDLER_CALL] widget=App event=Tick args=[]
[VM_EXEC] fn_name=handler_App_Tick state_obj_id=4000004 args=[]
[VM_HANDLER_OK] widget=App event=Tick
[UI_EVENT] widget="App" event="Tick" input_val=None
[VM_HANDLER_CALL] widget=App event=Tick args=[]
[VM_EXEC] fn_name=handler_App_Tick state_obj_id=4000004 args=[]
[VM_HANDLER_OK] widget=App event=Tick
[UI_EVENT] widget="App" event="Tick" input_val=None
[VM_HANDLER_CALL] widget=App event=Tick args=[]
[VM_EXEC] fn_name=handler_App_Tick state_obj_id=4000004 args=[]
[VM_HANDLER_OK] widget=App event=Tick
[UI_EVENT] widget="App" event="Tick" input_val=None
[VM_HANDLER_CALL] widget=App event=Tick args=[]
[VM_EXEC] fn_name=handler_App_Tick state_obj_id=4000004 args=[]
[VM_HANDLER_OK] widget=App event=Tick
[UI_EVENT] widget="App" event="Tick" input_val=None
[VM_HANDLER_CALL] widget=App event=Tick args=[]
[VM_EXEC] fn_name=handler_App_Tick state_obj_id=4000004 args=[]
[VM_HANDLER_OK] widget=App event=Tick
[UI_EVENT] widget="App" event="Tick" input_val=None
[VM_HANDLER_CALL] widget=App event=Tick args=[]
[VM_EXEC] fn_name=handler_App_Tick state_obj_id=4000004 args=[]
[VM_HANDLER_OK] widget=App event=Tick
[UI_EVENT] widget="App" event="Tick" input_val=None
[VM_HANDLER_CALL] widget=App event=Tick args=[]
[VM_EXEC] fn_name=handler_App_Tick state_obj_id=4000004 args=[]
[VM_HANDLER_OK] widget=App event=Tick
[UI_EVENT] widget="App" event="Tick" input_val=None
[VM_HANDLER_CALL] widget=App event=Tick args=[]
[VM_EXEC] fn_name=handler_App_Tick state_obj_id=4000004 args=[]
[VM_HANDLER_OK] widget=App event=Tick
[UI_EVENT] widget="App" event="Tick" input_val=None
[VM_HANDLER_CALL] widget=App event=Tick args=[]
[VM_EXEC] fn_name=handler_App_Tick state_obj_id=4000004 args=[]
[VM_HANDLER_OK] widget=App event=Tick
[UI_EVENT] widget="App" event="Tick" input_val=None
[VM_HANDLER_CALL] widget=App event=Tick args=[]
[VM_EXEC] fn_name=handler_App_Tick state_obj_id=4000004 args=[]
[VM_HANDLER_OK] widget=App event=Tick
[UI_EVENT] widget="App" event="Tick" input_val=None
[VM_HANDLER_CALL] widget=App event=Tick args=[]
[VM_EXEC] fn_name=handler_App_Tick state_obj_id=4000004 args=[]
[VM_HANDLER_OK] widget=App event=Tick
[VM_HANDLER_CALL] widget=App event=Tick args=[]
[VM_EXEC] fn_name=handler_App_Tick state_obj_id=4000004 args=[]
[VM_HANDLER_OK] widget=App event=Tick
[UI_EVENT] widget="App" event="Tick" input_val=None
[VM_HANDLER_CALL] widget=App event=Tick args=[]
[VM_EXEC] fn_name=handler_App_Tick state_obj_id=4000004 args=[]
[VM_HANDLER_OK] widget=App event=Tick
[UI_EVENT] widget="App" event="Tick" input_val=None
[VM_HANDLER_CALL] widget=App event=Tick args=[]
[VM_EXEC] fn_name=handler_App_Tick state_obj_id=4000004 args=[]
[VM_HANDLER_OK] widget=App event=Tick
[UI_EVENT] widget="App" event="Tick" input_val=None
[VM_HANDLER_CALL] widget=App event=Tick args=[]
[VM_EXEC] fn_name=handler_App_Tick state_obj_id=4000004 args=[]
[VM_HANDLER_OK] widget=App event=Tick
[UI_EVENT] widget="App" event="Tick" input_val=None
[VM_HANDLER_CALL] widget=App event=Tick args=[]
[VM_EXEC] fn_name=handler_App_Tick state_obj_id=4000004 args=[]
[VM_HANDLER_OK] widget=App event=Tick
[UI_EVENT] widget="App" event="Tick" input_val=None
[VM_HANDLER_CALL] widget=App event=Tick args=[]
[VM_EXEC] fn_name=handler_App_Tick state_obj_id=4000004 args=[]
[VM_HANDLER_OK] widget=App event=Tick
[UI_EVENT] widget="App" event="Tick" input_val=None
[VM_HANDLER_CALL] widget=App event=Tick args=[]
[VM_EXEC] fn_name=handler_App_Tick state_obj_id=4000004 args=[]
[VM_HANDLER_OK] widget=App event=Tick
[UI_EVENT] widget="App" event="Tick" input_val=None
[VM_HANDLER_CALL] widget=App event=Tick args=[]
[VM_EXEC] fn_name=handler_App_Tick state_obj_id=4000004 args=[]
[VM_HANDLER_OK] widget=App event=Tick
[UI_EVENT] widget="App" event="Tick" input_val=None
[VM_HANDLER_CALL] widget=App event=Tick args=[]
[VM_EXEC] fn_name=handler_App_Tick state_obj_id=4000004 args=[]
[VM_HANDLER_OK] widget=App event=Tick
[UI_EVENT] widget="App" event="Tick" input_val=None
[VM_HANDLER_CALL] widget=App event=Tick args=[]
[VM_EXEC] fn_name=handler_App_Tick state_obj_id=4000004 args=[]
[VM_HANDLER_OK] widget=App event=Tick
[UI_EVENT] widget="App" event="Tick" input_val=None
[VM_HANDLER_CALL] widget=App event=Tick args=[]
[VM_EXEC] fn_name=handler_App_Tick state_obj_id=4000004 args=[]
[VM_HANDLER_OK] widget=App event=Tick
[UI_EVENT] widget="App" event="Tick" input_val=None
[VM_HANDLER_CALL] widget=App event=Tick args=[]
[VM_EXEC] fn_name=handler_App_Tick state_obj_id=4000004 args=[]
[VM_HANDLER_OK] widget=App event=Tick
[UI_EVENT] widget="App" event="Tick" input_val=None
[VM_HANDLER_CALL] widget=App event=Tick args=[]
[VM_EXEC] fn_name=handler_App_Tick state_obj_id=4000004 args=[]
[VM_HANDLER_OK] widget=App event=Tick
[UI_EVENT] widget="App" event="Tick" input_val=None
[VM_HANDLER_CALL] widget=App event=Tick args=[]
[VM_EXEC] fn_name=handler_App_Tick state_obj_id=4000004 args=[]
[VM_HANDLER_OK] widget=App event=Tick
[UI_EVENT] widget="App" event="Tick" input_val=None
[VM_HANDLER_CALL] widget=App event=Tick args=[]
[VM_EXEC] fn_name=handler_App_Tick state_obj_id=4000004 args=[]
[VM_HANDLER_OK] widget=App event=Tick
[UI_EVENT] widget="App" event="Tick" input_val=None
[VM_HANDLER_CALL] widget=App event=Tick args=[]
[VM_EXEC] fn_name=handler_App_Tick state_obj_id=4000004 args=[]
[VM_HANDLER_OK] widget=App event=Tick
[UI_EVENT] widget="App" event="Tick" input_val=None
[VM_HANDLER_CALL] widget=App event=Tick args=[]
[VM_EXEC] fn_name=handler_App_Tick state_obj_id=4000004 args=[]
[VM_HANDLER_OK] widget=App event=Tick
[UI_EVENT] widget="App" event="Tick" input_val=None
[VM_HANDLER_CALL] widget=App event=Tick args=[]
[VM_EXEC] fn_name=handler_App_Tick state_obj_id=4000004 args=[]
[VM_HANDLER_OK] widget=App event=Tick
[UI_EVENT] widget="App" event="Tick" input_val=None
[VM_HANDLER_CALL] widget=App event=Tick args=[]
[VM_EXEC] fn_name=handler_App_Tick state_obj_id=4000004 args=[]
[VM_HANDLER_OK] widget=App event=Tick
[UI_EVENT] widget="App" event="Tick" input_val=None
[VM_HANDLER_CALL] widget=App event=Tick args=[]
[VM_EXEC] fn_name=handler_App_Tick state_obj_id=4000004 args=[]
[VM_HANDLER_OK] widget=App event=Tick
[UI_EVENT] widget="App" event="Tick" input_val=None
[VM_HANDLER_CALL] widget=App event=Tick args=[]
[VM_EXEC] fn_name=handler_App_Tick state_obj_id=4000004 args=[]
[VM_HANDLER_OK] widget=App event=Tick
[VM_HANDLER_CALL] widget=App event=Tick args=[]
[VM_EXEC] fn_name=handler_App_Tick state_obj_id=4000004 args=[]
[VM_HANDLER_OK] widget=App event=Tick
[UI_EVENT] widget="App" event="Tick" input_val=None
[VM_HANDLER_CALL] widget=App event=Tick args=[]
[VM_EXEC] fn_name=handler_App_Tick state_obj_id=4000004 args=[]
[VM_HANDLER_OK] widget=App event=Tick
[UI_EVENT] widget="App" event="Tick" input_val=None
[VM_HANDLER_CALL] widget=App event=Tick args=[]
[VM_EXEC] fn_name=handler_App_Tick state_obj_id=4000004 args=[]
[VM_HANDLER_OK] widget=App event=Tick
[UI_EVENT] widget="App" event="Tick" input_val=None
[VM_HANDLER_CALL] widget=App event=Tick args=[]
[VM_EXEC] fn_name=handler_App_Tick state_obj_id=4000004 args=[]
[VM_HANDLER_OK] widget=App event=Tick
[UI_EVENT] widget="App" event="Tick" input_val=None
[VM_HANDLER_CALL] widget=App event=Tick args=[]
[VM_EXEC] fn_name=handler_App_Tick state_obj_id=4000004 args=[]
[VM_HANDLER_OK] widget=App event=Tick
[UI_EVENT] widget="App" event="Tick" input_val=None
[VM_HANDLER_CALL] widget=App event=Tick args=[]
[VM_EXEC] fn_name=handler_App_Tick state_obj_id=4000004 args=[]
[VM_HANDLER_OK] widget=App event=Tick
[UI_EVENT] widget="App" event="Tick" input_val=None
[VM_HANDLER_CALL] widget=App event=Tick args=[]
[VM_EXEC] fn_name=handler_App_Tick state_obj_id=4000004 args=[]
[VM_HANDLER_OK] widget=App event=Tick
[UI_EVENT] widget="App" event="Tick" input_val=None
[VM_HANDLER_CALL] widget=App event=Tick args=[]
[VM_EXEC] fn_name=handler_App_Tick state_obj_id=4000004 args=[]
[VM_HANDLER_OK] widget=App event=Tick
[UI_EVENT] widget="App" event="Tick" input_val=None
[VM_HANDLER_CALL] widget=App event=Tick args=[]
[VM_EXEC] fn_name=handler_App_Tick state_obj_id=4000004 args=[]
[VM_HANDLER_OK] widget=App event=Tick
[UI_EVENT] widget="App" event="Tick" input_val=None
[VM_HANDLER_CALL] widget=App event=Tick args=[]
[VM_EXEC] fn_name=handler_App_Tick state_obj_id=4000004 args=[]
[VM_HANDLER_OK] widget=App event=Tick
[UI_EVENT] widget="App" event="Tick" input_val=None
[VM_HANDLER_CALL] widget=App event=Tick args=[]
[VM_EXEC] fn_name=handler_App_Tick state_obj_id=4000004 args=[]
[VM_HANDLER_OK] widget=App event=Tick
[UI_EVENT] widget="App" event="Tick" input_val=None
[VM_HANDLER_CALL] widget=App event=Tick args=[]
[VM_EXEC] fn_name=handler_App_Tick state_obj_id=4000004 args=[]
[VM_HANDLER_OK] widget=App event=Tick
[UI_EVENT] widget="App" event="Tick" input_val=None
[VM_HANDLER_CALL] widget=App event=Tick args=[]
[VM_EXEC] fn_name=handler_App_Tick state_obj_id=4000004 args=[]
[VM_HANDLER_OK] widget=App event=Tick
[UI_EVENT] widget="App" event="Tick" input_val=None
[VM_HANDLER_CALL] widget=App event=Tick args=[]
[VM_EXEC] fn_name=handler_App_Tick state_obj_id=4000004 args=[]
[VM_HANDLER_OK] widget=App event=Tick
[UI_EVENT] widget="App" event="Tick" input_val=None
[VM_HANDLER_CALL] widget=App event=Tick args=[]
[VM_EXEC] fn_name=handler_App_Tick state_obj_id=4000004 args=[]
[VM_HANDLER_OK] widget=App event=Tick
[UI_EVENT] widget="App" event="Tick" input_val=None
[VM_HANDLER_CALL] widget=App event=Tick args=[]
[VM_EXEC] fn_name=handler_App_Tick state_obj_id=4000004 args=[]
[VM_HANDLER_OK] widget=App event=Tick
[UI_EVENT] widget="App" event="Tick" input_val=None
[VM_HANDLER_CALL] widget=App event=Tick args=[]
[VM_EXEC] fn_name=handler_App_Tick state_obj_id=4000004 args=[]
[VM_HANDLER_OK] widget=App event=Tick
[UI_EVENT] widget="App" event="Tick" input_val=None
[VM_HANDLER_CALL] widget=App event=Tick args=[]
[VM_EXEC] fn_name=handler_App_Tick state_obj_id=4000004 args=[]
[VM_HANDLER_OK] widget=App event=Tick
[UI_EVENT] widget="App" event="Tick" input_val=None
[VM_HANDLER_CALL] widget=App event=Tick args=[]
[VM_EXEC] fn_name=handler_App_Tick state_obj_id=4000004 args=[]
[VM_HANDLER_OK] widget=App event=Tick
[UI_EVENT] widget="App" event="Tick" input_val=None
[VM_HANDLER_CALL] widget=App event=Tick args=[]
[VM_EXEC] fn_name=handler_App_Tick state_obj_id=4000004 args=[]
[VM_HANDLER_OK] widget=App event=Tick
[VM_HANDLER_CALL] widget=App event=Tick args=[]
[VM_EXEC] fn_name=handler_App_Tick state_obj_id=4000004 args=[]
[VM_HANDLER_OK] widget=App event=Tick
[UI_EVENT] widget="App" event="Tick" input_val=None
[VM_HANDLER_CALL] widget=App event=Tick args=[]
[VM_EXEC] fn_name=handler_App_Tick state_obj_id=4000004 args=[]
[VM_HANDLER_OK] widget=App event=Tick
[UI_EVENT] widget="App" event="Tick" input_val=None
[VM_HANDLER_CALL] widget=App event=Tick args=[]
[VM_EXEC] fn_name=handler_App_Tick state_obj_id=4000004 args=[]
[VM_HANDLER_OK] widget=App event=Tick
[UI_EVENT] widget="App" event="Tick" input_val=None
[VM_HANDLER_CALL] widget=App event=Tick args=[]
[VM_EXEC] fn_name=handler_App_Tick state_obj_id=4000004 args=[]
[VM_HANDLER_OK] widget=App event=Tick
[UI_EVENT] widget="App" event="Tick" input_val=None
[VM_HANDLER_CALL] widget=App event=Tick args=[]
[VM_EXEC] fn_name=handler_App_Tick state_obj_id=4000004 args=[]
[VM_HANDLER_OK] widget=App event=Tick
[UI_EVENT] widget="App" event="Tick" input_val=None
[VM_HANDLER_CALL] widget=App event=Tick args=[]
[VM_EXEC] fn_name=handler_App_Tick state_obj_id=4000004 args=[]
[VM_HANDLER_OK] widget=App event=Tick
[UI_EVENT] widget="App" event="Tick" input_val=None
[VM_HANDLER_CALL] widget=App event=Tick args=[]
[VM_EXEC] fn_name=handler_App_Tick state_obj_id=4000004 args=[]
[VM_HANDLER_OK] widget=App event=Tick
[UI_EVENT] widget="App" event="Tick" input_val=None
[VM_HANDLER_CALL] widget=App event=Tick args=[]
[VM_EXEC] fn_name=handler_App_Tick state_obj_id=4000004 args=[]
[VM_HANDLER_OK] widget=App event=Tick
[UI_EVENT] widget="App" event="Tick" input_val=None
[VM_HANDLER_CALL] widget=App event=Tick args=[]
[VM_EXEC] fn_name=handler_App_Tick state_obj_id=4000004 args=[]
[VM_HANDLER_OK] widget=App event=Tick
[UI_EVENT] widget="App" event="Tick" input_val=None
[VM_HANDLER_CALL] widget=App event=Tick args=[]
[VM_EXEC] fn_name=handler_App_Tick state_obj_id=4000004 args=[]
[VM_HANDLER_OK] widget=App event=Tick
[UI_EVENT] widget="App" event="Tick" input_val=None
[VM_HANDLER_CALL] widget=App event=Tick args=[]
[VM_EXEC] fn_name=handler_App_Tick state_obj_id=4000004 args=[]
[VM_HANDLER_OK] widget=App event=Tick
[UI_EVENT] widget="App" event="Tick" input_val=None
[VM_HANDLER_CALL] widget=App event=Tick args=[]
[VM_EXEC] fn_name=handler_App_Tick state_obj_id=4000004 args=[]
[VM_HANDLER_OK] widget=App event=Tick
[UI_EVENT] widget="App" event="Tick" input_val=None
[VM_HANDLER_CALL] widget=App event=Tick args=[]
[VM_EXEC] fn_name=handler_App_Tick state_obj_id=4000004 args=[]
[VM_HANDLER_OK] widget=App event=Tick
[UI_EVENT] widget="App" event="Tick" input_val=None
[VM_HANDLER_CALL] widget=App event=Tick args=[]
[VM_EXEC] fn_name=handler_App_Tick state_obj_id=4000004 args=[]
[VM_HANDLER_OK] widget=App event=Tick
[UI_EVENT] widget="App" event="Tick" input_val=None
[VM_HANDLER_CALL] widget=App event=Tick args=[]
[VM_EXEC] fn_name=handler_App_Tick state_obj_id=4000004 args=[]
[VM_HANDLER_OK] widget=App event=Tick
[UI_EVENT] widget="App" event="Tick" input_val=None
[VM_HANDLER_CALL] widget=App event=Tick args=[]
[VM_EXEC] fn_name=handler_App_Tick state_obj_id=4000004 args=[]
[VM_HANDLER_OK] widget=App event=Tick
[UI_EVENT] widget="App" event="Tick" input_val=None
[VM_HANDLER_CALL] widget=App event=Tick args=[]
[VM_EXEC] fn_name=handler_App_Tick state_obj_id=4000004 args=[]
[VM_HANDLER_OK] widget=App event=Tick
[UI_EVENT] widget="App" event="Tick" input_val=None
[VM_HANDLER_CALL] widget=App event=Tick args=[]
[VM_EXEC] fn_name=handler_App_Tick state_obj_id=4000004 args=[]
[VM_HANDLER_OK] widget=App event=Tick
[UI_EVENT] widget="App" event="Tick" input_val=None
[VM_HANDLER_CALL] widget=App event=Tick args=[]
[VM_EXEC] fn_name=handler_App_Tick state_obj_id=4000004 args=[]
[VM_HANDLER_OK] widget=App event=Tick
[UI_EVENT] widget="App" event="Tick" input_val=None
[VM_HANDLER_CALL] widget=App event=Tick args=[]
[VM_EXEC] fn_name=handler_App_Tick state_obj_id=4000004 args=[]
[VM_HANDLER_OK] widget=App event=Tick
[UI_EVENT] widget="App" event="Tick" input_val=None
[VM_HANDLER_CALL] widget=App event=Tick args=[]
[VM_EXEC] fn_name=handler_App_Tick state_obj_id=4000004 args=[]
[VM_HANDLER_OK] widget=App event=Tick
[VM_HANDLER_CALL] widget=App event=Tick args=[]
[VM_EXEC] fn_name=handler_App_Tick state_obj_id=4000004 args=[]
[VM_HANDLER_OK] widget=App event=Tick
[UI_EVENT] widget="App" event="Tick" input_val=None
[VM_HANDLER_CALL] widget=App event=Tick args=[]
[VM_EXEC] fn_name=handler_App_Tick state_obj_id=4000004 args=[]
[VM_HANDLER_OK] widget=App event=Tick
[UI_EVENT] widget="App" event="Tick" input_val=None
[VM_HANDLER_CALL] widget=App event=Tick args=[]
[VM_EXEC] fn_name=handler_App_Tick state_obj_id=4000004 args=[]
[VM_HANDLER_OK] widget=App event=Tick
[UI_EVENT] widget="App" event="Tick" input_val=None
[VM_HANDLER_CALL] widget=App event=Tick args=[]
[VM_EXEC] fn_name=handler_App_Tick state_obj_id=4000004 args=[]
[VM_HANDLER_OK] widget=App event=Tick
[UI_EVENT] widget="App" event="Tick" input_val=None
[VM_HANDLER_CALL] widget=App event=Tick args=[]
[VM_EXEC] fn_name=handler_App_Tick state_obj_id=4000004 args=[]
[VM_HANDLER_OK] widget=App event=Tick
[UI_EVENT] widget="App" event="Tick" input_val=None
[VM_HANDLER_CALL] widget=App event=Tick args=[]
[VM_EXEC] fn_name=handler_App_Tick state_obj_id=4000004 args=[]
[VM_HANDLER_OK] widget=App event=Tick
[UI_EVENT] widget="App" event="Tick" input_val=None
[VM_HANDLER_CALL] widget=App event=Tick args=[]
[VM_EXEC] fn_name=handler_App_Tick state_obj_id=4000004 args=[]
[VM_HANDLER_OK] widget=App event=Tick
[UI_EVENT] widget="App" event="Tick" input_val=None
[VM_HANDLER_CALL] widget=App event=Tick args=[]
[VM_EXEC] fn_name=handler_App_Tick state_obj_id=4000004 args=[]
[VM_HANDLER_OK] widget=App event=Tick
[UI_EVENT] widget="App" event="Tick" input_val=None
[VM_HANDLER_CALL] widget=App event=Tick args=[]
[VM_EXEC] fn_name=handler_App_Tick state_obj_id=4000004 args=[]
[VM_HANDLER_OK] widget=App event=Tick
[UI_EVENT] widget="App" event="Tick" input_val=None
[VM_HANDLER_CALL] widget=App event=Tick args=[]
[VM_EXEC] fn_name=handler_App_Tick state_obj_id=4000004 args=[]
[VM_HANDLER_OK] widget=App event=Tick
[UI_EVENT] widget="App" event="Tick" input_val=None
[VM_HANDLER_CALL] widget=App event=Tick args=[]
[VM_EXEC] fn_name=handler_App_Tick state_obj_id=4000004 args=[]
[VM_HANDLER_OK] widget=App event=Tick
[UI_EVENT] widget="App" event="Tick" input_val=None
[VM_HANDLER_CALL] widget=App event=Tick args=[]
[VM_EXEC] fn_name=handler_App_Tick state_obj_id=4000004 args=[]
[VM_HANDLER_OK] widget=App event=Tick
[UI_EVENT] widget="App" event="Tick" input_val=None
[VM_HANDLER_CALL] widget=App event=Tick args=[]
[VM_EXEC] fn_name=handler_App_Tick state_obj_id=4000004 args=[]
[VM_HANDLER_OK] widget=App event=Tick
[UI_EVENT] widget="App" event="Tick" input_val=None
[VM_HANDLER_CALL] widget=App event=Tick args=[]
[VM_EXEC] fn_name=handler_App_Tick state_obj_id=4000004 args=[]
[VM_HANDLER_OK] widget=App event=Tick
[UI_EVENT] widget="App" event="Tick" input_val=None
[VM_HANDLER_CALL] widget=App event=Tick args=[]
[VM_EXEC] fn_name=handler_App_Tick state_obj_id=4000004 args=[]
[VM_HANDLER_OK] widget=App event=Tick
[UI_EVENT] widget="App" event="Tick" input_val=None
[VM_HANDLER_CALL] widget=App event=Tick args=[]
[VM_EXEC] fn_name=handler_App_Tick state_obj_id=4000004 args=[]
[VM_HANDLER_OK] widget=App event=Tick
[UI_EVENT] widget="App" event="Tick" input_val=None
[VM_HANDLER_CALL] widget=App event=Tick args=[]
[VM_EXEC] fn_name=handler_App_Tick state_obj_id=4000004 args=[]
[VM_HANDLER_OK] widget=App event=Tick
[UI_EVENT] widget="App" event="Tick" input_val=None
[VM_HANDLER_CALL] widget=App event=Tick args=[]
[VM_EXEC] fn_name=handler_App_Tick state_obj_id=4000004 args=[]
[VM_HANDLER_OK] widget=App event=Tick
[UI_EVENT] widget="App" event="Tick" input_val=None
[VM_HANDLER_CALL] widget=App event=Tick args=[]
[VM_EXEC] fn_name=handler_App_Tick state_obj_id=4000004 args=[]
[VM_HANDLER_OK] widget=App event=Tick
[UI_EVENT] widget="App" event="Tick" input_val=None
[VM_HANDLER_CALL] widget=App event=Tick args=[]
[VM_EXEC] fn_name=handler_App_Tick state_obj_id=4000004 args=[]
[VM_HANDLER_OK] widget=App event=Tick
[UI_EVENT] widget="App" event="Tick" input_val=None
[VM_HANDLER_CALL] widget=App event=Tick args=[]
[VM_EXEC] fn_name=handler_App_Tick state_obj_id=4000004 args=[]
[VM_HANDLER_OK] widget=App event=Tick
[UI_EVENT] widget="App" event="Tick" input_val=None
[VM_HANDLER_CALL] widget=App event=Tick args=[]
[VM_EXEC] fn_name=handler_App_Tick state_obj_id=4000004 args=[]
[VM_HANDLER_OK] widget=App event=Tick
[VM_HANDLER_CALL] widget=App event=Tick args=[]
[VM_EXEC] fn_name=handler_App_Tick state_obj_id=4000004 args=[]
[VM_HANDLER_OK] widget=App event=Tick
[UI_EVENT] widget="App" event="Tick" input_val=None
[VM_HANDLER_CALL] widget=App event=Tick args=[]
[VM_EXEC] fn_name=handler_App_Tick state_obj_id=4000004 args=[]
[VM_HANDLER_OK] widget=App event=Tick
[UI_EVENT] widget="App" event="Tick" input_val=None
[VM_HANDLER_CALL] widget=App event=Tick args=[]
[VM_EXEC] fn_name=handler_App_Tick state_obj_id=4000004 args=[]
[VM_HANDLER_OK] widget=App event=Tick
[UI_EVENT] widget="App" event="Tick" input_val=None
[VM_HANDLER_CALL] widget=App event=Tick args=[]
[VM_EXEC] fn_name=handler_App_Tick state_obj_id=4000004 args=[]
[VM_HANDLER_OK] widget=App event=Tick
[UI_EVENT] widget="App" event="Tick" input_val=None
[VM_HANDLER_CALL] widget=App event=Tick args=[]
[VM_EXEC] fn_name=handler_App_Tick state_obj_id=4000004 args=[]
[VM_HANDLER_OK] widget=App event=Tick
[UI_EVENT] widget="App" event="Tick" input_val=None
[VM_HANDLER_CALL] widget=App event=Tick args=[]
[VM_EXEC] fn_name=handler_App_Tick state_obj_id=4000004 args=[]
[VM_HANDLER_OK] widget=App event=Tick
[UI_EVENT] widget="App" event="Tick" input_val=None
[VM_HANDLER_CALL] widget=App event=Tick args=[]
[VM_EXEC] fn_name=handler_App_Tick state_obj_id=4000004 args=[]
[VM_HANDLER_OK] widget=App event=Tick
[UI_EVENT] widget="App" event="Tick" input_val=None
[VM_HANDLER_CALL] widget=App event=Tick args=[]
[VM_EXEC] fn_name=handler_App_Tick state_obj_id=4000004 args=[]
[VM_HANDLER_OK] widget=App event=Tick
[UI_EVENT] widget="App" event="Tick" input_val=None
[VM_HANDLER_CALL] widget=App event=Tick args=[]
[VM_EXEC] fn_name=handler_App_Tick state_obj_id=4000004 args=[]
[VM_HANDLER_OK] widget=App event=Tick
[UI_EVENT] widget="App" event="Tick" input_val=None
[VM_HANDLER_CALL] widget=App event=Tick args=[]
[VM_EXEC] fn_name=handler_App_Tick state_obj_id=4000004 args=[]
[VM_HANDLER_OK] widget=App event=Tick
[UI_EVENT] widget="App" event="Tick" input_val=None
[VM_HANDLER_CALL] widget=App event=Tick args=[]
[VM_EXEC] fn_name=handler_App_Tick state_obj_id=4000004 args=[]
[VM_HANDLER_OK] widget=App event=Tick
[UI_EVENT] widget="App" event="Tick" input_val=None
[VM_HANDLER_CALL] widget=App event=Tick args=[]
[VM_EXEC] fn_name=handler_App_Tick state_obj_id=4000004 args=[]
[VM_HANDLER_OK] widget=App event=Tick
[UI_EVENT] widget="App" event="Tick" input_val=None
[VM_HANDLER_CALL] widget=App event=Tick args=[]
[VM_EXEC] fn_name=handler_App_Tick state_obj_id=4000004 args=[]
[VM_HANDLER_OK] widget=App event=Tick
[UI_EVENT] widget="App" event="Tick" input_val=None
[VM_HANDLER_CALL] widget=App event=Tick args=[]
[VM_EXEC] fn_name=handler_App_Tick state_obj_id=4000004 args=[]
[VM_HANDLER_OK] widget=App event=Tick
[UI_EVENT] widget="App" event="Tick" input_val=None
[VM_HANDLER_CALL] widget=App event=Tick args=[]
[VM_EXEC] fn_name=handler_App_Tick state_obj_id=4000004 args=[]
[VM_HANDLER_OK] widget=App event=Tick
[UI_EVENT] widget="App" event="Tick" input_val=None
[VM_HANDLER_CALL] widget=App event=Tick args=[]
[VM_EXEC] fn_name=handler_App_Tick state_obj_id=4000004 args=[]
[VM_HANDLER_OK] widget=App event=Tick
[UI_EVENT] widget="App" event="Tick" input_val=None
[VM_HANDLER_CALL] widget=App event=Tick args=[]
[VM_EXEC] fn_name=handler_App_Tick state_obj_id=4000004 args=[]
[VM_HANDLER_OK] widget=App event=Tick
[UI_EVENT] widget="App" event="Tick" input_val=None
[VM_HANDLER_CALL] widget=App event=Tick args=[]
[VM_EXEC] fn_name=handler_App_Tick state_obj_id=4000004 args=[]
[VM_HANDLER_OK] widget=App event=Tick
[UI_EVENT] widget="App" event="Tick" input_val=None
[VM_HANDLER_CALL] widget=App event=Tick args=[]
[VM_EXEC] fn_name=handler_App_Tick state_obj_id=4000004 args=[]
[VM_HANDLER_OK] widget=App event=Tick
[UI_EVENT] widget="App" event="Tick" input_val=None
[VM_HANDLER_CALL] widget=App event=Tick args=[]
[VM_EXEC] fn_name=handler_App_Tick state_obj_id=4000004 args=[]
[VM_HANDLER_OK] widget=App event=Tick
[UI_EVENT] widget="App" event="Tick" input_val=None
[VM_HANDLER_CALL] widget=App event=Tick args=[]
[VM_EXEC] fn_name=handler_App_Tick state_obj_id=4000004 args=[]
[VM_HANDLER_OK] widget=App event=Tick
[VM_HANDLER_CALL] widget=App event=Tick args=[]
[VM_EXEC] fn_name=handler_App_Tick state_obj_id=4000004 args=[]
[VM_HANDLER_OK] widget=App event=Tick
[UI_EVENT] widget="App" event="Tick" input_val=None
[VM_HANDLER_CALL] widget=App event=Tick args=[]
[VM_EXEC] fn_name=handler_App_Tick state_obj_id=4000004 args=[]
[VM_HANDLER_OK] widget=App event=Tick
[UI_EVENT] widget="App" event="Tick" input_val=None
[VM_HANDLER_CALL] widget=App event=Tick args=[]
[VM_EXEC] fn_name=handler_App_Tick state_obj_id=4000004 args=[]
[VM_HANDLER_OK] widget=App event=Tick
[UI_EVENT] widget="App" event="Tick" input_val=None
[VM_HANDLER_CALL] widget=App event=Tick args=[]
[VM_EXEC] fn_name=handler_App_Tick state_obj_id=4000004 args=[]
[VM_HANDLER_OK] widget=App event=Tick
[UI_EVENT] widget="App" event="Tick" input_val=None
[VM_HANDLER_CALL] widget=App event=Tick args=[]
[VM_EXEC] fn_name=handler_App_Tick state_obj_id=4000004 args=[]
[VM_HANDLER_OK] widget=App event=Tick
[UI_EVENT] widget="App" event="Tick" input_val=None
[VM_HANDLER_CALL] widget=App event=Tick args=[]
[VM_EXEC] fn_name=handler_App_Tick state_obj_id=4000004 args=[]
[VM_HANDLER_OK] widget=App event=Tick
[UI_EVENT] widget="App" event="Tick" input_val=None
[VM_HANDLER_CALL] widget=App event=Tick args=[]
[VM_EXEC] fn_name=handler_App_Tick state_obj_id=4000004 args=[]
[VM_HANDLER_OK] widget=App event=Tick
[UI_EVENT] widget="App" event="Tick" input_val=None
[VM_HANDLER_CALL] widget=App event=Tick args=[]
[VM_EXEC] fn_name=handler_App_Tick state_obj_id=4000004 args=[]
[VM_HANDLER_OK] widget=App event=Tick
[UI_EVENT] widget="App" event="Tick" input_val=None
[VM_HANDLER_CALL] widget=App event=Tick args=[]
[VM_EXEC] fn_name=handler_App_Tick state_obj_id=4000004 args=[]
[VM_HANDLER_OK] widget=App event=Tick
[UI_EVENT] widget="App" event="Tick" input_val=None
[VM_HANDLER_CALL] widget=App event=Tick args=[]
[VM_EXEC] fn_name=handler_App_Tick state_obj_id=4000004 args=[]
[VM_HANDLER_OK] widget=App event=Tick
[UI_EVENT] widget="App" event="Tick" input_val=None
[VM_HANDLER_CALL] widget=App event=Tick args=[]
[VM_EXEC] fn_name=handler_App_Tick state_obj_id=4000004 args=[]
[VM_HANDLER_OK] widget=App event=Tick
[UI_EVENT] widget="App" event="Tick" input_val=None
[VM_HANDLER_CALL] widget=App event=Tick args=[]
[VM_EXEC] fn_name=handler_App_Tick state_obj_id=4000004 args=[]
[VM_HANDLER_OK] widget=App event=Tick
[UI_EVENT] widget="App" event="Tick" input_val=None
[VM_HANDLER_CALL] widget=App event=Tick args=[]
[VM_EXEC] fn_name=handler_App_Tick state_obj_id=4000004 args=[]
[VM_HANDLER_OK] widget=App event=Tick
[UI_EVENT] widget="App" event="Tick" input_val=None
[VM_HANDLER_CALL] widget=App event=Tick args=[]
[VM_EXEC] fn_name=handler_App_Tick state_obj_id=4000004 args=[]
[VM_HANDLER_OK] widget=App event=Tick
[UI_EVENT] widget="App" event="Tick" input_val=None
[VM_HANDLER_CALL] widget=App event=Tick args=[]
[VM_EXEC] fn_name=handler_App_Tick state_obj_id=4000004 args=[]
[VM_HANDLER_OK] widget=App event=Tick
[UI_EVENT] widget="App" event="Tick" input_val=None
[VM_HANDLER_CALL] widget=App event=Tick args=[]
[VM_EXEC] fn_name=handler_App_Tick state_obj_id=4000004 args=[]
[VM_HANDLER_OK] widget=App event=Tick
[UI_EVENT] widget="App" event="Tick" input_val=None
[VM_HANDLER_CALL] widget=App event=Tick args=[]
[VM_EXEC] fn_name=handler_App_Tick state_obj_id=4000004 args=[]
[VM_HANDLER_OK] widget=App event=Tick
[UI_EVENT] widget="App" event="Tick" input_val=None
[VM_HANDLER_CALL] widget=App event=Tick args=[]
[VM_EXEC] fn_name=handler_App_Tick state_obj_id=4000004 args=[]
[VM_HANDLER_OK] widget=App event=Tick
[UI_EVENT] widget="App" event="Tick" input_val=None
[VM_HANDLER_CALL] widget=App event=Tick args=[]
[VM_EXEC] fn_name=handler_App_Tick state_obj_id=4000004 args=[]
[VM_HANDLER_OK] widget=App event=Tick
[UI_EVENT] widget="App" event="Tick" input_val=None
[VM_HANDLER_CALL] widget=App event=Tick args=[]
[VM_EXEC] fn_name=handler_App_Tick state_obj_id=4000004 args=[]
[VM_HANDLER_OK] widget=App event=Tick
[VM_HANDLER_CALL] widget=App event=Tick args=[]
[VM_EXEC] fn_name=handler_App_Tick state_obj_id=4000004 args=[]
[VM_HANDLER_OK] widget=App event=Tick
[UI_EVENT] widget="App" event="Tick" input_val=None
[VM_HANDLER_CALL] widget=App event=Tick args=[]
[VM_EXEC] fn_name=handler_App_Tick state_obj_id=4000004 args=[]
[VM_HANDLER_OK] widget=App event=Tick
[UI_EVENT] widget="App" event="Tick" input_val=None
[VM_HANDLER_CALL] widget=App event=Tick args=[]
[VM_EXEC] fn_name=handler_App_Tick state_obj_id=4000004 args=[]
[VM_HANDLER_OK] widget=App event=Tick
[UI_EVENT] widget="App" event="Tick" input_val=None
[VM_HANDLER_CALL] widget=App event=Tick args=[]
[VM_EXEC] fn_name=handler_App_Tick state_obj_id=4000004 args=[]
[VM_HANDLER_OK] widget=App event=Tick
[UI_EVENT] widget="App" event="Tick" input_val=None
[VM_HANDLER_CALL] widget=App event=Tick args=[]
[VM_EXEC] fn_name=handler_App_Tick state_obj_id=4000004 args=[]
[VM_HANDLER_OK] widget=App event=Tick
[UI_EVENT] widget="App" event="Tick" input_val=None
[VM_HANDLER_CALL] widget=App event=Tick args=[]
[VM_EXEC] fn_name=handler_App_Tick state_obj_id=4000004 args=[]
[VM_HANDLER_OK] widget=App event=Tick
[UI_EVENT] widget="App" event="Tick" input_val=None
[VM_HANDLER_CALL] widget=App event=Tick args=[]
[VM_EXEC] fn_name=handler_App_Tick state_obj_id=4000004 args=[]
[VM_HANDLER_OK] widget=App event=Tick
[UI_EVENT] widget="App" event="Tick" input_val=None
[VM_HANDLER_CALL] widget=App event=Tick args=[]
[VM_EXEC] fn_name=handler_App_Tick state_obj_id=4000004 args=[]
[VM_HANDLER_OK] widget=App event=Tick
[UI_EVENT] widget="App" event="Tick" input_val=None
[VM_HANDLER_CALL] widget=App event=Tick args=[]
[VM_EXEC] fn_name=handler_App_Tick state_obj_id=4000004 args=[]
[VM_HANDLER_OK] widget=App event=Tick
[UI_EVENT] widget="App" event="Tick" input_val=None
[VM_HANDLER_CALL] widget=App event=Tick args=[]
[VM_EXEC] fn_name=handler_App_Tick state_obj_id=4000004 args=[]
[VM_HANDLER_OK] widget=App event=Tick
[UI_EVENT] widget="App" event="Tick" input_val=None
[VM_HANDLER_CALL] widget=App event=Tick args=[]
[VM_EXEC] fn_name=handler_App_Tick state_obj_id=4000004 args=[]
[VM_HANDLER_OK] widget=App event=Tick
[UI_EVENT] widget="App" event="Tick" input_val=None
[VM_HANDLER_CALL] widget=App event=Tick args=[]
[VM_EXEC] fn_name=handler_App_Tick state_obj_id=4000004 args=[]
[VM_HANDLER_OK] widget=App event=Tick
[UI_EVENT] widget="App" event="Tick" input_val=None
[VM_HANDLER_CALL] widget=App event=Tick args=[]
[VM_EXEC] fn_name=handler_App_Tick state_obj_id=4000004 args=[]
[VM_HANDLER_OK] widget=App event=Tick
[UI_EVENT] widget="App" event="Tick" input_val=None
[VM_HANDLER_CALL] widget=App event=Tick args=[]
[VM_EXEC] fn_name=handler_App_Tick state_obj_id=4000004 args=[]
[VM_HANDLER_OK] widget=App event=Tick
[UI_EVENT] widget="App" event="Tick" input_val=None
[VM_HANDLER_CALL] widget=App event=Tick args=[]
[VM_EXEC] fn_name=handler_App_Tick state_obj_id=4000004 args=[]
[VM_HANDLER_OK] widget=App event=Tick
[UI_EVENT] widget="App" event="Tick" input_val=None
[VM_HANDLER_CALL] widget=App event=Tick args=[]
[VM_EXEC] fn_name=handler_App_Tick state_obj_id=4000004 args=[]
[VM_HANDLER_OK] widget=App event=Tick
[UI_EVENT] widget="App" event="Tick" input_val=None
[VM_HANDLER_CALL] widget=App event=Tick args=[]
[VM_EXEC] fn_name=handler_App_Tick state_obj_id=4000004 args=[]
[VM_HANDLER_OK] widget=App event=Tick
[UI_EVENT] widget="App" event="Tick" input_val=None
[VM_HANDLER_CALL] widget=App event=Tick args=[]
[VM_EXEC] fn_name=handler_App_Tick state_obj_id=4000004 args=[]
[VM_HANDLER_OK] widget=App event=Tick
[UI_EVENT] widget="App" event="Tick" input_val=None
[VM_HANDLER_CALL] widget=App event=Tick args=[]
[VM_EXEC] fn_name=handler_App_Tick state_obj_id=4000004 args=[]
[VM_HANDLER_OK] widget=App event=Tick
[UI_EVENT] widget="App" event="Tick" input_val=None
[VM_HANDLER_CALL] widget=App event=Tick args=[]
[VM_EXEC] fn_name=handler_App_Tick state_obj_id=4000004 args=[]
[VM_HANDLER_OK] widget=App event=Tick
[UI_EVENT] widget="App" event="Tick" input_val=None
[VM_HANDLER_CALL] widget=App event=Tick args=[]
[VM_EXEC] fn_name=handler_App_Tick state_obj_id=4000004 args=[]
[VM_HANDLER_OK] widget=App event=Tick
[UI_EVENT] widget="App" event="Tick" input_val=None
[VM_HANDLER_CALL] widget=App event=Tick args=[]
[VM_EXEC] fn_name=handler_App_Tick state_obj_id=4000004 args=[]
[VM_HANDLER_OK] widget=App event=Tick
[VM_HANDLER_CALL] widget=App event=Tick args=[]
[VM_EXEC] fn_name=handler_App_Tick state_obj_id=4000004 args=[]
[VM_HANDLER_OK] widget=App event=Tick
[UI_EVENT] widget="App" event="Tick" input_val=None
[VM_HANDLER_CALL] widget=App event=Tick args=[]
[VM_EXEC] fn_name=handler_App_Tick state_obj_id=4000004 args=[]
[VM_HANDLER_OK] widget=App event=Tick
[UI_EVENT] widget="App" event="Tick" input_val=None
[VM_HANDLER_CALL] widget=App event=Tick args=[]
[VM_EXEC] fn_name=handler_App_Tick state_obj_id=4000004 args=[]
[VM_HANDLER_OK] widget=App event=Tick
[UI_EVENT] widget="App" event="Tick" input_val=None
[VM_HANDLER_CALL] widget=App event=Tick args=[]
[VM_EXEC] fn_name=handler_App_Tick state_obj_id=4000004 args=[]
[VM_HANDLER_OK] widget=App event=Tick
[UI_EVENT] widget="App" event="Tick" input_val=None
[VM_HANDLER_CALL] widget=App event=Tick args=[]
[VM_EXEC] fn_name=handler_App_Tick state_obj_id=4000004 args=[]
[VM_HANDLER_OK] widget=App event=Tick
[UI_EVENT] widget="App" event="Tick" input_val=None
[VM_HANDLER_CALL] widget=App event=Tick args=[]
[VM_EXEC] fn_name=handler_App_Tick state_obj_id=4000004 args=[]
[VM_HANDLER_OK] widget=App event=Tick
[UI_EVENT] widget="App" event="Tick" input_val=None
[VM_HANDLER_CALL] widget=App event=Tick args=[]
[VM_EXEC] fn_name=handler_App_Tick state_obj_id=4000004 args=[]
[VM_HANDLER_OK] widget=App event=Tick
[UI_EVENT] widget="App" event="Tick" input_val=None
[VM_HANDLER_CALL] widget=App event=Tick args=[]
[VM_EXEC] fn_name=handler_App_Tick state_obj_id=4000004 args=[]
[VM_HANDLER_OK] widget=App event=Tick
[UI_EVENT] widget="App" event="Tick" input_val=None
[VM_HANDLER_CALL] widget=App event=Tick args=[]
[VM_EXEC] fn_name=handler_App_Tick state_obj_id=4000004 args=[]
[VM_HANDLER_OK] widget=App event=Tick
[UI_EVENT] widget="App" event="Tick" input_val=None
[VM_HANDLER_CALL] widget=App event=Tick args=[]
[VM_EXEC] fn_name=handler_App_Tick state_obj_id=4000004 args=[]
[VM_HANDLER_OK] widget=App event=Tick
[UI_EVENT] widget="App" event="Tick" input_val=None
[VM_HANDLER_CALL] widget=App event=Tick args=[]
[VM_EXEC] fn_name=handler_App_Tick state_obj_id=4000004 args=[]
[VM_HANDLER_OK] widget=App event=Tick
[UI_EVENT] widget="App" event="Tick" input_val=None
[VM_HANDLER_CALL] widget=App event=Tick args=[]
[VM_EXEC] fn_name=handler_App_Tick state_obj_id=4000004 args=[]
[VM_HANDLER_OK] widget=App event=Tick
[UI_EVENT] widget="App" event="Tick" input_val=None
[VM_HANDLER_CALL] widget=App event=Tick args=[]
[VM_EXEC] fn_name=handler_App_Tick state_obj_id=4000004 args=[]
[VM_HANDLER_OK] widget=App event=Tick
[UI_EVENT] widget="App" event="Tick" input_val=None
[VM_HANDLER_CALL] widget=App event=Tick args=[]
[VM_EXEC] fn_name=handler_App_Tick state_obj_id=4000004 args=[]
[VM_HANDLER_OK] widget=App event=Tick
[UI_EVENT] widget="App" event="Tick" input_val=None
[VM_HANDLER_CALL] widget=App event=Tick args=[]
[VM_EXEC] fn_name=handler_App_Tick state_obj_id=4000004 args=[]
[VM_HANDLER_OK] widget=App event=Tick
[UI_EVENT] widget="App" event="Tick" input_val=None
[VM_HANDLER_CALL] widget=App event=Tick args=[]
[VM_EXEC] fn_name=handler_App_Tick state_obj_id=4000004 args=[]
[VM_HANDLER_OK] widget=App event=Tick
[UI_EVENT] widget="App" event="Tick" input_val=None
[VM_HANDLER_CALL] widget=App event=Tick args=[]
[VM_EXEC] fn_name=handler_App_Tick state_obj_id=4000004 args=[]
[VM_HANDLER_OK] widget=App event=Tick
[UI_EVENT] widget="App" event="Tick" input_val=None
[VM_HANDLER_CALL] widget=App event=Tick args=[]
[VM_EXEC] fn_name=handler_App_Tick state_obj_id=4000004 args=[]
[VM_HANDLER_OK] widget=App event=Tick
[UI_EVENT] widget="App" event="Tick" input_val=None
[VM_HANDLER_CALL] widget=App event=Tick args=[]
[VM_EXEC] fn_name=handler_App_Tick state_obj_id=4000004 args=[]
[VM_HANDLER_OK] widget=App event=Tick
[UI_EVENT] widget="App" event="Tick" input_val=None
[VM_HANDLER_CALL] widget=App event=Tick args=[]
[VM_EXEC] fn_name=handler_App_Tick state_obj_id=4000004 args=[]
[VM_HANDLER_OK] widget=App event=Tick
[VM_HANDLER_CALL] widget=App event=Tick args=[]
[VM_EXEC] fn_name=handler_App_Tick state_obj_id=4000004 args=[]
[VM_HANDLER_OK] widget=App event=Tick
[UI_EVENT] widget="App" event="Tick" input_val=None
[VM_HANDLER_CALL] widget=App event=Tick args=[]
[VM_EXEC] fn_name=handler_App_Tick state_obj_id=4000004 args=[]
[VM_HANDLER_OK] widget=App event=Tick
[UI_EVENT] widget="App" event="Tick" input_val=None
[VM_HANDLER_CALL] widget=App event=Tick args=[]
[VM_EXEC] fn_name=handler_App_Tick state_obj_id=4000004 args=[]
[VM_HANDLER_OK] widget=App event=Tick
[UI_EVENT] widget="App" event="Tick" input_val=None
[VM_HANDLER_CALL] widget=App event=Tick args=[]
[VM_EXEC] fn_name=handler_App_Tick state_obj_id=4000004 args=[]
[VM_HANDLER_OK] widget=App event=Tick
[UI_EVENT] widget="App" event="Tick" input_val=None
[VM_HANDLER_CALL] widget=App event=Tick args=[]
[VM_EXEC] fn_name=handler_App_Tick state_obj_id=4000004 args=[]
[VM_HANDLER_OK] widget=App event=Tick
[UI_EVENT] widget="App" event="Tick" input_val=None
[VM_HANDLER_CALL] widget=App event=Tick args=[]
[VM_EXEC] fn_name=handler_App_Tick state_obj_id=4000004 args=[]
[VM_HANDLER_OK] widget=App event=Tick
[UI_EVENT] widget="App" event="Tick" input_val=None
[VM_HANDLER_CALL] widget=App event=Tick args=[]
[VM_EXEC] fn_name=handler_App_Tick state_obj_id=4000004 args=[]
[VM_HANDLER_OK] widget=App event=Tick
[UI_EVENT] widget="App" event="Tick" input_val=None
[VM_HANDLER_CALL] widget=App event=Tick args=[]
[VM_EXEC] fn_name=handler_App_Tick state_obj_id=4000004 args=[]
[VM_HANDLER_OK] widget=App event=Tick
[UI_EVENT] widget="App" event="Tick" input_val=None
[VM_HANDLER_CALL] widget=App event=Tick args=[]
[VM_EXEC] fn_name=handler_App_Tick state_obj_id=4000004 args=[]
[VM_HANDLER_OK] widget=App event=Tick
[UI_EVENT] widget="App" event="Tick" input_val=None
[VM_HANDLER_CALL] widget=App event=Tick args=[]
[VM_EXEC] fn_name=handler_App_Tick state_obj_id=4000004 args=[]
[VM_HANDLER_OK] widget=App event=Tick
[UI_EVENT] widget="App" event="Tick" input_val=None
[VM_HANDLER_CALL] widget=App event=Tick args=[]
[VM_EXEC] fn_name=handler_App_Tick state_obj_id=4000004 args=[]
[VM_HANDLER_OK] widget=App event=Tick
[UI_EVENT] widget="App" event="Tick" input_val=None
[VM_HANDLER_CALL] widget=App event=Tick args=[]
[VM_EXEC] fn_name=handler_App_Tick state_obj_id=4000004 args=[]
[VM_HANDLER_OK] widget=App event=Tick
[UI_EVENT] widget="App" event="Tick" input_val=None
[VM_HANDLER_CALL] widget=App event=Tick args=[]
[VM_EXEC] fn_name=handler_App_Tick state_obj_id=4000004 args=[]
[VM_HANDLER_OK] widget=App event=Tick
[UI_EVENT] widget="App" event="Tick" input_val=None
[VM_HANDLER_CALL] widget=App event=Tick args=[]
[VM_EXEC] fn_name=handler_App_Tick state_obj_id=4000004 args=[]
[VM_HANDLER_OK] widget=App event=Tick
[UI_EVENT] widget="App" event="Tick" input_val=None
[VM_HANDLER_CALL] widget=App event=Tick args=[]
[VM_EXEC] fn_name=handler_App_Tick state_obj_id=4000004 args=[]
[VM_HANDLER_OK] widget=App event=Tick
[UI_EVENT] widget="App" event="Tick" input_val=None
[VM_HANDLER_CALL] widget=App event=Tick args=[]
[VM_EXEC] fn_name=handler_App_Tick state_obj_id=4000004 args=[]
[VM_HANDLER_OK] widget=App event=Tick
[UI_EVENT] widget="App" event="Tick" input_val=None
[VM_HANDLER_CALL] widget=App event=Tick args=[]
[VM_EXEC] fn_name=handler_App_Tick state_obj_id=4000004 args=[]
[VM_HANDLER_OK] widget=App event=Tick
[UI_EVENT] widget="App" event="Tick" input_val=None
[VM_HANDLER_CALL] widget=App event=Tick args=[]
[VM_EXEC] fn_name=handler_App_Tick state_obj_id=4000004 args=[]
[VM_HANDLER_OK] widget=App event=Tick
[UI_EVENT] widget="App" event="Tick" input_val=None
[VM_HANDLER_CALL] widget=App event=Tick args=[]
[VM_EXEC] fn_name=handler_App_Tick state_obj_id=4000004 args=[]
[VM_HANDLER_OK] widget=App event=Tick
[UI_EVENT] widget="App" event="Tick" input_val=None
[VM_HANDLER_CALL] widget=App event=Tick args=[]
[VM_EXEC] fn_name=handler_App_Tick state_obj_id=4000004 args=[]
[VM_HANDLER_OK] widget=App event=Tick
[UI_EVENT] widget="App" event="Tick" input_val=None
[VM_HANDLER_CALL] widget=App event=Tick args=[]
[VM_EXEC] fn_name=handler_App_Tick state_obj_id=4000004 args=[]
[VM_HANDLER_OK] widget=App event=Tick
[UI_EVENT] widget="App" event="Tick" input_val=None
[VM_HANDLER_CALL] widget=App event=Tick args=[]
[VM_EXEC] fn_name=handler_App_Tick state_obj_id=4000004 args=[]
[VM_HANDLER_OK] widget=App event=Tick
[VM_HANDLER_CALL] widget=App event=Tick args=[]
[VM_EXEC] fn_name=handler_App_Tick state_obj_id=4000004 args=[]
[VM_HANDLER_OK] widget=App event=Tick
[UI_EVENT] widget="App" event="Tick" input_val=None
[VM_HANDLER_CALL] widget=App event=Tick args=[]
[VM_EXEC] fn_name=handler_App_Tick state_obj_id=4000004 args=[]
[VM_HANDLER_OK] widget=App event=Tick
[UI_EVENT] widget="App" event="Tick" input_val=None
[VM_HANDLER_CALL] widget=App event=Tick args=[]
[VM_EXEC] fn_name=handler_App_Tick state_obj_id=4000004 args=[]
[VM_HANDLER_OK] widget=App event=Tick
[UI_EVENT] widget="App" event="Tick" input_val=None
[VM_HANDLER_CALL] widget=App event=Tick args=[]
[VM_EXEC] fn_name=handler_App_Tick state_obj_id=4000004 args=[]
[VM_HANDLER_OK] widget=App event=Tick
[UI_EVENT] widget="App" event="Tick" input_val=None
[VM_HANDLER_CALL] widget=App event=Tick args=[]
[VM_EXEC] fn_name=handler_App_Tick state_obj_id=4000004 args=[]
[VM_HANDLER_OK] widget=App event=Tick
[UI_EVENT] widget="App" event="Tick" input_val=None
[VM_HANDLER_CALL] widget=App event=Tick args=[]
[VM_EXEC] fn_name=handler_App_Tick state_obj_id=4000004 args=[]
[VM_HANDLER_OK] widget=App event=Tick
[UI_EVENT] widget="App" event="Tick" input_val=None
[VM_HANDLER_CALL] widget=App event=Tick args=[]
[VM_EXEC] fn_name=handler_App_Tick state_obj_id=4000004 args=[]
[VM_HANDLER_OK] widget=App event=Tick
[UI_EVENT] widget="App" event="Tick" input_val=None
[VM_HANDLER_CALL] widget=App event=Tick args=[]
[VM_EXEC] fn_name=handler_App_Tick state_obj_id=4000004 args=[]
[VM_HANDLER_OK] widget=App event=Tick
[UI_EVENT] widget="App" event="Tick" input_val=None
[VM_HANDLER_CALL] widget=App event=Tick args=[]
[VM_EXEC] fn_name=handler_App_Tick state_obj_id=4000004 args=[]
[VM_HANDLER_OK] widget=App event=Tick
[UI_EVENT] widget="App" event="Tick" input_val=None
[VM_HANDLER_CALL] widget=App event=Tick args=[]
[VM_EXEC] fn_name=handler_App_Tick state_obj_id=4000004 args=[]
[VM_HANDLER_OK] widget=App event=Tick
[UI_EVENT] widget="App" event="Tick" input_val=None
[VM_HANDLER_CALL] widget=App event=Tick args=[]
[VM_EXEC] fn_name=handler_App_Tick state_obj_id=4000004 args=[]
[VM_HANDLER_OK] widget=App event=Tick
[UI_EVENT] widget="App" event="Tick" input_val=None
[VM_HANDLER_CALL] widget=App event=Tick args=[]
[VM_EXEC] fn_name=handler_App_Tick state_obj_id=4000004 args=[]
[VM_HANDLER_OK] widget=App event=Tick
[UI_EVENT] widget="App" event="Tick" input_val=None
[VM_HANDLER_CALL] widget=App event=Tick args=[]
[VM_EXEC] fn_name=handler_App_Tick state_obj_id=4000004 args=[]
[VM_HANDLER_OK] widget=App event=Tick
[UI_EVENT] widget="App" event="Tick" input_val=None
[VM_HANDLER_CALL] widget=App event=Tick args=[]
[VM_EXEC] fn_name=handler_App_Tick state_obj_id=4000004 args=[]
[VM_HANDLER_OK] widget=App event=Tick
[UI_EVENT] widget="App" event="Tick" input_val=None
[VM_HANDLER_CALL] widget=App event=Tick args=[]
[VM_EXEC] fn_name=handler_App_Tick state_obj_id=4000004 args=[]
[VM_HANDLER_OK] widget=App event=Tick
[UI_EVENT] widget="App" event="Tick" input_val=None
[VM_HANDLER_CALL] widget=App event=Tick args=[]
[VM_EXEC] fn_name=handler_App_Tick state_obj_id=4000004 args=[]
[VM_HANDLER_OK] widget=App event=Tick
[UI_EVENT] widget="App" event="Tick" input_val=None
[VM_HANDLER_CALL] widget=App event=Tick args=[]
[VM_EXEC] fn_name=handler_App_Tick state_obj_id=4000004 args=[]
[VM_HANDLER_OK] widget=App event=Tick
[UI_EVENT] widget="App" event="Tick" input_val=None
[VM_HANDLER_CALL] widget=App event=Tick args=[]
[VM_EXEC] fn_name=handler_App_Tick state_obj_id=4000004 args=[]
[VM_HANDLER_OK] widget=App event=Tick
[UI_EVENT] widget="App" event="Tick" input_val=None
[VM_HANDLER_CALL] widget=App event=Tick args=[]
[VM_EXEC] fn_name=handler_App_Tick state_obj_id=4000004 args=[]
[VM_HANDLER_OK] widget=App event=Tick
[UI_EVENT] widget="App" event="Tick" input_val=None
[VM_HANDLER_CALL] widget=App event=Tick args=[]
[VM_EXEC] fn_name=handler_App_Tick state_obj_id=4000004 args=[]
[VM_HANDLER_OK] widget=App event=Tick
[VM_HANDLER_CALL] widget=App event=Tick args=[]
[VM_EXEC] fn_name=handler_App_Tick state_obj_id=4000004 args=[]
[VM_HANDLER_OK] widget=App event=Tick
[UI_EVENT] widget="App" event="Tick" input_val=None
[VM_HANDLER_CALL] widget=App event=Tick args=[]
[VM_EXEC] fn_name=handler_App_Tick state_obj_id=4000004 args=[]
[VM_HANDLER_OK] widget=App event=Tick
[UI_EVENT] widget="App" event="Tick" input_val=None
[VM_HANDLER_CALL] widget=App event=Tick args=[]
[VM_EXEC] fn_name=handler_App_Tick state_obj_id=4000004 args=[]
[VM_HANDLER_OK] widget=App event=Tick
[UI_EVENT] widget="App" event="Tick" input_val=None
[VM_HANDLER_CALL] widget=App event=Tick args=[]
[VM_EXEC] fn_name=handler_App_Tick state_obj_id=4000004 args=[]
[VM_HANDLER_OK] widget=App event=Tick
[UI_EVENT] widget="App" event="Tick" input_val=None
[VM_HANDLER_CALL] widget=App event=Tick args=[]
[VM_EXEC] fn_name=handler_App_Tick state_obj_id=4000004 args=[]
[VM_HANDLER_OK] widget=App event=Tick
[UI_EVENT] widget="App" event="Tick" input_val=None
[VM_HANDLER_CALL] widget=App event=Tick args=[]
[VM_EXEC] fn_name=handler_App_Tick state_obj_id=4000004 args=[]
[VM_HANDLER_OK] widget=App event=Tick
[UI_EVENT] widget="App" event="Tick" input_val=None
[VM_HANDLER_CALL] widget=App event=Tick args=[]
[VM_EXEC] fn_name=handler_App_Tick state_obj_id=4000004 args=[]
[VM_HANDLER_OK] widget=App event=Tick
[UI_EVENT] widget="App" event="Tick" input_val=None
[VM_HANDLER_CALL] widget=App event=Tick args=[]
[VM_EXEC] fn_name=handler_App_Tick state_obj_id=4000004 args=[]
[VM_HANDLER_OK] widget=App event=Tick
[UI_EVENT] widget="App" event="Tick" input_val=None
[VM_HANDLER_CALL] widget=App event=Tick args=[]
[VM_EXEC] fn_name=handler_App_Tick state_obj_id=4000004 args=[]
[VM_HANDLER_OK] widget=App event=Tick
[UI_EVENT] widget="App" event="Tick" input_val=None
[VM_HANDLER_CALL] widget=App event=Tick args=[]
[VM_EXEC] fn_name=handler_App_Tick state_obj_id=4000004 args=[]
[VM_HANDLER_OK] widget=App event=Tick
[UI_EVENT] widget="App" event="Tick" input_val=None
[VM_HANDLER_CALL] widget=App event=Tick args=[]
[VM_EXEC] fn_name=handler_App_Tick state_obj_id=4000004 args=[]
[VM_HANDLER_OK] widget=App event=Tick
[UI_EVENT] widget="App" event="Tick" input_val=None
[VM_HANDLER_CALL] widget=App event=Tick args=[]
[VM_EXEC] fn_name=handler_App_Tick state_obj_id=4000004 args=[]
[VM_HANDLER_OK] widget=App event=Tick
[UI_EVENT] widget="App" event="Tick" input_val=None
[VM_HANDLER_CALL] widget=App event=Tick args=[]
[VM_EXEC] fn_name=handler_App_Tick state_obj_id=4000004 args=[]
[VM_HANDLER_OK] widget=App event=Tick
[UI_EVENT] widget="App" event="Tick" input_val=None
[VM_HANDLER_CALL] widget=App event=Tick args=[]
[VM_EXEC] fn_name=handler_App_Tick state_obj_id=4000004 args=[]
[VM_HANDLER_OK] widget=App event=Tick
[UI_EVENT] widget="App" event="Tick" input_val=None
[VM_HANDLER_CALL] widget=App event=Tick args=[]
[VM_EXEC] fn_name=handler_App_Tick state_obj_id=4000004 args=[]
[VM_HANDLER_OK] widget=App event=Tick
[UI_EVENT] widget="App" event="Tick" input_val=None
[VM_HANDLER_CALL] widget=App event=Tick args=[]
[VM_EXEC] fn_name=handler_App_Tick state_obj_id=4000004 args=[]
[VM_HANDLER_OK] widget=App event=Tick
[UI_EVENT] widget="App" event="Tick" input_val=None
[VM_HANDLER_CALL] widget=App event=Tick args=[]
[VM_EXEC] fn_name=handler_App_Tick state_obj_id=4000004 args=[]
[VM_HANDLER_OK] widget=App event=Tick
[UI_EVENT] widget="App" event="Tick" input_val=None
[VM_HANDLER_CALL] widget=App event=Tick args=[]
[VM_EXEC] fn_name=handler_App_Tick state_obj_id=4000004 args=[]
[VM_HANDLER_OK] widget=App event=Tick
[UI_EVENT] widget="App" event="Tick" input_val=None
[VM_HANDLER_CALL] widget=App event=Tick args=[]
[VM_EXEC] fn_name=handler_App_Tick state_obj_id=4000004 args=[]
[VM_HANDLER_OK] widget=App event=Tick
[UI_EVENT] widget="App" event="Tick" input_val=None
[VM_HANDLER_CALL] widget=App event=Tick args=[]
[VM_EXEC] fn_name=handler_App_Tick state_obj_id=4000004 args=[]
[VM_HANDLER_OK] widget=App event=Tick
[UI_EVENT] widget="App" event="Tick" input_val=None
[VM_HANDLER_CALL] widget=App event=Tick args=[]
[VM_EXEC] fn_name=handler_App_Tick state_obj_id=4000004 args=[]
[VM_HANDLER_OK] widget=App event=Tick
[UI_EVENT] widget="App" event="Tick" input_val=None
[VM_HANDLER_CALL] widget=App event=Tick args=[]
[VM_EXEC] fn_name=handler_App_Tick state_obj_id=4000004 args=[]
[VM_HANDLER_OK] widget=App event=Tick
[VM_HANDLER_CALL] widget=App event=Tick args=[]
[VM_EXEC] fn_name=handler_App_Tick state_obj_id=4000004 args=[]
[VM_HANDLER_OK] widget=App event=Tick
[UI_EVENT] widget="App" event="Tick" input_val=None
[VM_HANDLER_CALL] widget=App event=Tick args=[]
[VM_EXEC] fn_name=handler_App_Tick state_obj_id=4000004 args=[]
[VM_HANDLER_OK] widget=App event=Tick
[UI_EVENT] widget="App" event="Tick" input_val=None
[VM_HANDLER_CALL] widget=App event=Tick args=[]
[VM_EXEC] fn_name=handler_App_Tick state_obj_id=4000004 args=[]
[VM_HANDLER_OK] widget=App event=Tick
[UI_EVENT] widget="App" event="Tick" input_val=None
[VM_HANDLER_CALL] widget=App event=Tick args=[]
[VM_EXEC] fn_name=handler_App_Tick state_obj_id=4000004 args=[]
[VM_HANDLER_OK] widget=App event=Tick
[UI_EVENT] widget="App" event="Tick" input_val=None
[VM_HANDLER_CALL] widget=App event=Tick args=[]
[VM_EXEC] fn_name=handler_App_Tick state_obj_id=4000004 args=[]
[VM_HANDLER_OK] widget=App event=Tick
[UI_EVENT] widget="App" event="Tick" input_val=None
[VM_HANDLER_CALL] widget=App event=Tick args=[]
[VM_EXEC] fn_name=handler_App_Tick state_obj_id=4000004 args=[]
[VM_HANDLER_OK] widget=App event=Tick
[UI_EVENT] widget="App" event="Tick" input_val=None
[VM_HANDLER_CALL] widget=App event=Tick args=[]
[VM_EXEC] fn_name=handler_App_Tick state_obj_id=4000004 args=[]
[VM_HANDLER_OK] widget=App event=Tick
[UI_EVENT] widget="App" event="Tick" input_val=None
[VM_HANDLER_CALL] widget=App event=Tick args=[]
[VM_EXEC] fn_name=handler_App_Tick state_obj_id=4000004 args=[]
[VM_HANDLER_OK] widget=App event=Tick
[UI_EVENT] widget="App" event="Tick" input_val=None
[VM_HANDLER_CALL] widget=App event=Tick args=[]
[VM_EXEC] fn_name=handler_App_Tick state_obj_id=4000004 args=[]
[VM_HANDLER_OK] widget=App event=Tick
[UI_EVENT] widget="App" event="Tick" input_val=None
[VM_HANDLER_CALL] widget=App event=Tick args=[]
[VM_EXEC] fn_name=handler_App_Tick state_obj_id=4000004 args=[]
[VM_HANDLER_OK] widget=App event=Tick
[UI_EVENT] widget="App" event="Tick" input_val=None
[VM_HANDLER_CALL] widget=App event=Tick args=[]
[VM_EXEC] fn_name=handler_App_Tick state_obj_id=4000004 args=[]
[VM_HANDLER_OK] widget=App event=Tick
[UI_EVENT] widget="App" event="Tick" input_val=None
[VM_HANDLER_CALL] widget=App event=Tick args=[]
[VM_EXEC] fn_name=handler_App_Tick state_obj_id=4000004 args=[]
[VM_HANDLER_OK] widget=App event=Tick
[UI_EVENT] widget="App" event="Tick" input_val=None
[VM_HANDLER_CALL] widget=App event=Tick args=[]
[VM_EXEC] fn_name=handler_App_Tick state_obj_id=4000004 args=[]
[VM_HANDLER_OK] widget=App event=Tick
[UI_EVENT] widget="App" event="Tick" input_val=None
[VM_HANDLER_CALL] widget=App event=Tick args=[]
[VM_EXEC] fn_name=handler_App_Tick state_obj_id=4000004 args=[]
[VM_HANDLER_OK] widget=App event=Tick
[UI_EVENT] widget="App" event="Tick" input_val=None
[VM_HANDLER_CALL] widget=App event=Tick args=[]
[VM_EXEC] fn_name=handler_App_Tick state_obj_id=4000004 args=[]
[VM_HANDLER_OK] widget=App event=Tick
[UI_EVENT] widget="App" event="Tick" input_val=None
[VM_HANDLER_CALL] widget=App event=Tick args=[]
[VM_EXEC] fn_name=handler_App_Tick state_obj_id=4000004 args=[]
[VM_HANDLER_OK] widget=App event=Tick
[UI_EVENT] widget="App" event="Tick" input_val=None
[VM_HANDLER_CALL] widget=App event=Tick args=[]
[VM_EXEC] fn_name=handler_App_Tick state_obj_id=4000004 args=[]
[VM_HANDLER_OK] widget=App event=Tick
[UI_EVENT] widget="App" event="Tick" input_val=None
[VM_HANDLER_CALL] widget=App event=Tick args=[]
[VM_EXEC] fn_name=handler_App_Tick state_obj_id=4000004 args=[]
[VM_HANDLER_OK] widget=App event=Tick
[UI_EVENT] widget="App" event="Tick" input_val=None
[VM_HANDLER_CALL] widget=App event=Tick args=[]
[VM_EXEC] fn_name=handler_App_Tick state_obj_id=4000004 args=[]
[VM_HANDLER_OK] widget=App event=Tick
[UI_EVENT] widget="App" event="Tick" input_val=None
[VM_HANDLER_CALL] widget=App event=Tick args=[]
[VM_EXEC] fn_name=handler_App_Tick state_obj_id=4000004 args=[]
[VM_HANDLER_OK] widget=App event=Tick
[UI_EVENT] widget="App" event="Tick" input_val=None
[VM_HANDLER_CALL] widget=App event=Tick args=[]
[VM_EXEC] fn_name=handler_App_Tick state_obj_id=4000004 args=[]
[VM_HANDLER_OK] widget=App event=Tick
[VM_HANDLER_CALL] widget=App event=Tick args=[]
[VM_EXEC] fn_name=handler_App_Tick state_obj_id=4000004 args=[]
[VM_HANDLER_OK] widget=App event=Tick
[UI_EVENT] widget="App" event="Tick" input_val=None
[VM_HANDLER_CALL] widget=App event=Tick args=[]
[VM_EXEC] fn_name=handler_App_Tick state_obj_id=4000004 args=[]
[VM_HANDLER_OK] widget=App event=Tick
[UI_EVENT] widget="App" event="Tick" input_val=None
[VM_HANDLER_CALL] widget=App event=Tick args=[]
[VM_EXEC] fn_name=handler_App_Tick state_obj_id=4000004 args=[]
[VM_HANDLER_OK] widget=App event=Tick
[UI_EVENT] widget="App" event="Tick" input_val=None
[VM_HANDLER_CALL] widget=App event=Tick args=[]
[VM_EXEC] fn_name=handler_App_Tick state_obj_id=4000004 args=[]
[VM_HANDLER_OK] widget=App event=Tick
[UI_EVENT] widget="App" event="Tick" input_val=None
[VM_HANDLER_CALL] widget=App event=Tick args=[]
[VM_EXEC] fn_name=handler_App_Tick state_obj_id=4000004 args=[]
[VM_HANDLER_OK] widget=App event=Tick
[UI_EVENT] widget="App" event="Tick" input_val=None
[VM_HANDLER_CALL] widget=App event=Tick args=[]
[VM_EXEC] fn_name=handler_App_Tick state_obj_id=4000004 args=[]
[VM_HANDLER_OK] widget=App event=Tick
[UI_EVENT] widget="App" event="Tick" input_val=None
[VM_HANDLER_CALL] widget=App event=Tick args=[]
[VM_EXEC] fn_name=handler_App_Tick state_obj_id=4000004 args=[]
[VM_HANDLER_OK] widget=App event=Tick
[UI_EVENT] widget="App" event="Tick" input_val=None
[VM_HANDLER_CALL] widget=App event=Tick args=[]
[VM_EXEC] fn_name=handler_App_Tick state_obj_id=4000004 args=[]
[VM_HANDLER_OK] widget=App event=Tick
[UI_EVENT] widget="App" event="Tick" input_val=None
[VM_HANDLER_CALL] widget=App event=Tick args=[]
[VM_EXEC] fn_name=handler_App_Tick state_obj_id=4000004 args=[]
[VM_HANDLER_OK] widget=App event=Tick
[UI_EVENT] widget="App" event="Tick" input_val=None
[VM_HANDLER_CALL] widget=App event=Tick args=[]
[VM_EXEC] fn_name=handler_App_Tick state_obj_id=4000004 args=[]
[VM_HANDLER_OK] widget=App event=Tick
[UI_EVENT] widget="App" event="Tick" input_val=None
[VM_HANDLER_CALL] widget=App event=Tick args=[]
[VM_EXEC] fn_name=handler_App_Tick state_obj_id=4000004 args=[]
[VM_HANDLER_OK] widget=App event=Tick
[UI_EVENT] widget="App" event="Tick" input_val=None
[VM_HANDLER_CALL] widget=App event=Tick args=[]
[VM_EXEC] fn_name=handler_App_Tick state_obj_id=4000004 args=[]
[VM_HANDLER_OK] widget=App event=Tick
[UI_EVENT] widget="App" event="Tick" input_val=None
[VM_HANDLER_CALL] widget=App event=Tick args=[]
[VM_EXEC] fn_name=handler_App_Tick state_obj_id=4000004 args=[]
[VM_HANDLER_OK] widget=App event=Tick
[UI_EVENT] widget="App" event="Tick" input_val=None
[VM_HANDLER_CALL] widget=App event=Tick args=[]
[VM_EXEC] fn_name=handler_App_Tick state_obj_id=4000004 args=[]
[VM_HANDLER_OK] widget=App event=Tick
[UI_EVENT] widget="App" event="Tick" input_val=None
[VM_HANDLER_CALL] widget=App event=Tick args=[]
[VM_EXEC] fn_name=handler_App_Tick state_obj_id=4000004 args=[]
[VM_HANDLER_OK] widget=App event=Tick
[UI_EVENT] widget="App" event="Tick" input_val=None
[VM_HANDLER_CALL] widget=App event=Tick args=[]
[VM_EXEC] fn_name=handler_App_Tick state_obj_id=4000004 args=[]
[VM_HANDLER_OK] widget=App event=Tick
[UI_EVENT] widget="App" event="Tick" input_val=None
[VM_HANDLER_CALL] widget=App event=Tick args=[]
[VM_EXEC] fn_name=handler_App_Tick state_obj_id=4000004 args=[]
[VM_HANDLER_OK] widget=App event=Tick
[UI_EVENT] widget="App" event="Tick" input_val=None
[VM_HANDLER_CALL] widget=App event=Tick args=[]
[VM_EXEC] fn_name=handler_App_Tick state_obj_id=4000004 args=[]
[VM_HANDLER_OK] widget=App event=Tick
[UI_EVENT] widget="App" event="Tick" input_val=None
[VM_HANDLER_CALL] widget=App event=Tick args=[]
[VM_EXEC] fn_name=handler_App_Tick state_obj_id=4000004 args=[]
[VM_HANDLER_OK] widget=App event=Tick
[UI_EVENT] widget="App" event="Tick" input_val=None
[VM_HANDLER_CALL] widget=App event=Tick args=[]
[VM_EXEC] fn_name=handler_App_Tick state_obj_id=4000004 args=[]
[VM_HANDLER_OK] widget=App event=Tick
[UI_EVENT] widget="App" event="Tick" input_val=None
[VM_HANDLER_CALL] widget=App event=Tick args=[]
[VM_EXEC] fn_name=handler_App_Tick state_obj_id=4000004 args=[]
[VM_HANDLER_OK] widget=App event=Tick
[VM_HANDLER_CALL] widget=App event=Tick args=[]
[VM_EXEC] fn_name=handler_App_Tick state_obj_id=4000004 args=[]
[VM_HANDLER_OK] widget=App event=Tick
[UI_EVENT] widget="App" event="Tick" input_val=None
[VM_HANDLER_CALL] widget=App event=Tick args=[]
[VM_EXEC] fn_name=handler_App_Tick state_obj_id=4000004 args=[]
[VM_HANDLER_OK] widget=App event=Tick
[UI_EVENT] widget="App" event="Tick" input_val=None
[VM_HANDLER_CALL] widget=App event=Tick args=[]
[VM_EXEC] fn_name=handler_App_Tick state_obj_id=4000004 args=[]
[VM_HANDLER_OK] widget=App event=Tick
[UI_EVENT] widget="App" event="Tick" input_val=None
[VM_HANDLER_CALL] widget=App event=Tick args=[]
[VM_EXEC] fn_name=handler_App_Tick state_obj_id=4000004 args=[]
[VM_HANDLER_OK] widget=App event=Tick
[UI_EVENT] widget="App" event="Tick" input_val=None
[VM_HANDLER_CALL] widget=App event=Tick args=[]
[VM_EXEC] fn_name=handler_App_Tick state_obj_id=4000004 args=[]
[VM_HANDLER_OK] widget=App event=Tick
[UI_EVENT] widget="App" event="Tick" input_val=None
[VM_HANDLER_CALL] widget=App event=Tick args=[]
[VM_EXEC] fn_name=handler_App_Tick state_obj_id=4000004 args=[]
[VM_HANDLER_OK] widget=App event=Tick
[UI_EVENT] widget="App" event="Tick" input_val=None
[VM_HANDLER_CALL] widget=App event=Tick args=[]
[VM_EXEC] fn_name=handler_App_Tick state_obj_id=4000004 args=[]
[VM_HANDLER_OK] widget=App event=Tick
[UI_EVENT] widget="App" event="Tick" input_val=None
[VM_HANDLER_CALL] widget=App event=Tick args=[]
[VM_EXEC] fn_name=handler_App_Tick state_obj_id=4000004 args=[]
[VM_HANDLER_OK] widget=App event=Tick
[UI_EVENT] widget="App" event="Tick" input_val=None
[VM_HANDLER_CALL] widget=App event=Tick args=[]
[VM_EXEC] fn_name=handler_App_Tick state_obj_id=4000004 args=[]
[VM_HANDLER_OK] widget=App event=Tick
[UI_EVENT] widget="App" event="Tick" input_val=None
[VM_HANDLER_CALL] widget=App event=Tick args=[]
[VM_EXEC] fn_name=handler_App_Tick state_obj_id=4000004 args=[]
[VM_HANDLER_OK] widget=App event=Tick
[UI_EVENT] widget="App" event="Tick" input_val=None
[VM_HANDLER_CALL] widget=App event=Tick args=[]
[VM_EXEC] fn_name=handler_App_Tick state_obj_id=4000004 args=[]
[VM_HANDLER_OK] widget=App event=Tick
[UI_EVENT] widget="App" event="Tick" input_val=None
[VM_HANDLER_CALL] widget=App event=Tick args=[]
[VM_EXEC] fn_name=handler_App_Tick state_obj_id=4000004 args=[]
[VM_HANDLER_OK] widget=App event=Tick
[UI_EVENT] widget="App" event="Tick" input_val=None
[VM_HANDLER_CALL] widget=App event=Tick args=[]
[VM_EXEC] fn_name=handler_App_Tick state_obj_id=4000004 args=[]
[VM_HANDLER_OK] widget=App event=Tick
[UI_EVENT] widget="App" event="Tick" input_val=None
[VM_HANDLER_CALL] widget=App event=Tick args=[]
[VM_EXEC] fn_name=handler_App_Tick state_obj_id=4000004 args=[]
[VM_HANDLER_OK] widget=App event=Tick
[UI_EVENT] widget="App" event="Tick" input_val=None
[VM_HANDLER_CALL] widget=App event=Tick args=[]
[VM_EXEC] fn_name=handler_App_Tick state_obj_id=4000004 args=[]
[VM_HANDLER_OK] widget=App event=Tick
[UI_EVENT] widget="App" event="Tick" input_val=None
[VM_HANDLER_CALL] widget=App event=Tick args=[]
[VM_EXEC] fn_name=handler_App_Tick state_obj_id=4000004 args=[]
[VM_HANDLER_OK] widget=App event=Tick
[UI_EVENT] widget="App" event="Tick" input_val=None
[VM_HANDLER_CALL] widget=App event=Tick args=[]
[VM_EXEC] fn_name=handler_App_Tick state_obj_id=4000004 args=[]
[VM_HANDLER_OK] widget=App event=Tick
[UI_EVENT] widget="App" event="Tick" input_val=None
[VM_HANDLER_CALL] widget=App event=Tick args=[]
[VM_EXEC] fn_name=handler_App_Tick state_obj_id=4000004 args=[]
[VM_HANDLER_OK] widget=App event=Tick
[UI_EVENT] widget="App" event="Tick" input_val=None
[VM_HANDLER_CALL] widget=App event=Tick args=[]
[VM_EXEC] fn_name=handler_App_Tick state_obj_id=4000004 args=[]
[VM_HANDLER_OK] widget=App event=Tick
[UI_EVENT] widget="App" event="Tick" input_val=None
[VM_HANDLER_CALL] widget=App event=Tick args=[]
[VM_EXEC] fn_name=handler_App_Tick state_obj_id=4000004 args=[]
[VM_HANDLER_OK] widget=App event=Tick
[VM_HANDLER_CALL] widget=App event=Tick args=[]
[VM_EXEC] fn_name=handler_App_Tick state_obj_id=4000004 args=[]
[VM_HANDLER_OK] widget=App event=Tick
[UI_EVENT] widget="App" event="Tick" input_val=None
[VM_HANDLER_CALL] widget=App event=Tick args=[]
[VM_EXEC] fn_name=handler_App_Tick state_obj_id=4000004 args=[]
[VM_HANDLER_OK] widget=App event=Tick
[UI_EVENT] widget="App" event="Tick" input_val=None
[VM_HANDLER_CALL] widget=App event=Tick args=[]
[VM_EXEC] fn_name=handler_App_Tick state_obj_id=4000004 args=[]
[VM_HANDLER_OK] widget=App event=Tick
[UI_EVENT] widget="App" event="Tick" input_val=None
[VM_HANDLER_CALL] widget=App event=Tick args=[]
[VM_EXEC] fn_name=handler_App_Tick state_obj_id=4000004 args=[]
[VM_HANDLER_OK] widget=App event=Tick
[UI_EVENT] widget="App" event="Tick" input_val=None
[VM_HANDLER_CALL] widget=App event=Tick args=[]
[VM_EXEC] fn_name=handler_App_Tick state_obj_id=4000004 args=[]
[VM_HANDLER_OK] widget=App event=Tick
[UI_EVENT] widget="App" event="Tick" input_val=None
[VM_HANDLER_CALL] widget=App event=Tick args=[]
[VM_EXEC] fn_name=handler_App_Tick state_obj_id=4000004 args=[]
[VM_HANDLER_OK] widget=App event=Tick
[UI_EVENT] widget="App" event="Tick" input_val=None
[VM_HANDLER_CALL] widget=App event=Tick args=[]
[VM_EXEC] fn_name=handler_App_Tick state_obj_id=4000004 args=[]
[VM_HANDLER_OK] widget=App event=Tick
[UI_EVENT] widget="App" event="Tick" input_val=None
[VM_HANDLER_CALL] widget=App event=Tick args=[]
[VM_EXEC] fn_name=handler_App_Tick state_obj_id=4000004 args=[]
[VM_HANDLER_OK] widget=App event=Tick
[UI_EVENT] widget="App" event="Tick" input_val=None
[VM_HANDLER_CALL] widget=App event=Tick args=[]
[VM_EXEC] fn_name=handler_App_Tick state_obj_id=4000004 args=[]
[VM_HANDLER_OK] widget=App event=Tick
[UI_EVENT] widget="App" event="Tick" input_val=None
[VM_HANDLER_CALL] widget=App event=Tick args=[]
[VM_EXEC] fn_name=handler_App_Tick state_obj_id=4000004 args=[]
[VM_HANDLER_OK] widget=App event=Tick
[UI_EVENT] widget="App" event="Tick" input_val=None
[VM_HANDLER_CALL] widget=App event=Tick args=[]
[VM_EXEC] fn_name=handler_App_Tick state_obj_id=4000004 args=[]
[VM_HANDLER_OK] widget=App event=Tick
[UI_EVENT] widget="App" event="Tick" input_val=None
[VM_HANDLER_CALL] widget=App event=Tick args=[]
[VM_EXEC] fn_name=handler_App_Tick state_obj_id=4000004 args=[]
[VM_HANDLER_OK] widget=App event=Tick
[UI_EVENT] widget="App" event="Tick" input_val=None
[VM_HANDLER_CALL] widget=App event=Tick args=[]
[VM_EXEC] fn_name=handler_App_Tick state_obj_id=4000004 args=[]
[VM_HANDLER_OK] widget=App event=Tick
[UI_EVENT] widget="App" event="Tick" input_val=None
[VM_HANDLER_CALL] widget=App event=Tick args=[]
[VM_EXEC] fn_name=handler_App_Tick state_obj_id=4000004 args=[]
[VM_HANDLER_OK] widget=App event=Tick
[UI_EVENT] widget="App" event="Tick" input_val=None
[VM_HANDLER_CALL] widget=App event=Tick args=[]
[VM_EXEC] fn_name=handler_App_Tick state_obj_id=4000004 args=[]
[VM_HANDLER_OK] widget=App event=Tick
[UI_EVENT] widget="App" event="Tick" input_val=None
[VM_HANDLER_CALL] widget=App event=Tick args=[]
[VM_EXEC] fn_name=handler_App_Tick state_obj_id=4000004 args=[]
[VM_HANDLER_OK] widget=App event=Tick
[UI_EVENT] widget="App" event="Tick" input_val=None
[VM_HANDLER_CALL] widget=App event=Tick args=[]
[VM_EXEC] fn_name=handler_App_Tick state_obj_id=4000004 args=[]
[VM_HANDLER_OK] widget=App event=Tick
[UI_EVENT] widget="App" event="Tick" input_val=None
[VM_HANDLER_CALL] widget=App event=Tick args=[]
[VM_EXEC] fn_name=handler_App_Tick state_obj_id=4000004 args=[]
[VM_HANDLER_OK] widget=App event=Tick
[UI_EVENT] widget="App" event="Tick" input_val=None
[VM_HANDLER_CALL] widget=App event=Tick args=[]
[VM_EXEC] fn_name=handler_App_Tick state_obj_id=4000004 args=[]
[VM_HANDLER_OK] widget=App event=Tick
[UI_EVENT] widget="App" event="Tick" input_val=None
[VM_HANDLER_CALL] widget=App event=Tick args=[]
[VM_EXEC] fn_name=handler_App_Tick state_obj_id=4000004 args=[]
[VM_HANDLER_OK] widget=App event=Tick
[UI_EVENT] widget="App" event="Tick" input_val=None
[VM_HANDLER_CALL] widget=App event=Tick args=[]
[VM_EXEC] fn_name=handler_App_Tick state_obj_id=4000004 args=[]
[VM_HANDLER_OK] widget=App event=Tick
[VM_HANDLER_CALL] widget=App event=Tick args=[]
[VM_EXEC] fn_name=handler_App_Tick state_obj_id=4000004 args=[]
[VM_HANDLER_OK] widget=App event=Tick
[UI_EVENT] widget="App" event="Tick" input_val=None
[VM_HANDLER_CALL] widget=App event=Tick args=[]
[VM_EXEC] fn_name=handler_App_Tick state_obj_id=4000004 args=[]
[VM_HANDLER_OK] widget=App event=Tick
[UI_EVENT] widget="App" event="Tick" input_val=None
[VM_HANDLER_CALL] widget=App event=Tick args=[]
[VM_EXEC] fn_name=handler_App_Tick state_obj_id=4000004 args=[]
[VM_HANDLER_OK] widget=App event=Tick
[UI_EVENT] widget="App" event="Tick" input_val=None
[VM_HANDLER_CALL] widget=App event=Tick args=[]
[VM_EXEC] fn_name=handler_App_Tick state_obj_id=4000004 args=[]
[VM_HANDLER_OK] widget=App event=Tick
[UI_EVENT] widget="App" event="Tick" input_val=None
[VM_HANDLER_CALL] widget=App event=Tick args=[]
[VM_EXEC] fn_name=handler_App_Tick state_obj_id=4000004 args=[]
[VM_HANDLER_OK] widget=App event=Tick
[UI_EVENT] widget="App" event="Tick" input_val=None
[VM_HANDLER_CALL] widget=App event=Tick args=[]
[VM_EXEC] fn_name=handler_App_Tick state_obj_id=4000004 args=[]
[VM_HANDLER_OK] widget=App event=Tick
[UI_EVENT] widget="App" event="Tick" input_val=None
[VM_HANDLER_CALL] widget=App event=Tick args=[]
[VM_EXEC] fn_name=handler_App_Tick state_obj_id=4000004 args=[]
[VM_HANDLER_OK] widget=App event=Tick
[UI_EVENT] widget="App" event="Tick" input_val=None
[VM_HANDLER_CALL] widget=App event=Tick args=[]
[VM_EXEC] fn_name=handler_App_Tick state_obj_id=4000004 args=[]
[VM_HANDLER_OK] widget=App event=Tick
[UI_EVENT] widget="App" event="Tick" input_val=None
[VM_HANDLER_CALL] widget=App event=Tick args=[]
[VM_EXEC] fn_name=handler_App_Tick state_obj_id=4000004 args=[]
[VM_HANDLER_OK] widget=App event=Tick
[UI_EVENT] widget="App" event="Tick" input_val=None
[VM_HANDLER_CALL] widget=App event=Tick args=[]
[VM_EXEC] fn_name=handler_App_Tick state_obj_id=4000004 args=[]
[VM_HANDLER_OK] widget=App event=Tick
[UI_EVENT] widget="App" event="Tick" input_val=None
[VM_HANDLER_CALL] widget=App event=Tick args=[]
[VM_EXEC] fn_name=handler_App_Tick state_obj_id=4000004 args=[]
[VM_HANDLER_OK] widget=App event=Tick
[UI_EVENT] widget="App" event="Tick" input_val=None
[VM_HANDLER_CALL] widget=App event=Tick args=[]
[VM_EXEC] fn_name=handler_App_Tick state_obj_id=4000004 args=[]
[VM_HANDLER_OK] widget=App event=Tick
[UI_EVENT] widget="App" event="Tick" input_val=None
[VM_HANDLER_CALL] widget=App event=Tick args=[]
[VM_EXEC] fn_name=handler_App_Tick state_obj_id=4000004 args=[]
[VM_HANDLER_OK] widget=App event=Tick
[UI_EVENT] widget="App" event="Tick" input_val=None
[VM_HANDLER_CALL] widget=App event=Tick args=[]
[VM_EXEC] fn_name=handler_App_Tick state_obj_id=4000004 args=[]
[VM_HANDLER_OK] widget=App event=Tick
[UI_EVENT] widget="App" event="Tick" input_val=None
[VM_HANDLER_CALL] widget=App event=Tick args=[]
[VM_EXEC] fn_name=handler_App_Tick state_obj_id=4000004 args=[]
[VM_HANDLER_OK] widget=App event=Tick
[UI_EVENT] widget="App" event="Tick" input_val=None
[VM_HANDLER_CALL] widget=App event=Tick args=[]
[VM_EXEC] fn_name=handler_App_Tick state_obj_id=4000004 args=[]
[VM_HANDLER_OK] widget=App event=Tick
[UI_EVENT] widget="App" event="Tick" input_val=None
[VM_HANDLER_CALL] widget=App event=Tick args=[]
[VM_EXEC] fn_name=handler_App_Tick state_obj_id=4000004 args=[]
[VM_HANDLER_OK] widget=App event=Tick
[UI_EVENT] widget="App" event="Tick" input_val=None
[VM_HANDLER_CALL] widget=App event=Tick args=[]
[VM_EXEC] fn_name=handler_App_Tick state_obj_id=4000004 args=[]
[VM_HANDLER_OK] widget=App event=Tick
[UI_EVENT] widget="App" event="Tick" input_val=None
[VM_HANDLER_CALL] widget=App event=Tick args=[]
[VM_EXEC] fn_name=handler_App_Tick state_obj_id=4000004 args=[]
[VM_HANDLER_OK] widget=App event=Tick
[UI_EVENT] widget="App" event="Tick" input_val=None
[VM_HANDLER_CALL] widget=App event=Tick args=[]
[VM_EXEC] fn_name=handler_App_Tick state_obj_id=4000004 args=[]
[VM_HANDLER_OK] widget=App event=Tick
[UI_EVENT] widget="App" event="Tick" input_val=None
[VM_HANDLER_CALL] widget=App event=Tick args=[]
[VM_EXEC] fn_name=handler_App_Tick state_obj_id=4000004 args=[]
[VM_HANDLER_OK] widget=App event=Tick
[VM_HANDLER_CALL] widget=App event=Tick args=[]
[VM_EXEC] fn_name=handler_App_Tick state_obj_id=4000004 args=[]
[VM_HANDLER_OK] widget=App event=Tick
[UI_EVENT] widget="App" event="Tick" input_val=None
[VM_HANDLER_CALL] widget=App event=Tick args=[]
[VM_EXEC] fn_name=handler_App_Tick state_obj_id=4000004 args=[]
[VM_HANDLER_OK] widget=App event=Tick
[UI_EVENT] widget="App" event="Tick" input_val=None
[VM_HANDLER_CALL] widget=App event=Tick args=[]
[VM_EXEC] fn_name=handler_App_Tick state_obj_id=4000004 args=[]
[VM_HANDLER_OK] widget=App event=Tick
[UI_EVENT] widget="App" event="Tick" input_val=None
[VM_HANDLER_CALL] widget=App event=Tick args=[]
[VM_EXEC] fn_name=handler_App_Tick state_obj_id=4000004 args=[]
[VM_HANDLER_OK] widget=App event=Tick
[UI_EVENT] widget="App" event="Tick" input_val=None
[VM_HANDLER_CALL] widget=App event=Tick args=[]
[VM_EXEC] fn_name=handler_App_Tick state_obj_id=4000004 args=[]
[VM_HANDLER_OK] widget=App event=Tick
[UI_EVENT] widget="App" event="Tick" input_val=None
[VM_HANDLER_CALL] widget=App event=Tick args=[]
[VM_EXEC] fn_name=handler_App_Tick state_obj_id=4000004 args=[]
[VM_HANDLER_OK] widget=App event=Tick
[UI_EVENT] widget="App" event="Tick" input_val=None
[VM_HANDLER_CALL] widget=App event=Tick args=[]
[VM_EXEC] fn_name=handler_App_Tick state_obj_id=4000004 args=[]
[VM_HANDLER_OK] widget=App event=Tick
[UI_EVENT] widget="App" event="Tick" input_val=None
[VM_HANDLER_CALL] widget=App event=Tick args=[]
[VM_EXEC] fn_name=handler_App_Tick state_obj_id=4000004 args=[]
[VM_HANDLER_OK] widget=App event=Tick
[UI_EVENT] widget="App" event="Tick" input_val=None
[VM_HANDLER_CALL] widget=App event=Tick args=[]
[VM_EXEC] fn_name=handler_App_Tick state_obj_id=4000004 args=[]
[VM_HANDLER_OK] widget=App event=Tick
[UI_EVENT] widget="App" event="Tick" input_val=None
[VM_HANDLER_CALL] widget=App event=Tick args=[]
[VM_EXEC] fn_name=handler_App_Tick state_obj_id=4000004 args=[]
[VM_HANDLER_OK] widget=App event=Tick
[UI_EVENT] widget="App" event="Tick" input_val=None
[VM_HANDLER_CALL] widget=App event=Tick args=[]
[VM_EXEC] fn_name=handler_App_Tick state_obj_id=4000004 args=[]
[VM_HANDLER_OK] widget=App event=Tick
[UI_EVENT] widget="App" event="Tick" input_val=None
[VM_HANDLER_CALL] widget=App event=Tick args=[]
[VM_EXEC] fn_name=handler_App_Tick state_obj_id=4000004 args=[]
[VM_HANDLER_OK] widget=App event=Tick
[UI_EVENT] widget="App" event="Tick" input_val=None
[VM_HANDLER_CALL] widget=App event=Tick args=[]
[VM_EXEC] fn_name=handler_App_Tick state_obj_id=4000004 args=[]
[VM_HANDLER_OK] widget=App event=Tick
[UI_EVENT] widget="App" event="Tick" input_val=None
[VM_HANDLER_CALL] widget=App event=Tick args=[]
[VM_EXEC] fn_name=handler_App_Tick state_obj_id=4000004 args=[]
[VM_HANDLER_OK] widget=App event=Tick
[UI_EVENT] widget="App" event="Tick" input_val=None
[VM_HANDLER_CALL] widget=App event=Tick args=[]
[VM_EXEC] fn_name=handler_App_Tick state_obj_id=4000004 args=[]
[VM_HANDLER_OK] widget=App event=Tick
[UI_EVENT] widget="App" event="Tick" input_val=None
[VM_HANDLER_CALL] widget=App event=Tick args=[]
[VM_EXEC] fn_name=handler_App_Tick state_obj_id=4000004 args=[]
[VM_HANDLER_OK] widget=App event=Tick
[UI_EVENT] widget="App" event="Tick" input_val=None
[VM_HANDLER_CALL] widget=App event=Tick args=[]
[VM_EXEC] fn_name=handler_App_Tick state_obj_id=4000004 args=[]
[VM_HANDLER_OK] widget=App event=Tick
[UI_EVENT] widget="App" event="Tick" input_val=None
[VM_HANDLER_CALL] widget=App event=Tick args=[]
[VM_EXEC] fn_name=handler_App_Tick state_obj_id=4000004 args=[]
[VM_HANDLER_OK] widget=App event=Tick
[UI_EVENT] widget="App" event="Tick" input_val=None
[VM_HANDLER_CALL] widget=App event=Tick args=[]
[VM_EXEC] fn_name=handler_App_Tick state_obj_id=4000004 args=[]
[VM_HANDLER_OK] widget=App event=Tick
[UI_EVENT] widget="App" event="Tick" input_val=None
[VM_HANDLER_CALL] widget=App event=Tick args=[]
[VM_EXEC] fn_name=handler_App_Tick state_obj_id=4000004 args=[]
[VM_HANDLER_OK] widget=App event=Tick
[UI_EVENT] widget="App" event="Tick" input_val=None
[VM_HANDLER_CALL] widget=App event=Tick args=[]
[VM_EXEC] fn_name=handler_App_Tick state_obj_id=4000004 args=[]
[VM_HANDLER_OK] widget=App event=Tick
[UI_EVENT] widget="App" event="Tick" input_val=None
[VM_HANDLER_CALL] widget=App event=Tick args=[]
[VM_EXEC] fn_name=handler_App_Tick state_obj_id=4000004 args=[]
[VM_HANDLER_OK] widget=App event=Tick
[VM_HANDLER_CALL] widget=App event=Tick args=[]
[VM_EXEC] fn_name=handler_App_Tick state_obj_id=4000004 args=[]
[VM_HANDLER_OK] widget=App event=Tick
[UI_EVENT] widget="App" event="Tick" input_val=None
[VM_HANDLER_CALL] widget=App event=Tick args=[]
[VM_EXEC] fn_name=handler_App_Tick state_obj_id=4000004 args=[]
[VM_HANDLER_OK] widget=App event=Tick
[UI_EVENT] widget="App" event="Tick" input_val=None
[VM_HANDLER_CALL] widget=App event=Tick args=[]
[VM_EXEC] fn_name=handler_App_Tick state_obj_id=4000004 args=[]
[VM_HANDLER_OK] widget=App event=Tick
[UI_EVENT] widget="App" event="Tick" input_val=None
[VM_HANDLER_CALL] widget=App event=Tick args=[]
[VM_EXEC] fn_name=handler_App_Tick state_obj_id=4000004 args=[]
[VM_HANDLER_OK] widget=App event=Tick
[UI_EVENT] widget="App" event="Tick" input_val=None
[VM_HANDLER_CALL] widget=App event=Tick args=[]
[VM_EXEC] fn_name=handler_App_Tick state_obj_id=4000004 args=[]
[VM_HANDLER_OK] widget=App event=Tick
[UI_EVENT] widget="App" event="Tick" input_val=None
[VM_HANDLER_CALL] widget=App event=Tick args=[]
[VM_EXEC] fn_name=handler_App_Tick state_obj_id=4000004 args=[]
[VM_HANDLER_OK] widget=App event=Tick
[UI_EVENT] widget="App" event="Tick" input_val=None
[VM_HANDLER_CALL] widget=App event=Tick args=[]
[VM_EXEC] fn_name=handler_App_Tick state_obj_id=4000004 args=[]
[VM_HANDLER_OK] widget=App event=Tick
[UI_EVENT] widget="App" event="Tick" input_val=None
[VM_HANDLER_CALL] widget=App event=Tick args=[]
[VM_EXEC] fn_name=handler_App_Tick state_obj_id=4000004 args=[]
[VM_HANDLER_OK] widget=App event=Tick
[UI_EVENT] widget="App" event="Tick" input_val=None
[VM_HANDLER_CALL] widget=App event=Tick args=[]
[VM_EXEC] fn_name=handler_App_Tick state_obj_id=4000004 args=[]
[VM_HANDLER_OK] widget=App event=Tick
[UI_EVENT] widget="App" event="Tick" input_val=None
[VM_HANDLER_CALL] widget=App event=Tick args=[]
[VM_EXEC] fn_name=handler_App_Tick state_obj_id=4000004 args=[]
[VM_HANDLER_OK] widget=App event=Tick
[UI_EVENT] widget="App" event="Tick" input_val=None
[VM_HANDLER_CALL] widget=App event=Tick args=[]
[VM_EXEC] fn_name=handler_App_Tick state_obj_id=4000004 args=[]
[VM_HANDLER_OK] widget=App event=Tick
[UI_EVENT] widget="App" event="Tick" input_val=None
[VM_HANDLER_CALL] widget=App event=Tick args=[]
[VM_EXEC] fn_name=handler_App_Tick state_obj_id=4000004 args=[]
[VM_HANDLER_OK] widget=App event=Tick
[UI_EVENT] widget="App" event="Tick" input_val=None
[VM_HANDLER_CALL] widget=App event=Tick args=[]
[VM_EXEC] fn_name=handler_App_Tick state_obj_id=4000004 args=[]
[VM_HANDLER_OK] widget=App event=Tick
[UI_EVENT] widget="App" event="Tick" input_val=None
[VM_HANDLER_CALL] widget=App event=Tick args=[]
[VM_EXEC] fn_name=handler_App_Tick state_obj_id=4000004 args=[]
[VM_HANDLER_OK] widget=App event=Tick
[UI_EVENT] widget="App" event="Tick" input_val=None
[VM_HANDLER_CALL] widget=App event=Tick args=[]
[VM_EXEC] fn_name=handler_App_Tick state_obj_id=4000004 args=[]
[VM_HANDLER_OK] widget=App event=Tick
[UI_EVENT] widget="App" event="Tick" input_val=None
[VM_HANDLER_CALL] widget=App event=Tick args=[]
[VM_EXEC] fn_name=handler_App_Tick state_obj_id=4000004 args=[]
[VM_HANDLER_OK] widget=App event=Tick
[UI_EVENT] widget="App" event="Tick" input_val=None
[VM_HANDLER_CALL] widget=App event=Tick args=[]
[VM_EXEC] fn_name=handler_App_Tick state_obj_id=4000004 args=[]
[VM_HANDLER_OK] widget=App event=Tick
[UI_EVENT] widget="App" event="Tick" input_val=None
[VM_HANDLER_CALL] widget=App event=Tick args=[]
[VM_EXEC] fn_name=handler_App_Tick state_obj_id=4000004 args=[]
[VM_HANDLER_OK] widget=App event=Tick
[UI_EVENT] widget="App" event="Tick" input_val=None
[VM_HANDLER_CALL] widget=App event=Tick args=[]
[VM_EXEC] fn_name=handler_App_Tick state_obj_id=4000004 args=[]
[VM_HANDLER_OK] widget=App event=Tick
[UI_EVENT] widget="App" event="Tick" input_val=None
[VM_HANDLER_CALL] widget=App event=Tick args=[]
[VM_EXEC] fn_name=handler_App_Tick state_obj_id=4000004 args=[]
[VM_HANDLER_OK] widget=App event=Tick
[VM_HANDLER_CALL] widget=App event=Tick args=[]
[VM_EXEC] fn_name=handler_App_Tick state_obj_id=4000004 args=[]
[VM_HANDLER_OK] widget=App event=Tick
[UI_EVENT] widget="App" event="Tick" input_val=None
[VM_HANDLER_CALL] widget=App event=Tick args=[]
[VM_EXEC] fn_name=handler_App_Tick state_obj_id=4000004 args=[]
[VM_HANDLER_OK] widget=App event=Tick
[UI_EVENT] widget="App" event="Tick" input_val=None
[VM_HANDLER_CALL] widget=App event=Tick args=[]
[VM_EXEC] fn_name=handler_App_Tick state_obj_id=4000004 args=[]
[VM_HANDLER_OK] widget=App event=Tick
[UI_EVENT] widget="App" event="Tick" input_val=None
[VM_HANDLER_CALL] widget=App event=Tick args=[]
[VM_EXEC] fn_name=handler_App_Tick state_obj_id=4000004 args=[]
[VM_HANDLER_OK] widget=App event=Tick
[UI_EVENT] widget="App" event="Tick" input_val=None
[VM_HANDLER_CALL] widget=App event=Tick args=[]
[VM_EXEC] fn_name=handler_App_Tick state_obj_id=4000004 args=[]
[VM_HANDLER_OK] widget=App event=Tick
[UI_EVENT] widget="App" event="Tick" input_val=None
[VM_HANDLER_CALL] widget=App event=Tick args=[]
[VM_EXEC] fn_name=handler_App_Tick state_obj_id=4000004 args=[]
[VM_HANDLER_OK] widget=App event=Tick
[UI_EVENT] widget="App" event="Tick" input_val=None
[VM_HANDLER_CALL] widget=App event=Tick args=[]
[VM_EXEC] fn_name=handler_App_Tick state_obj_id=4000004 args=[]
[VM_HANDLER_OK] widget=App event=Tick
[UI_EVENT] widget="App" event="Tick" input_val=None
[VM_HANDLER_CALL] widget=App event=Tick args=[]
[VM_EXEC] fn_name=handler_App_Tick state_obj_id=4000004 args=[]
[VM_HANDLER_OK] widget=App event=Tick
[UI_EVENT] widget="App" event="Tick" input_val=None
[VM_HANDLER_CALL] widget=App event=Tick args=[]
[VM_EXEC] fn_name=handler_App_Tick state_obj_id=4000004 args=[]
[VM_HANDLER_OK] widget=App event=Tick
[UI_EVENT] widget="App" event="Tick" input_val=None
[VM_HANDLER_CALL] widget=App event=Tick args=[]
[VM_EXEC] fn_name=handler_App_Tick state_obj_id=4000004 args=[]
[VM_HANDLER_OK] widget=App event=Tick
[UI_EVENT] widget="App" event="Tick" input_val=None
[VM_HANDLER_CALL] widget=App event=Tick args=[]
[VM_EXEC] fn_name=handler_App_Tick state_obj_id=4000004 args=[]
[VM_HANDLER_OK] widget=App event=Tick
[UI_EVENT] widget="App" event="Tick" input_val=None
[VM_HANDLER_CALL] widget=App event=Tick args=[]
[VM_EXEC] fn_name=handler_App_Tick state_obj_id=4000004 args=[]
[VM_HANDLER_OK] widget=App event=Tick
[UI_EVENT] widget="App" event="Tick" input_val=None
[VM_HANDLER_CALL] widget=App event=Tick args=[]
[VM_EXEC] fn_name=handler_App_Tick state_obj_id=4000004 args=[]
[VM_HANDLER_OK] widget=App event=Tick
[UI_EVENT] widget="App" event="Tick" input_val=None
[VM_HANDLER_CALL] widget=App event=Tick args=[]
[VM_EXEC] fn_name=handler_App_Tick state_obj_id=4000004 args=[]
[VM_HANDLER_OK] widget=App event=Tick
[UI_EVENT] widget="App" event="Tick" input_val=None
[VM_HANDLER_CALL] widget=App event=Tick args=[]
[VM_EXEC] fn_name=handler_App_Tick state_obj_id=4000004 args=[]
[VM_HANDLER_OK] widget=App event=Tick
[UI_EVENT] widget="App" event="Tick" input_val=None
[VM_HANDLER_CALL] widget=App event=Tick args=[]
[VM_EXEC] fn_name=handler_App_Tick state_obj_id=4000004 args=[]
[VM_HANDLER_OK] widget=App event=Tick
[UI_EVENT] widget="App" event="Tick" input_val=None
[VM_HANDLER_CALL] widget=App event=Tick args=[]
[VM_EXEC] fn_name=handler_App_Tick state_obj_id=4000004 args=[]
[VM_HANDLER_OK] widget=App event=Tick
[UI_EVENT] widget="App" event="Tick" input_val=None
[VM_HANDLER_CALL] widget=App event=Tick args=[]
[VM_EXEC] fn_name=handler_App_Tick state_obj_id=4000004 args=[]
[VM_HANDLER_OK] widget=App event=Tick
[UI_EVENT] widget="App" event="Tick" input_val=None
[VM_HANDLER_CALL] widget=App event=Tick args=[]
[VM_EXEC] fn_name=handler_App_Tick state_obj_id=4000004 args=[]
[VM_HANDLER_OK] widget=App event=Tick
[UI_EVENT] widget="App" event="Tick" input_val=None
[VM_HANDLER_CALL] widget=App event=Tick args=[]
[VM_EXEC] fn_name=handler_App_Tick state_obj_id=4000004 args=[]
[VM_HANDLER_OK] widget=App event=Tick
[UI_EVENT] widget="App" event="Tick" input_val=None
[VM_HANDLER_CALL] widget=App event=Tick args=[]
[VM_EXEC] fn_name=handler_App_Tick state_obj_id=4000004 args=[]
[VM_HANDLER_OK] widget=App event=Tick
[UI_EVENT] widget="App" event="Tick" input_val=None
[VM_HANDLER_CALL] widget=App event=Tick args=[]
[VM_EXEC] fn_name=handler_App_Tick state_obj_id=4000004 args=[]
[VM_HANDLER_OK] widget=App event=Tick
[VM_HANDLER_CALL] widget=App event=Tick args=[]
[VM_EXEC] fn_name=handler_App_Tick state_obj_id=4000004 args=[]
[VM_HANDLER_OK] widget=App event=Tick
[UI_EVENT] widget="App" event="Tick" input_val=None
[VM_HANDLER_CALL] widget=App event=Tick args=[]
[VM_EXEC] fn_name=handler_App_Tick state_obj_id=4000004 args=[]
[VM_HANDLER_OK] widget=App event=Tick
[UI_EVENT] widget="App" event="Tick" input_val=None
[VM_HANDLER_CALL] widget=App event=Tick args=[]
[VM_EXEC] fn_name=handler_App_Tick state_obj_id=4000004 args=[]
[VM_HANDLER_OK] widget=App event=Tick
[UI_EVENT] widget="App" event="Tick" input_val=None
[VM_HANDLER_CALL] widget=App event=Tick args=[]
[VM_EXEC] fn_name=handler_App_Tick state_obj_id=4000004 args=[]
[VM_HANDLER_OK] widget=App event=Tick
[UI_EVENT] widget="App" event="Tick" input_val=None
[VM_HANDLER_CALL] widget=App event=Tick args=[]
[VM_EXEC] fn_name=handler_App_Tick state_obj_id=4000004 args=[]
[VM_HANDLER_OK] widget=App event=Tick
[UI_EVENT] widget="App" event="Tick" input_val=None
[VM_HANDLER_CALL] widget=App event=Tick args=[]
[VM_EXEC] fn_name=handler_App_Tick state_obj_id=4000004 args=[]
[VM_HANDLER_OK] widget=App event=Tick
[UI_EVENT] widget="App" event="Tick" input_val=None
[VM_HANDLER_CALL] widget=App event=Tick args=[]
[VM_EXEC] fn_name=handler_App_Tick state_obj_id=4000004 args=[]
[VM_HANDLER_OK] widget=App event=Tick
[UI_EVENT] widget="App" event="Tick" input_val=None
[VM_HANDLER_CALL] widget=App event=Tick args=[]
[VM_EXEC] fn_name=handler_App_Tick state_obj_id=4000004 args=[]
[VM_HANDLER_OK] widget=App event=Tick
[UI_EVENT] widget="App" event="Tick" input_val=None
[VM_HANDLER_CALL] widget=App event=Tick args=[]
[VM_EXEC] fn_name=handler_App_Tick state_obj_id=4000004 args=[]
[VM_HANDLER_OK] widget=App event=Tick
[UI_EVENT] widget="App" event="Tick" input_val=None
[VM_HANDLER_CALL] widget=App event=Tick args=[]
[VM_EXEC] fn_name=handler_App_Tick state_obj_id=4000004 args=[]
[VM_HANDLER_OK] widget=App event=Tick
[UI_EVENT] widget="App" event="Tick" input_val=None
[VM_HANDLER_CALL] widget=App event=Tick args=[]
[VM_EXEC] fn_name=handler_App_Tick state_obj_id=4000004 args=[]
[VM_HANDLER_OK] widget=App event=Tick
[UI_EVENT] widget="App" event="Tick" input_val=None
[VM_HANDLER_CALL] widget=App event=Tick args=[]
[VM_EXEC] fn_name=handler_App_Tick state_obj_id=4000004 args=[]
[VM_HANDLER_OK] widget=App event=Tick
[UI_EVENT] widget="App" event="Tick" input_val=None
[VM_HANDLER_CALL] widget=App event=Tick args=[]
[VM_EXEC] fn_name=handler_App_Tick state_obj_id=4000004 args=[]
[VM_HANDLER_OK] widget=App event=Tick
[UI_EVENT] widget="App" event="Tick" input_val=None
[VM_HANDLER_CALL] widget=App event=Tick args=[]
[VM_EXEC] fn_name=handler_App_Tick state_obj_id=4000004 args=[]
[VM_HANDLER_OK] widget=App event=Tick
[UI_EVENT] widget="App" event="Tick" input_val=None
[VM_HANDLER_CALL] widget=App event=Tick args=[]
[VM_EXEC] fn_name=handler_App_Tick state_obj_id=4000004 args=[]
[VM_HANDLER_OK] widget=App event=Tick
[UI_EVENT] widget="App" event="Tick" input_val=None
[VM_HANDLER_CALL] widget=App event=Tick args=[]
[VM_EXEC] fn_name=handler_App_Tick state_obj_id=4000004 args=[]
[VM_HANDLER_OK] widget=App event=Tick
[UI_EVENT] widget="App" event="Tick" input_val=None
[VM_HANDLER_CALL] widget=App event=Tick args=[]
[VM_EXEC] fn_name=handler_App_Tick state_obj_id=4000004 args=[]
[VM_HANDLER_OK] widget=App event=Tick
[UI_EVENT] widget="App" event="Tick" input_val=None
[VM_HANDLER_CALL] widget=App event=Tick args=[]
[VM_EXEC] fn_name=handler_App_Tick state_obj_id=4000004 args=[]
[VM_HANDLER_OK] widget=App event=Tick
[UI_EVENT] widget="App" event="Tick" input_val=None
[VM_HANDLER_CALL] widget=App event=Tick args=[]
[VM_EXEC] fn_name=handler_App_Tick state_obj_id=4000004 args=[]
[VM_HANDLER_OK] widget=App event=Tick
[UI_EVENT] widget="App" event="Tick" input_val=None
[VM_HANDLER_CALL] widget=App event=Tick args=[]
[VM_EXEC] fn_name=handler_App_Tick state_obj_id=4000004 args=[]
[VM_HANDLER_OK] widget=App event=Tick
[UI_EVENT] widget="App" event="Tick" input_val=None
[VM_HANDLER_CALL] widget=App event=Tick args=[]
[VM_EXEC] fn_name=handler_App_Tick state_obj_id=4000004 args=[]
[VM_HANDLER_OK] widget=App event=Tick
[VM_HANDLER_CALL] widget=App event=Tick args=[]
[VM_EXEC] fn_name=handler_App_Tick state_obj_id=4000004 args=[]
[VM_HANDLER_OK] widget=App event=Tick
[UI_EVENT] widget="App" event="Tick" input_val=None
[VM_HANDLER_CALL] widget=App event=Tick args=[]
[VM_EXEC] fn_name=handler_App_Tick state_obj_id=4000004 args=[]
[VM_HANDLER_OK] widget=App event=Tick
[UI_EVENT] widget="App" event="Tick" input_val=None
[VM_HANDLER_CALL] widget=App event=Tick args=[]
[VM_EXEC] fn_name=handler_App_Tick state_obj_id=4000004 args=[]
[VM_HANDLER_OK] widget=App event=Tick
[UI_EVENT] widget="App" event="Tick" input_val=None
[VM_HANDLER_CALL] widget=App event=Tick args=[]
[VM_EXEC] fn_name=handler_App_Tick state_obj_id=4000004 args=[]
[VM_HANDLER_OK] widget=App event=Tick
[UI_EVENT] widget="App" event="Tick" input_val=None
[VM_HANDLER_CALL] widget=App event=Tick args=[]
[VM_EXEC] fn_name=handler_App_Tick state_obj_id=4000004 args=[]
[VM_HANDLER_OK] widget=App event=Tick
[UI_EVENT] widget="App" event="Tick" input_val=None
[VM_HANDLER_CALL] widget=App event=Tick args=[]
[VM_EXEC] fn_name=handler_App_Tick state_obj_id=4000004 args=[]
[VM_HANDLER_OK] widget=App event=Tick
[UI_EVENT] widget="App" event="Tick" input_val=None
[VM_HANDLER_CALL] widget=App event=Tick args=[]
[VM_EXEC] fn_name=handler_App_Tick state_obj_id=4000004 args=[]
[VM_HANDLER_OK] widget=App event=Tick
[UI_EVENT] widget="App" event="Tick" input_val=None
[VM_HANDLER_CALL] widget=App event=Tick args=[]
[VM_EXEC] fn_name=handler_App_Tick state_obj_id=4000004 args=[]
[VM_HANDLER_OK] widget=App event=Tick
[UI_EVENT] widget="App" event="Tick" input_val=None
[VM_HANDLER_CALL] widget=App event=Tick args=[]
[VM_EXEC] fn_name=handler_App_Tick state_obj_id=4000004 args=[]
[VM_HANDLER_OK] widget=App event=Tick
[UI_EVENT] widget="App" event="Tick" input_val=None
[VM_HANDLER_CALL] widget=App event=Tick args=[]
[VM_EXEC] fn_name=handler_App_Tick state_obj_id=4000004 args=[]
[VM_HANDLER_OK] widget=App event=Tick
[UI_EVENT] widget="App" event="Tick" input_val=None
[VM_HANDLER_CALL] widget=App event=Tick args=[]
[VM_EXEC] fn_name=handler_App_Tick state_obj_id=4000004 args=[]
[VM_HANDLER_OK] widget=App event=Tick
[UI_EVENT] widget="App" event="Tick" input_val=None
[VM_HANDLER_CALL] widget=App event=Tick args=[]
[VM_EXEC] fn_name=handler_App_Tick state_obj_id=4000004 args=[]
[VM_HANDLER_OK] widget=App event=Tick
[UI_EVENT] widget="App" event="Tick" input_val=None
[VM_HANDLER_CALL] widget=App event=Tick args=[]
[VM_EXEC] fn_name=handler_App_Tick state_obj_id=4000004 args=[]
[VM_HANDLER_OK] widget=App event=Tick
[UI_EVENT] widget="App" event="Tick" input_val=None
[VM_HANDLER_CALL] widget=App event=Tick args=[]
[VM_EXEC] fn_name=handler_App_Tick state_obj_id=4000004 args=[]
[VM_HANDLER_OK] widget=App event=Tick
[UI_EVENT] widget="App" event="Tick" input_val=None
[VM_HANDLER_CALL] widget=App event=Tick args=[]
[VM_EXEC] fn_name=handler_App_Tick state_obj_id=4000004 args=[]
[VM_HANDLER_OK] widget=App event=Tick
[UI_EVENT] widget="App" event="Tick" input_val=None
[VM_HANDLER_CALL] widget=App event=Tick args=[]
[VM_EXEC] fn_name=handler_App_Tick state_obj_id=4000004 args=[]
[VM_HANDLER_OK] widget=App event=Tick
[UI_EVENT] widget="App" event="Tick" input_val=None
[VM_HANDLER_CALL] widget=App event=Tick args=[]
[VM_EXEC] fn_name=handler_App_Tick state_obj_id=4000004 args=[]
[VM_HANDLER_OK] widget=App event=Tick
[UI_EVENT] widget="App" event="Tick" input_val=None
[VM_HANDLER_CALL] widget=App event=Tick args=[]
[VM_EXEC] fn_name=handler_App_Tick state_obj_id=4000004 args=[]
[VM_HANDLER_OK] widget=App event=Tick
[UI_EVENT] widget="App" event="Tick" input_val=None
[VM_HANDLER_CALL] widget=App event=Tick args=[]
[VM_EXEC] fn_name=handler_App_Tick state_obj_id=4000004 args=[]
[VM_HANDLER_OK] widget=App event=Tick
[UI_EVENT] widget="App" event="Tick" input_val=None
[VM_HANDLER_CALL] widget=App event=Tick args=[]
[VM_EXEC] fn_name=handler_App_Tick state_obj_id=4000004 args=[]
[VM_HANDLER_OK] widget=App event=Tick
[UI_EVENT] widget="App" event="Tick" input_val=None
[VM_HANDLER_CALL] widget=App event=Tick args=[]
[VM_EXEC] fn_name=handler_App_Tick state_obj_id=4000004 args=[]
[VM_HANDLER_OK] widget=App event=Tick
[VM_HANDLER_CALL] widget=App event=Tick args=[]
[VM_EXEC] fn_name=handler_App_Tick state_obj_id=4000004 args=[]
[VM_HANDLER_OK] widget=App event=Tick
[UI_EVENT] widget="App" event="Tick" input_val=None
[VM_HANDLER_CALL] widget=App event=Tick args=[]
[VM_EXEC] fn_name=handler_App_Tick state_obj_id=4000004 args=[]
[VM_HANDLER_OK] widget=App event=Tick
[UI_EVENT] widget="App" event="Tick" input_val=None
[VM_HANDLER_CALL] widget=App event=Tick args=[]
[VM_EXEC] fn_name=handler_App_Tick state_obj_id=4000004 args=[]
[VM_HANDLER_OK] widget=App event=Tick
[UI_EVENT] widget="App" event="Tick" input_val=None
[VM_HANDLER_CALL] widget=App event=Tick args=[]
[VM_EXEC] fn_name=handler_App_Tick state_obj_id=4000004 args=[]
[VM_HANDLER_OK] widget=App event=Tick
[UI_EVENT] widget="App" event="Tick" input_val=None
[VM_HANDLER_CALL] widget=App event=Tick args=[]
[VM_EXEC] fn_name=handler_App_Tick state_obj_id=4000004 args=[]
[VM_HANDLER_OK] widget=App event=Tick
[UI_EVENT] widget="App" event="Tick" input_val=None
[VM_HANDLER_CALL] widget=App event=Tick args=[]
[VM_EXEC] fn_name=handler_App_Tick state_obj_id=4000004 args=[]
[VM_HANDLER_OK] widget=App event=Tick
[UI_EVENT] widget="App" event="Tick" input_val=None
[VM_HANDLER_CALL] widget=App event=Tick args=[]
[VM_EXEC] fn_name=handler_App_Tick state_obj_id=4000004 args=[]
[VM_HANDLER_OK] widget=App event=Tick
[UI_EVENT] widget="App" event="Tick" input_val=None
[VM_HANDLER_CALL] widget=App event=Tick args=[]
[VM_EXEC] fn_name=handler_App_Tick state_obj_id=4000004 args=[]
[VM_HANDLER_OK] widget=App event=Tick
[UI_EVENT] widget="App" event="Tick" input_val=None
[VM_HANDLER_CALL] widget=App event=Tick args=[]
[VM_EXEC] fn_name=handler_App_Tick state_obj_id=4000004 args=[]
[VM_HANDLER_OK] widget=App event=Tick
[UI_EVENT] widget="App" event="Tick" input_val=None
[VM_HANDLER_CALL] widget=App event=Tick args=[]
[VM_EXEC] fn_name=handler_App_Tick state_obj_id=4000004 args=[]
[VM_HANDLER_OK] widget=App event=Tick
[UI_EVENT] widget="App" event="Tick" input_val=None
[VM_HANDLER_CALL] widget=App event=Tick args=[]
[VM_EXEC] fn_name=handler_App_Tick state_obj_id=4000004 args=[]
[VM_HANDLER_OK] widget=App event=Tick
[UI_EVENT] widget="App" event="Tick" input_val=None
[VM_HANDLER_CALL] widget=App event=Tick args=[]
[VM_EXEC] fn_name=handler_App_Tick state_obj_id=4000004 args=[]
[VM_HANDLER_OK] widget=App event=Tick
[UI_EVENT] widget="App" event="Tick" input_val=None
[VM_HANDLER_CALL] widget=App event=Tick args=[]
[VM_EXEC] fn_name=handler_App_Tick state_obj_id=4000004 args=[]
[VM_HANDLER_OK] widget=App event=Tick
[UI_EVENT] widget="App" event="Tick" input_val=None
[VM_HANDLER_CALL] widget=App event=Tick args=[]
[VM_EXEC] fn_name=handler_App_Tick state_obj_id=4000004 args=[]
[VM_HANDLER_OK] widget=App event=Tick
[UI_EVENT] widget="App" event="Tick" input_val=None
[VM_HANDLER_CALL] widget=App event=Tick args=[]
[VM_EXEC] fn_name=handler_App_Tick state_obj_id=4000004 args=[]
[VM_HANDLER_OK] widget=App event=Tick
[UI_EVENT] widget="App" event="Tick" input_val=None
[VM_HANDLER_CALL] widget=App event=Tick args=[]
[VM_EXEC] fn_name=handler_App_Tick state_obj_id=4000004 args=[]
[VM_HANDLER_OK] widget=App event=Tick
[UI_EVENT] widget="App" event="Tick" input_val=None
[VM_HANDLER_CALL] widget=App event=Tick args=[]
[VM_EXEC] fn_name=handler_App_Tick state_obj_id=4000004 args=[]
[VM_HANDLER_OK] widget=App event=Tick
[UI_EVENT] widget="App" event="Tick" input_val=None
[VM_HANDLER_CALL] widget=App event=Tick args=[]
[VM_EXEC] fn_name=handler_App_Tick state_obj_id=4000004 args=[]
[VM_HANDLER_OK] widget=App event=Tick
[UI_EVENT] widget="App" event="Tick" input_val=None
[VM_HANDLER_CALL] widget=App event=Tick args=[]
[VM_EXEC] fn_name=handler_App_Tick state_obj_id=4000004 args=[]
[VM_HANDLER_OK] widget=App event=Tick
[UI_EVENT] widget="App" event="Tick" input_val=None
[VM_HANDLER_CALL] widget=App event=Tick args=[]
[VM_EXEC] fn_name=handler_App_Tick state_obj_id=4000004 args=[]
[VM_HANDLER_OK] widget=App event=Tick
[UI_EVENT] widget="App" event="Tick" input_val=None
[VM_HANDLER_CALL] widget=App event=Tick args=[]
[VM_EXEC] fn_name=handler_App_Tick state_obj_id=4000004 args=[]
[VM_HANDLER_OK] widget=App event=Tick
[VM_HANDLER_CALL] widget=App event=Tick args=[]
[VM_EXEC] fn_name=handler_App_Tick state_obj_id=4000004 args=[]
[VM_HANDLER_OK] widget=App event=Tick
[UI_EVENT] widget="App" event="Tick" input_val=None
[VM_HANDLER_CALL] widget=App event=Tick args=[]
[VM_EXEC] fn_name=handler_App_Tick state_obj_id=4000004 args=[]
[VM_HANDLER_OK] widget=App event=Tick
[UI_EVENT] widget="App" event="Tick" input_val=None
[VM_HANDLER_CALL] widget=App event=Tick args=[]
[VM_EXEC] fn_name=handler_App_Tick state_obj_id=4000004 args=[]
[VM_HANDLER_OK] widget=App event=Tick
[UI_EVENT] widget="App" event="Tick" input_val=None
[VM_HANDLER_CALL] widget=App event=Tick args=[]
[VM_EXEC] fn_name=handler_App_Tick state_obj_id=4000004 args=[]
[VM_HANDLER_OK] widget=App event=Tick
[UI_EVENT] widget="App" event="Tick" input_val=None
[VM_HANDLER_CALL] widget=App event=Tick args=[]
[VM_EXEC] fn_name=handler_App_Tick state_obj_id=4000004 args=[]
[VM_HANDLER_OK] widget=App event=Tick
[UI_EVENT] widget="App" event="Tick" input_val=None
[VM_HANDLER_CALL] widget=App event=Tick args=[]
[VM_EXEC] fn_name=handler_App_Tick state_obj_id=4000004 args=[]
[VM_HANDLER_OK] widget=App event=Tick
[UI_EVENT] widget="App" event="Tick" input_val=None
[VM_HANDLER_CALL] widget=App event=Tick args=[]
[VM_EXEC] fn_name=handler_App_Tick state_obj_id=4000004 args=[]
[VM_HANDLER_OK] widget=App event=Tick
[UI_EVENT] widget="App" event="Tick" input_val=None
[VM_HANDLER_CALL] widget=App event=Tick args=[]
[VM_EXEC] fn_name=handler_App_Tick state_obj_id=4000004 args=[]
[VM_HANDLER_OK] widget=App event=Tick
[UI_EVENT] widget="App" event="Tick" input_val=None
[VM_HANDLER_CALL] widget=App event=Tick args=[]
[VM_EXEC] fn_name=handler_App_Tick state_obj_id=4000004 args=[]
[VM_HANDLER_OK] widget=App event=Tick
[UI_EVENT] widget="App" event="Tick" input_val=None
[VM_HANDLER_CALL] widget=App event=Tick args=[]
[VM_EXEC] fn_name=handler_App_Tick state_obj_id=4000004 args=[]
[VM_HANDLER_OK] widget=App event=Tick
[UI_EVENT] widget="App" event="Tick" input_val=None
[VM_HANDLER_CALL] widget=App event=Tick args=[]
[VM_EXEC] fn_name=handler_App_Tick state_obj_id=4000004 args=[]
[VM_HANDLER_OK] widget=App event=Tick
[UI_EVENT] widget="App" event="Tick" input_val=None
[VM_HANDLER_CALL] widget=App event=Tick args=[]
[VM_EXEC] fn_name=handler_App_Tick state_obj_id=4000004 args=[]
[VM_HANDLER_OK] widget=App event=Tick
[UI_EVENT] widget="App" event="Tick" input_val=None
[VM_HANDLER_CALL] widget=App event=Tick args=[]
[VM_EXEC] fn_name=handler_App_Tick state_obj_id=4000004 args=[]
[VM_HANDLER_OK] widget=App event=Tick
[UI_EVENT] widget="App" event="Tick" input_val=None
[VM_HANDLER_CALL] widget=App event=Tick args=[]
[VM_EXEC] fn_name=handler_App_Tick state_obj_id=4000004 args=[]
[VM_HANDLER_OK] widget=App event=Tick
[UI_EVENT] widget="App" event="Tick" input_val=None
[VM_HANDLER_CALL] widget=App event=Tick args=[]
[VM_EXEC] fn_name=handler_App_Tick state_obj_id=4000004 args=[]
[VM_HANDLER_OK] widget=App event=Tick
[UI_EVENT] widget="App" event="Tick" input_val=None
[VM_HANDLER_CALL] widget=App event=Tick args=[]
[VM_EXEC] fn_name=handler_App_Tick state_obj_id=4000004 args=[]
[VM_HANDLER_OK] widget=App event=Tick
[UI_EVENT] widget="App" event="Tick" input_val=None
[VM_HANDLER_CALL] widget=App event=Tick args=[]
[VM_EXEC] fn_name=handler_App_Tick state_obj_id=4000004 args=[]
[VM_HANDLER_OK] widget=App event=Tick
[UI_EVENT] widget="App" event="Tick" input_val=None
[VM_HANDLER_CALL] widget=App event=Tick args=[]
[VM_EXEC] fn_name=handler_App_Tick state_obj_id=4000004 args=[]
[VM_HANDLER_OK] widget=App event=Tick
[UI_EVENT] widget="App" event="Tick" input_val=None
[VM_HANDLER_CALL] widget=App event=Tick args=[]
[VM_EXEC] fn_name=handler_App_Tick state_obj_id=4000004 args=[]
[VM_HANDLER_OK] widget=App event=Tick
[UI_EVENT] widget="App" event="Tick" input_val=None
[VM_HANDLER_CALL] widget=App event=Tick args=[]
[VM_EXEC] fn_name=handler_App_Tick state_obj_id=4000004 args=[]
[VM_HANDLER_OK] widget=App event=Tick
[UI_EVENT] widget="App" event="Tick" input_val=None
[VM_HANDLER_CALL] widget=App event=Tick args=[]
[VM_EXEC] fn_name=handler_App_Tick state_obj_id=4000004 args=[]
[VM_HANDLER_OK] widget=App event=Tick
[VM_HANDLER_CALL] widget=App event=Tick args=[]
[VM_EXEC] fn_name=handler_App_Tick state_obj_id=4000004 args=[]
[VM_HANDLER_OK] widget=App event=Tick
[UI_EVENT] widget="App" event="Tick" input_val=None
[VM_HANDLER_CALL] widget=App event=Tick args=[]
[VM_EXEC] fn_name=handler_App_Tick state_obj_id=4000004 args=[]
[VM_HANDLER_OK] widget=App event=Tick
[UI_EVENT] widget="App" event="Tick" input_val=None
[VM_HANDLER_CALL] widget=App event=Tick args=[]
[VM_EXEC] fn_name=handler_App_Tick state_obj_id=4000004 args=[]
[VM_HANDLER_OK] widget=App event=Tick
[UI_EVENT] widget="App" event="Tick" input_val=None
[VM_HANDLER_CALL] widget=App event=Tick args=[]
[VM_EXEC] fn_name=handler_App_Tick state_obj_id=4000004 args=[]
[VM_HANDLER_OK] widget=App event=Tick
[UI_EVENT] widget="App" event="Tick" input_val=None
[VM_HANDLER_CALL] widget=App event=Tick args=[]
[VM_EXEC] fn_name=handler_App_Tick state_obj_id=4000004 args=[]
[VM_HANDLER_OK] widget=App event=Tick
[UI_EVENT] widget="App" event="Tick" input_val=None
[VM_HANDLER_CALL] widget=App event=Tick args=[]
[VM_EXEC] fn_name=handler_App_Tick state_obj_id=4000004 args=[]
[VM_HANDLER_OK] widget=App event=Tick
[UI_EVENT] widget="App" event="Tick" input_val=None
[VM_HANDLER_CALL] widget=App event=Tick args=[]
[VM_EXEC] fn_name=handler_App_Tick state_obj_id=4000004 args=[]
[VM_HANDLER_OK] widget=App event=Tick
[UI_EVENT] widget="App" event="Tick" input_val=None
[VM_HANDLER_CALL] widget=App event=Tick args=[]
[VM_EXEC] fn_name=handler_App_Tick state_obj_id=4000004 args=[]
[VM_HANDLER_OK] widget=App event=Tick
[UI_EVENT] widget="App" event="Tick" input_val=None
[VM_HANDLER_CALL] widget=App event=Tick args=[]
[VM_EXEC] fn_name=handler_App_Tick state_obj_id=4000004 args=[]
[VM_HANDLER_OK] widget=App event=Tick
[UI_EVENT] widget="App" event="Tick" input_val=None
[VM_HANDLER_CALL] widget=App event=Tick args=[]
[VM_EXEC] fn_name=handler_App_Tick state_obj_id=4000004 args=[]
[VM_HANDLER_OK] widget=App event=Tick
[UI_EVENT] widget="App" event="Tick" input_val=None
[VM_HANDLER_CALL] widget=App event=Tick args=[]
[VM_EXEC] fn_name=handler_App_Tick state_obj_id=4000004 args=[]
[VM_HANDLER_OK] widget=App event=Tick
[UI_EVENT] widget="App" event="Tick" input_val=None
[VM_HANDLER_CALL] widget=App event=Tick args=[]
[VM_EXEC] fn_name=handler_App_Tick state_obj_id=4000004 args=[]
[VM_HANDLER_OK] widget=App event=Tick
[UI_EVENT] widget="App" event="Tick" input_val=None
[VM_HANDLER_CALL] widget=App event=Tick args=[]
[VM_EXEC] fn_name=handler_App_Tick state_obj_id=4000004 args=[]
[VM_HANDLER_OK] widget=App event=Tick
[UI_EVENT] widget="App" event="Tick" input_val=None
[VM_HANDLER_CALL] widget=App event=Tick args=[]
[VM_EXEC] fn_name=handler_App_Tick state_obj_id=4000004 args=[]
[VM_HANDLER_OK] widget=App event=Tick
[UI_EVENT] widget="App" event="Tick" input_val=None
[VM_HANDLER_CALL] widget=App event=Tick args=[]
[VM_EXEC] fn_name=handler_App_Tick state_obj_id=4000004 args=[]
[VM_HANDLER_OK] widget=App event=Tick
[UI_EVENT] widget="App" event="Tick" input_val=None
[VM_HANDLER_CALL] widget=App event=Tick args=[]
[VM_EXEC] fn_name=handler_App_Tick state_obj_id=4000004 args=[]
[VM_HANDLER_OK] widget=App event=Tick
[UI_EVENT] widget="App" event="Tick" input_val=None
[VM_HANDLER_CALL] widget=App event=Tick args=[]
[VM_EXEC] fn_name=handler_App_Tick state_obj_id=4000004 args=[]
[VM_HANDLER_OK] widget=App event=Tick
[UI_EVENT] widget="App" event="Tick" input_val=None
[VM_HANDLER_CALL] widget=App event=Tick args=[]
[VM_EXEC] fn_name=handler_App_Tick state_obj_id=4000004 args=[]
[VM_HANDLER_OK] widget=App event=Tick
[UI_EVENT] widget="App" event="Tick" input_val=None
[VM_HANDLER_CALL] widget=App event=Tick args=[]
[VM_EXEC] fn_name=handler_App_Tick state_obj_id=4000004 args=[]
[VM_HANDLER_OK] widget=App event=Tick
[UI_EVENT] widget="App" event="Tick" input_val=None
[VM_HANDLER_CALL] widget=App event=Tick args=[]
[VM_EXEC] fn_name=handler_App_Tick state_obj_id=4000004 args=[]
[VM_HANDLER_OK] widget=App event=Tick
[UI_EVENT] widget="App" event="Tick" input_val=None
[VM_HANDLER_CALL] widget=App event=Tick args=[]
[VM_EXEC] fn_name=handler_App_Tick state_obj_id=4000004 args=[]
[VM_HANDLER_OK] widget=App event=Tick
[VM_HANDLER_CALL] widget=App event=Tick args=[]
[VM_EXEC] fn_name=handler_App_Tick state_obj_id=4000004 args=[]
[VM_HANDLER_OK] widget=App event=Tick
[UI_EVENT] widget="App" event="Tick" input_val=None
[VM_HANDLER_CALL] widget=App event=Tick args=[]
[VM_EXEC] fn_name=handler_App_Tick state_obj_id=4000004 args=[]
[VM_HANDLER_OK] widget=App event=Tick
[UI_EVENT] widget="App" event="Tick" input_val=None
[VM_HANDLER_CALL] widget=App event=Tick args=[]
[VM_EXEC] fn_name=handler_App_Tick state_obj_id=4000004 args=[]
[VM_HANDLER_OK] widget=App event=Tick
[UI_EVENT] widget="App" event="Tick" input_val=None
[VM_HANDLER_CALL] widget=App event=Tick args=[]
[VM_EXEC] fn_name=handler_App_Tick state_obj_id=4000004 args=[]
[VM_HANDLER_OK] widget=App event=Tick
[UI_EVENT] widget="App" event="Tick" input_val=None
[VM_HANDLER_CALL] widget=App event=Tick args=[]
[VM_EXEC] fn_name=handler_App_Tick state_obj_id=4000004 args=[]
[VM_HANDLER_OK] widget=App event=Tick
[UI_EVENT] widget="App" event="Tick" input_val=None
[VM_HANDLER_CALL] widget=App event=Tick args=[]
[VM_EXEC] fn_name=handler_App_Tick state_obj_id=4000004 args=[]
[VM_HANDLER_OK] widget=App event=Tick
[UI_EVENT] widget="App" event="Tick" input_val=None
[VM_HANDLER_CALL] widget=App event=Tick args=[]
[VM_EXEC] fn_name=handler_App_Tick state_obj_id=4000004 args=[]
[VM_HANDLER_OK] widget=App event=Tick
[UI_EVENT] widget="App" event="Tick" input_val=None
[VM_HANDLER_CALL] widget=App event=Tick args=[]
[VM_EXEC] fn_name=handler_App_Tick state_obj_id=4000004 args=[]
[VM_HANDLER_OK] widget=App event=Tick
[UI_EVENT] widget="App" event="Tick" input_val=None
[VM_HANDLER_CALL] widget=App event=Tick args=[]
[VM_EXEC] fn_name=handler_App_Tick state_obj_id=4000004 args=[]
[VM_HANDLER_OK] widget=App event=Tick
[UI_EVENT] widget="App" event="Tick" input_val=None
[VM_HANDLER_CALL] widget=App event=Tick args=[]
[VM_EXEC] fn_name=handler_App_Tick state_obj_id=4000004 args=[]
[VM_HANDLER_OK] widget=App event=Tick
[UI_EVENT] widget="App" event="Tick" input_val=None
[VM_HANDLER_CALL] widget=App event=Tick args=[]
[VM_EXEC] fn_name=handler_App_Tick state_obj_id=4000004 args=[]
[VM_HANDLER_OK] widget=App event=Tick
[UI_EVENT] widget="App" event="Tick" input_val=None
[VM_HANDLER_CALL] widget=App event=Tick args=[]
[VM_EXEC] fn_name=handler_App_Tick state_obj_id=4000004 args=[]
[VM_HANDLER_OK] widget=App event=Tick
[UI_EVENT] widget="App" event="Tick" input_val=None
[VM_HANDLER_CALL] widget=App event=Tick args=[]
[VM_EXEC] fn_name=handler_App_Tick state_obj_id=4000004 args=[]
[VM_HANDLER_OK] widget=App event=Tick
[UI_EVENT] widget="App" event="Tick" input_val=None
[VM_HANDLER_CALL] widget=App event=Tick args=[]
[VM_EXEC] fn_name=handler_App_Tick state_obj_id=4000004 args=[]
[VM_HANDLER_OK] widget=App event=Tick
[UI_EVENT] widget="App" event="Tick" input_val=None
[VM_HANDLER_CALL] widget=App event=Tick args=[]
[VM_EXEC] fn_name=handler_App_Tick state_obj_id=4000004 args=[]
[VM_HANDLER_OK] widget=App event=Tick
[UI_EVENT] widget="App" event="Tick" input_val=None
[VM_HANDLER_CALL] widget=App event=Tick args=[]
[VM_EXEC] fn_name=handler_App_Tick state_obj_id=4000004 args=[]
[VM_HANDLER_OK] widget=App event=Tick
[UI_EVENT] widget="App" event="Tick" input_val=None
[VM_HANDLER_CALL] widget=App event=Tick args=[]
[VM_EXEC] fn_name=handler_App_Tick state_obj_id=4000004 args=[]
[VM_HANDLER_OK] widget=App event=Tick
[UI_EVENT] widget="App" event="Tick" input_val=None
[VM_HANDLER_CALL] widget=App event=Tick args=[]
[VM_EXEC] fn_name=handler_App_Tick state_obj_id=4000004 args=[]
[VM_HANDLER_OK] widget=App event=Tick
[UI_EVENT] widget="App" event="Tick" input_val=None
[VM_HANDLER_CALL] widget=App event=Tick args=[]
[VM_EXEC] fn_name=handler_App_Tick state_obj_id=4000004 args=[]
[VM_HANDLER_OK] widget=App event=Tick
[UI_EVENT] widget="App" event="Tick" input_val=None
[VM_HANDLER_CALL] widget=App event=Tick args=[]
[VM_EXEC] fn_name=handler_App_Tick state_obj_id=4000004 args=[]
[VM_HANDLER_OK] widget=App event=Tick
[UI_EVENT] widget="App" event="Tick" input_val=None
[VM_HANDLER_CALL] widget=App event=Tick args=[]
[VM_EXEC] fn_name=handler_App_Tick state_obj_id=4000004 args=[]
[VM_HANDLER_OK] widget=App event=Tick
[VM_HANDLER_CALL] widget=App event=Tick args=[]
[VM_EXEC] fn_name=handler_App_Tick state_obj_id=4000004 args=[]
[VM_HANDLER_OK] widget=App event=Tick
[UI_EVENT] widget="App" event="Tick" input_val=None
[VM_HANDLER_CALL] widget=App event=Tick args=[]
[VM_EXEC] fn_name=handler_App_Tick state_obj_id=4000004 args=[]
[VM_HANDLER_OK] widget=App event=Tick
[UI_EVENT] widget="App" event="Tick" input_val=None
[VM_HANDLER_CALL] widget=App event=Tick args=[]
[VM_EXEC] fn_name=handler_App_Tick state_obj_id=4000004 args=[]
[VM_HANDLER_OK] widget=App event=Tick
[UI_EVENT] widget="App" event="Tick" input_val=None
[VM_HANDLER_CALL] widget=App event=Tick args=[]
[VM_EXEC] fn_name=handler_App_Tick state_obj_id=4000004 args=[]
[VM_HANDLER_OK] widget=App event=Tick
[UI_EVENT] widget="App" event="Tick" input_val=None
[VM_HANDLER_CALL] widget=App event=Tick args=[]
[VM_EXEC] fn_name=handler_App_Tick state_obj_id=4000004 args=[]
[VM_HANDLER_OK] widget=App event=Tick
[UI_EVENT] widget="App" event="Tick" input_val=None
[VM_HANDLER_CALL] widget=App event=Tick args=[]
[VM_EXEC] fn_name=handler_App_Tick state_obj_id=4000004 args=[]
[VM_HANDLER_OK] widget=App event=Tick
[UI_EVENT] widget="App" event="Tick" input_val=None
[VM_HANDLER_CALL] widget=App event=Tick args=[]
[VM_EXEC] fn_name=handler_App_Tick state_obj_id=4000004 args=[]
[VM_HANDLER_OK] widget=App event=Tick
[UI_EVENT] widget="App" event="Tick" input_val=None
[VM_HANDLER_CALL] widget=App event=Tick args=[]
[VM_EXEC] fn_name=handler_App_Tick state_obj_id=4000004 args=[]
[VM_HANDLER_OK] widget=App event=Tick
[UI_EVENT] widget="App" event="Tick" input_val=None
[VM_HANDLER_CALL] widget=App event=Tick args=[]
[VM_EXEC] fn_name=handler_App_Tick state_obj_id=4000004 args=[]
[VM_HANDLER_OK] widget=App event=Tick
[UI_EVENT] widget="App" event="Tick" input_val=None
[VM_HANDLER_CALL] widget=App event=Tick args=[]
[VM_EXEC] fn_name=handler_App_Tick state_obj_id=4000004 args=[]
[VM_HANDLER_OK] widget=App event=Tick
[UI_EVENT] widget="App" event="Tick" input_val=None
[VM_HANDLER_CALL] widget=App event=Tick args=[]
[VM_EXEC] fn_name=handler_App_Tick state_obj_id=4000004 args=[]
[VM_HANDLER_OK] widget=App event=Tick
[UI_EVENT] widget="App" event="Tick" input_val=None
[VM_HANDLER_CALL] widget=App event=Tick args=[]
[VM_EXEC] fn_name=handler_App_Tick state_obj_id=4000004 args=[]
[VM_HANDLER_OK] widget=App event=Tick
[UI_EVENT] widget="App" event="Tick" input_val=None
[VM_HANDLER_CALL] widget=App event=Tick args=[]
[VM_EXEC] fn_name=handler_App_Tick state_obj_id=4000004 args=[]
[VM_HANDLER_OK] widget=App event=Tick
[UI_EVENT] widget="App" event="Tick" input_val=None
[VM_HANDLER_CALL] widget=App event=Tick args=[]
[VM_EXEC] fn_name=handler_App_Tick state_obj_id=4000004 args=[]
[VM_HANDLER_OK] widget=App event=Tick
[UI_EVENT] widget="App" event="Tick" input_val=None
[VM_HANDLER_CALL] widget=App event=Tick args=[]
[VM_EXEC] fn_name=handler_App_Tick state_obj_id=4000004 args=[]
[VM_HANDLER_OK] widget=App event=Tick
[UI_EVENT] widget="App" event="Tick" input_val=None
[VM_HANDLER_CALL] widget=App event=Tick args=[]
[VM_EXEC] fn_name=handler_App_Tick state_obj_id=4000004 args=[]
[VM_HANDLER_OK] widget=App event=Tick
[UI_EVENT] widget="App" event="Tick" input_val=None
[VM_HANDLER_CALL] widget=App event=Tick args=[]
[VM_EXEC] fn_name=handler_App_Tick state_obj_id=4000004 args=[]
[VM_HANDLER_OK] widget=App event=Tick
[UI_EVENT] widget="App" event="Tick" input_val=None
[VM_HANDLER_CALL] widget=App event=Tick args=[]
[VM_EXEC] fn_name=handler_App_Tick state_obj_id=4000004 args=[]
[VM_HANDLER_OK] widget=App event=Tick
[UI_EVENT] widget="App" event="Tick" input_val=None
[VM_HANDLER_CALL] widget=App event=Tick args=[]
[VM_EXEC] fn_name=handler_App_Tick state_obj_id=4000004 args=[]
[VM_HANDLER_OK] widget=App event=Tick
[UI_EVENT] widget="App" event="Tick" input_val=None
[VM_HANDLER_CALL] widget=App event=Tick args=[]
[VM_EXEC] fn_name=handler_App_Tick state_obj_id=4000004 args=[]
[VM_HANDLER_OK] widget=App event=Tick
[UI_EVENT] widget="App" event="Tick" input_val=None
[VM_HANDLER_CALL] widget=App event=Tick args=[]
[VM_EXEC] fn_name=handler_App_Tick state_obj_id=4000004 args=[]
[VM_HANDLER_OK] widget=App event=Tick
[VM_HANDLER_CALL] widget=App event=Tick args=[]
[VM_EXEC] fn_name=handler_App_Tick state_obj_id=4000004 args=[]
[VM_HANDLER_OK] widget=App event=Tick
[UI_EVENT] widget="App" event="Tick" input_val=None
[VM_HANDLER_CALL] widget=App event=Tick args=[]
[VM_EXEC] fn_name=handler_App_Tick state_obj_id=4000004 args=[]
[VM_HANDLER_OK] widget=App event=Tick
[UI_EVENT] widget="App" event="Tick" input_val=None
[VM_HANDLER_CALL] widget=App event=Tick args=[]
[VM_EXEC] fn_name=handler_App_Tick state_obj_id=4000004 args=[]
[VM_HANDLER_OK] widget=App event=Tick
[UI_EVENT] widget="App" event="Tick" input_val=None
[VM_HANDLER_CALL] widget=App event=Tick args=[]
[VM_EXEC] fn_name=handler_App_Tick state_obj_id=4000004 args=[]
[VM_HANDLER_OK] widget=App event=Tick
[UI_EVENT] widget="App" event="Tick" input_val=None
[VM_HANDLER_CALL] widget=App event=Tick args=[]
[VM_EXEC] fn_name=handler_App_Tick state_obj_id=4000004 args=[]
[VM_HANDLER_OK] widget=App event=Tick
[UI_EVENT] widget="App" event="Tick" input_val=None
[VM_HANDLER_CALL] widget=App event=Tick args=[]
[VM_EXEC] fn_name=handler_App_Tick state_obj_id=4000004 args=[]
[VM_HANDLER_OK] widget=App event=Tick
[UI_EVENT] widget="App" event="Tick" input_val=None
[VM_HANDLER_CALL] widget=App event=Tick args=[]
[VM_EXEC] fn_name=handler_App_Tick state_obj_id=4000004 args=[]
[VM_HANDLER_OK] widget=App event=Tick
[UI_EVENT] widget="App" event="Tick" input_val=None
[VM_HANDLER_CALL] widget=App event=Tick args=[]
[VM_EXEC] fn_name=handler_App_Tick state_obj_id=4000004 args=[]
[VM_HANDLER_OK] widget=App event=Tick
[UI_EVENT] widget="App" event="Tick" input_val=None
[VM_HANDLER_CALL] widget=App event=Tick args=[]
[VM_EXEC] fn_name=handler_App_Tick state_obj_id=4000004 args=[]
[VM_HANDLER_OK] widget=App event=Tick
[UI_EVENT] widget="App" event="Tick" input_val=None
[VM_HANDLER_CALL] widget=App event=Tick args=[]
[VM_EXEC] fn_name=handler_App_Tick state_obj_id=4000004 args=[]
[VM_HANDLER_OK] widget=App event=Tick
[UI_EVENT] widget="App" event="Tick" input_val=None
[VM_HANDLER_CALL] widget=App event=Tick args=[]
[VM_EXEC] fn_name=handler_App_Tick state_obj_id=4000004 args=[]
[VM_HANDLER_OK] widget=App event=Tick
[UI_EVENT] widget="App" event="Tick" input_val=None
[VM_HANDLER_CALL] widget=App event=Tick args=[]
[VM_EXEC] fn_name=handler_App_Tick state_obj_id=4000004 args=[]
[VM_HANDLER_OK] widget=App event=Tick
[UI_EVENT] widget="App" event="Tick" input_val=None
[VM_HANDLER_CALL] widget=App event=Tick args=[]
[VM_EXEC] fn_name=handler_App_Tick state_obj_id=4000004 args=[]
[VM_HANDLER_OK] widget=App event=Tick
[UI_EVENT] widget="App" event="Tick" input_val=None
[VM_HANDLER_CALL] widget=App event=Tick args=[]
[VM_EXEC] fn_name=handler_App_Tick state_obj_id=4000004 args=[]
[VM_HANDLER_OK] widget=App event=Tick
[UI_EVENT] widget="App" event="Tick" input_val=None
[VM_HANDLER_CALL] widget=App event=Tick args=[]
[VM_EXEC] fn_name=handler_App_Tick state_obj_id=4000004 args=[]
[VM_HANDLER_OK] widget=App event=Tick
[UI_EVENT] widget="App" event="Tick" input_val=None
[VM_HANDLER_CALL] widget=App event=Tick args=[]
[VM_EXEC] fn_name=handler_App_Tick state_obj_id=4000004 args=[]
[VM_HANDLER_OK] widget=App event=Tick
[UI_EVENT] widget="App" event="Tick" input_val=None
[VM_HANDLER_CALL] widget=App event=Tick args=[]
[VM_EXEC] fn_name=handler_App_Tick state_obj_id=4000004 args=[]
[VM_HANDLER_OK] widget=App event=Tick
[UI_EVENT] widget="App" event="Tick" input_val=None
[VM_HANDLER_CALL] widget=App event=Tick args=[]
[VM_EXEC] fn_name=handler_App_Tick state_obj_id=4000004 args=[]
[VM_HANDLER_OK] widget=App event=Tick
[UI_EVENT] widget="App" event="Tick" input_val=None
[VM_HANDLER_CALL] widget=App event=Tick args=[]
[VM_EXEC] fn_name=handler_App_Tick state_obj_id=4000004 args=[]
[VM_HANDLER_OK] widget=App event=Tick
[UI_EVENT] widget="App" event="Tick" input_val=None
[VM_HANDLER_CALL] widget=App event=Tick args=[]
[VM_EXEC] fn_name=handler_App_Tick state_obj_id=4000004 args=[]
[VM_HANDLER_OK] widget=App event=Tick
[UI_EVENT] widget="App" event="Tick" input_val=None
[VM_HANDLER_CALL] widget=App event=Tick args=[]
[VM_EXEC] fn_name=handler_App_Tick state_obj_id=4000004 args=[]
[VM_HANDLER_OK] widget=App event=Tick
[VM_HANDLER_CALL] widget=App event=Tick args=[]
[VM_EXEC] fn_name=handler_App_Tick state_obj_id=4000004 args=[]
[VM_HANDLER_OK] widget=App event=Tick
[UI_EVENT] widget="App" event="Tick" input_val=None
[VM_HANDLER_CALL] widget=App event=Tick args=[]
[VM_EXEC] fn_name=handler_App_Tick state_obj_id=4000004 args=[]
[VM_HANDLER_OK] widget=App event=Tick
[UI_EVENT] widget="App" event="Tick" input_val=None
[VM_HANDLER_CALL] widget=App event=Tick args=[]
[VM_EXEC] fn_name=handler_App_Tick state_obj_id=4000004 args=[]
[VM_HANDLER_OK] widget=App event=Tick
[UI_EVENT] widget="App" event="Tick" input_val=None
[VM_HANDLER_CALL] widget=App event=Tick args=[]
[VM_EXEC] fn_name=handler_App_Tick state_obj_id=4000004 args=[]
[VM_HANDLER_OK] widget=App event=Tick
[UI_EVENT] widget="App" event="Tick" input_val=None
[VM_HANDLER_CALL] widget=App event=Tick args=[]
[VM_EXEC] fn_name=handler_App_Tick state_obj_id=4000004 args=[]
[VM_HANDLER_OK] widget=App event=Tick
[UI_EVENT] widget="App" event="Tick" input_val=None
[VM_HANDLER_CALL] widget=App event=Tick args=[]
[VM_EXEC] fn_name=handler_App_Tick state_obj_id=4000004 args=[]
[VM_HANDLER_OK] widget=App event=Tick
[UI_EVENT] widget="App" event="Tick" input_val=None
[VM_HANDLER_CALL] widget=App event=Tick args=[]
[VM_EXEC] fn_name=handler_App_Tick state_obj_id=4000004 args=[]
[VM_HANDLER_OK] widget=App event=Tick
[UI_EVENT] widget="App" event="Tick" input_val=None
[VM_HANDLER_CALL] widget=App event=Tick args=[]
[VM_EXEC] fn_name=handler_App_Tick state_obj_id=4000004 args=[]
[VM_HANDLER_OK] widget=App event=Tick
[UI_EVENT] widget="App" event="Tick" input_val=None
[VM_HANDLER_CALL] widget=App event=Tick args=[]
[VM_EXEC] fn_name=handler_App_Tick state_obj_id=4000004 args=[]
[VM_HANDLER_OK] widget=App event=Tick
[UI_EVENT] widget="App" event="Tick" input_val=None
[VM_HANDLER_CALL] widget=App event=Tick args=[]
[VM_EXEC] fn_name=handler_App_Tick state_obj_id=4000004 args=[]
[VM_HANDLER_OK] widget=App event=Tick
[UI_EVENT] widget="App" event="Tick" input_val=None
[VM_HANDLER_CALL] widget=App event=Tick args=[]
[VM_EXEC] fn_name=handler_App_Tick state_obj_id=4000004 args=[]
[VM_HANDLER_OK] widget=App event=Tick
[UI_EVENT] widget="App" event="Tick" input_val=None
[VM_HANDLER_CALL] widget=App event=Tick args=[]
[VM_EXEC] fn_name=handler_App_Tick state_obj_id=4000004 args=[]
[VM_HANDLER_OK] widget=App event=Tick
[UI_EVENT] widget="App" event="Tick" input_val=None
[VM_HANDLER_CALL] widget=App event=Tick args=[]
[VM_EXEC] fn_name=handler_App_Tick state_obj_id=4000004 args=[]
[VM_HANDLER_OK] widget=App event=Tick
[UI_EVENT] widget="App" event="Tick" input_val=None
[VM_HANDLER_CALL] widget=App event=Tick args=[]
[VM_EXEC] fn_name=handler_App_Tick state_obj_id=4000004 args=[]
[VM_HANDLER_OK] widget=App event=Tick
[UI_EVENT] widget="App" event="Tick" input_val=None
[VM_HANDLER_CALL] widget=App event=Tick args=[]
[VM_EXEC] fn_name=handler_App_Tick state_obj_id=4000004 args=[]
[VM_HANDLER_OK] widget=App event=Tick
[UI_EVENT] widget="App" event="Tick" input_val=None
[VM_HANDLER_CALL] widget=App event=Tick args=[]
[VM_EXEC] fn_name=handler_App_Tick state_obj_id=4000004 args=[]
[VM_HANDLER_OK] widget=App event=Tick
[UI_EVENT] widget="App" event="Tick" input_val=None
[VM_HANDLER_CALL] widget=App event=Tick args=[]
[VM_EXEC] fn_name=handler_App_Tick state_obj_id=4000004 args=[]
[VM_HANDLER_OK] widget=App event=Tick
[UI_EVENT] widget="App" event="Tick" input_val=None
[VM_HANDLER_CALL] widget=App event=Tick args=[]
[VM_EXEC] fn_name=handler_App_Tick state_obj_id=4000004 args=[]
[VM_HANDLER_OK] widget=App event=Tick
[UI_EVENT] widget="App" event="Tick" input_val=None
[VM_HANDLER_CALL] widget=App event=Tick args=[]
[VM_EXEC] fn_name=handler_App_Tick state_obj_id=4000004 args=[]
[VM_HANDLER_OK] widget=App event=Tick
[UI_EVENT] widget="App" event="Tick" input_val=None
[VM_HANDLER_CALL] widget=App event=Tick args=[]
[VM_EXEC] fn_name=handler_App_Tick state_obj_id=4000004 args=[]
[VM_HANDLER_OK] widget=App event=Tick
[VM_HANDLER_CALL] widget=App event=Tick args=[]
[VM_EXEC] fn_name=handler_App_Tick state_obj_id=4000004 args=[]
[VM_HANDLER_OK] widget=App event=Tick
[UI_EVENT] widget="App" event="Tick" input_val=None
[VM_HANDLER_CALL] widget=App event=Tick args=[]
[VM_EXEC] fn_name=handler_App_Tick state_obj_id=4000004 args=[]
[VM_HANDLER_OK] widget=App event=Tick
[UI_EVENT] widget="App" event="Tick" input_val=None
[VM_HANDLER_CALL] widget=App event=Tick args=[]
[VM_EXEC] fn_name=handler_App_Tick state_obj_id=4000004 args=[]
[VM_HANDLER_OK] widget=App event=Tick
[UI_EVENT] widget="App" event="Tick" input_val=None
[VM_HANDLER_CALL] widget=App event=Tick args=[]
[VM_EXEC] fn_name=handler_App_Tick state_obj_id=4000004 args=[]
[VM_HANDLER_OK] widget=App event=Tick
[UI_EVENT] widget="App" event="Tick" input_val=None
[VM_HANDLER_CALL] widget=App event=Tick args=[]
[VM_EXEC] fn_name=handler_App_Tick state_obj_id=4000004 args=[]
[VM_HANDLER_OK] widget=App event=Tick
[UI_EVENT] widget="App" event="Tick" input_val=None
[VM_HANDLER_CALL] widget=App event=Tick args=[]
[VM_EXEC] fn_name=handler_App_Tick state_obj_id=4000004 args=[]
[VM_HANDLER_OK] widget=App event=Tick
[UI_EVENT] widget="App" event="Tick" input_val=None
[VM_HANDLER_CALL] widget=App event=Tick args=[]
[VM_EXEC] fn_name=handler_App_Tick state_obj_id=4000004 args=[]
[VM_HANDLER_OK] widget=App event=Tick
[UI_EVENT] widget="App" event="Tick" input_val=None
[VM_HANDLER_CALL] widget=App event=Tick args=[]
[VM_EXEC] fn_name=handler_App_Tick state_obj_id=4000004 args=[]
[VM_HANDLER_OK] widget=App event=Tick
[UI_EVENT] widget="App" event="Tick" input_val=None
[VM_HANDLER_CALL] widget=App event=Tick args=[]
[VM_EXEC] fn_name=handler_App_Tick state_obj_id=4000004 args=[]
[VM_HANDLER_OK] widget=App event=Tick
[UI_EVENT] widget="App" event="Tick" input_val=None
[VM_HANDLER_CALL] widget=App event=Tick args=[]
[VM_EXEC] fn_name=handler_App_Tick state_obj_id=4000004 args=[]
[VM_HANDLER_OK] widget=App event=Tick
[UI_EVENT] widget="App" event="Tick" input_val=None
[VM_HANDLER_CALL] widget=App event=Tick args=[]
[VM_EXEC] fn_name=handler_App_Tick state_obj_id=4000004 args=[]
[VM_HANDLER_OK] widget=App event=Tick
[UI_EVENT] widget="App" event="Tick" input_val=None
[VM_HANDLER_CALL] widget=App event=Tick args=[]
[VM_EXEC] fn_name=handler_App_Tick state_obj_id=4000004 args=[]
[VM_HANDLER_OK] widget=App event=Tick
[UI_EVENT] widget="App" event="Tick" input_val=None
[VM_HANDLER_CALL] widget=App event=Tick args=[]
[VM_EXEC] fn_name=handler_App_Tick state_obj_id=4000004 args=[]
[VM_HANDLER_OK] widget=App event=Tick
[UI_EVENT] widget="App" event="Tick" input_val=None
[VM_HANDLER_CALL] widget=App event=Tick args=[]
[VM_EXEC] fn_name=handler_App_Tick state_obj_id=4000004 args=[]
[VM_HANDLER_OK] widget=App event=Tick
[UI_EVENT] widget="App" event="Tick" input_val=None
[VM_HANDLER_CALL] widget=App event=Tick args=[]
[VM_EXEC] fn_name=handler_App_Tick state_obj_id=4000004 args=[]
[VM_HANDLER_OK] widget=App event=Tick
[UI_EVENT] widget="App" event="Tick" input_val=None
[VM_HANDLER_CALL] widget=App event=Tick args=[]
[VM_EXEC] fn_name=handler_App_Tick state_obj_id=4000004 args=[]
[VM_HANDLER_OK] widget=App event=Tick
[UI_EVENT] widget="App" event="Tick" input_val=None
[VM_HANDLER_CALL] widget=App event=Tick args=[]
[VM_EXEC] fn_name=handler_App_Tick state_obj_id=4000004 args=[]
[VM_HANDLER_OK] widget=App event=Tick
[UI_EVENT] widget="App" event="Tick" input_val=None
[VM_HANDLER_CALL] widget=App event=Tick args=[]
[VM_EXEC] fn_name=handler_App_Tick state_obj_id=4000004 args=[]
[VM_HANDLER_OK] widget=App event=Tick
[UI_EVENT] widget="App" event="Tick" input_val=None
[VM_HANDLER_CALL] widget=App event=Tick args=[]
[VM_EXEC] fn_name=handler_App_Tick state_obj_id=4000004 args=[]
[VM_HANDLER_OK] widget=App event=Tick
[UI_EVENT] widget="App" event="Tick" input_val=None
[VM_HANDLER_CALL] widget=App event=Tick args=[]
[VM_EXEC] fn_name=handler_App_Tick state_obj_id=4000004 args=[]
[VM_HANDLER_OK] widget=App event=Tick
[UI_EVENT] widget="App" event="Tick" input_val=None
[VM_HANDLER_CALL] widget=App event=Tick args=[]
[VM_EXEC] fn_name=handler_App_Tick state_obj_id=4000004 args=[]
[VM_HANDLER_OK] widget=App event=Tick
[UI_EVENT] widget="App" event="Tick" input_val=None
[VM_HANDLER_CALL] widget=App event=Tick args=[]
[VM_EXEC] fn_name=handler_App_Tick state_obj_id=4000004 args=[]
[VM_HANDLER_OK] widget=App event=Tick
[VM_HANDLER_CALL] widget=App event=Tick args=[]
[VM_EXEC] fn_name=handler_App_Tick state_obj_id=4000004 args=[]
[VM_HANDLER_OK] widget=App event=Tick
[UI_EVENT] widget="App" event="Tick" input_val=None
[VM_HANDLER_CALL] widget=App event=Tick args=[]
[VM_EXEC] fn_name=handler_App_Tick state_obj_id=4000004 args=[]
[VM_HANDLER_OK] widget=App event=Tick
[UI_EVENT] widget="App" event="Tick" input_val=None
[VM_HANDLER_CALL] widget=App event=Tick args=[]
[VM_EXEC] fn_name=handler_App_Tick state_obj_id=4000004 args=[]
[VM_HANDLER_OK] widget=App event=Tick
[UI_EVENT] widget="App" event="Tick" input_val=None
[VM_HANDLER_CALL] widget=App event=Tick args=[]
[VM_EXEC] fn_name=handler_App_Tick state_obj_id=4000004 args=[]
[VM_HANDLER_OK] widget=App event=Tick
[UI_EVENT] widget="App" event="Tick" input_val=None
[VM_HANDLER_CALL] widget=App event=Tick args=[]
[VM_EXEC] fn_name=handler_App_Tick state_obj_id=4000004 args=[]
[VM_HANDLER_OK] widget=App event=Tick
[UI_EVENT] widget="App" event="Tick" input_val=None
[VM_HANDLER_CALL] widget=App event=Tick args=[]
[VM_EXEC] fn_name=handler_App_Tick state_obj_id=4000004 args=[]
[VM_HANDLER_OK] widget=App event=Tick
[UI_EVENT] widget="App" event="Tick" input_val=None
[VM_HANDLER_CALL] widget=App event=Tick args=[]
[VM_EXEC] fn_name=handler_App_Tick state_obj_id=4000004 args=[]
[VM_HANDLER_OK] widget=App event=Tick
[UI_EVENT] widget="App" event="Tick" input_val=None
[VM_HANDLER_CALL] widget=App event=Tick args=[]
[VM_EXEC] fn_name=handler_App_Tick state_obj_id=4000004 args=[]
[VM_HANDLER_OK] widget=App event=Tick
[UI_EVENT] widget="App" event="Tick" input_val=None
[VM_HANDLER_CALL] widget=App event=Tick args=[]
[VM_EXEC] fn_name=handler_App_Tick state_obj_id=4000004 args=[]
[VM_HANDLER_OK] widget=App event=Tick
[UI_EVENT] widget="App" event="Tick" input_val=None
[VM_HANDLER_CALL] widget=App event=Tick args=[]
[VM_EXEC] fn_name=handler_App_Tick state_obj_id=4000004 args=[]
[VM_HANDLER_OK] widget=App event=Tick
[UI_EVENT] widget="App" event="Tick" input_val=None
[VM_HANDLER_CALL] widget=App event=Tick args=[]
[VM_EXEC] fn_name=handler_App_Tick state_obj_id=4000004 args=[]
[VM_HANDLER_OK] widget=App event=Tick
[UI_EVENT] widget="App" event="Tick" input_val=None
[VM_HANDLER_CALL] widget=App event=Tick args=[]
[VM_EXEC] fn_name=handler_App_Tick state_obj_id=4000004 args=[]
[VM_HANDLER_OK] widget=App event=Tick
[UI_EVENT] widget="App" event="Tick" input_val=None
[VM_HANDLER_CALL] widget=App event=Tick args=[]
[VM_EXEC] fn_name=handler_App_Tick state_obj_id=4000004 args=[]
[VM_HANDLER_OK] widget=App event=Tick
[UI_EVENT] widget="App" event="Tick" input_val=None
[VM_HANDLER_CALL] widget=App event=Tick args=[]
[VM_EXEC] fn_name=handler_App_Tick state_obj_id=4000004 args=[]
[VM_HANDLER_OK] widget=App event=Tick
[UI_EVENT] widget="App" event="Tick" input_val=None
[VM_HANDLER_CALL] widget=App event=Tick args=[]
[VM_EXEC] fn_name=handler_App_Tick state_obj_id=4000004 args=[]
[VM_HANDLER_OK] widget=App event=Tick
[UI_EVENT] widget="App" event="Tick" input_val=None
[VM_HANDLER_CALL] widget=App event=Tick args=[]
[VM_EXEC] fn_name=handler_App_Tick state_obj_id=4000004 args=[]
[VM_HANDLER_OK] widget=App event=Tick
[UI_EVENT] widget="App" event="Tick" input_val=None
[VM_HANDLER_CALL] widget=App event=Tick args=[]
[VM_EXEC] fn_name=handler_App_Tick state_obj_id=4000004 args=[]
[VM_HANDLER_OK] widget=App event=Tick
[UI_EVENT] widget="App" event="Tick" input_val=None
[VM_HANDLER_CALL] widget=App event=Tick args=[]
[VM_EXEC] fn_name=handler_App_Tick state_obj_id=4000004 args=[]
[VM_HANDLER_OK] widget=App event=Tick
[UI_EVENT] widget="App" event="Tick" input_val=None
[VM_HANDLER_CALL] widget=App event=Tick args=[]
[VM_EXEC] fn_name=handler_App_Tick state_obj_id=4000004 args=[]
[VM_HANDLER_OK] widget=App event=Tick
[UI_EVENT] widget="App" event="Tick" input_val=None
[VM_HANDLER_CALL] widget=App event=Tick args=[]
[VM_EXEC] fn_name=handler_App_Tick state_obj_id=4000004 args=[]
[VM_HANDLER_OK] widget=App event=Tick
[VM_HANDLER_CALL] widget=App event=Tick args=[]
[VM_EXEC] fn_name=handler_App_Tick state_obj_id=4000004 args=[]
[VM_HANDLER_OK] widget=App event=Tick
[UI_EVENT] widget="App" event="Tick" input_val=None
[VM_HANDLER_CALL] widget=App event=Tick args=[]
[VM_EXEC] fn_name=handler_App_Tick state_obj_id=4000004 args=[]
[VM_HANDLER_OK] widget=App event=Tick
[UI_EVENT] widget="App" event="Tick" input_val=None
[VM_HANDLER_CALL] widget=App event=Tick args=[]
[VM_EXEC] fn_name=handler_App_Tick state_obj_id=4000004 args=[]
[VM_HANDLER_OK] widget=App event=Tick
[UI_EVENT] widget="App" event="Tick" input_val=None
[VM_HANDLER_CALL] widget=App event=Tick args=[]
[VM_EXEC] fn_name=handler_App_Tick state_obj_id=4000004 args=[]
[VM_HANDLER_OK] widget=App event=Tick
[UI_EVENT] widget="App" event="Tick" input_val=None
[VM_HANDLER_CALL] widget=App event=Tick args=[]
[VM_EXEC] fn_name=handler_App_Tick state_obj_id=4000004 args=[]
[VM_HANDLER_OK] widget=App event=Tick
[UI_EVENT] widget="App" event="Tick" input_val=None
[VM_HANDLER_CALL] widget=App event=Tick args=[]
[VM_EXEC] fn_name=handler_App_Tick state_obj_id=4000004 args=[]
[VM_HANDLER_OK] widget=App event=Tick
[UI_EVENT] widget="App" event="Tick" input_val=None
[VM_HANDLER_CALL] widget=App event=Tick args=[]
[VM_EXEC] fn_name=handler_App_Tick state_obj_id=4000004 args=[]
[VM_HANDLER_OK] widget=App event=Tick
[UI_EVENT] widget="App" event="Tick" input_val=None
[VM_HANDLER_CALL] widget=App event=Tick args=[]
[VM_EXEC] fn_name=handler_App_Tick state_obj_id=4000004 args=[]
[VM_HANDLER_OK] widget=App event=Tick
[UI_EVENT] widget="App" event="Tick" input_val=None
[VM_HANDLER_CALL] widget=App event=Tick args=[]
[VM_EXEC] fn_name=handler_App_Tick state_obj_id=4000004 args=[]
[VM_HANDLER_OK] widget=App event=Tick
[UI_EVENT] widget="App" event="Tick" input_val=None
[VM_HANDLER_CALL] widget=App event=Tick args=[]
[VM_EXEC] fn_name=handler_App_Tick state_obj_id=4000004 args=[]
[VM_HANDLER_OK] widget=App event=Tick
[UI_EVENT] widget="App" event="Tick" input_val=None
[VM_HANDLER_CALL] widget=App event=Tick args=[]
[VM_EXEC] fn_name=handler_App_Tick state_obj_id=4000004 args=[]
[VM_HANDLER_OK] widget=App event=Tick
[UI_EVENT] widget="App" event="Tick" input_val=None
[VM_HANDLER_CALL] widget=App event=Tick args=[]
[VM_EXEC] fn_name=handler_App_Tick state_obj_id=4000004 args=[]
[VM_HANDLER_OK] widget=App event=Tick
[UI_EVENT] widget="App" event="Tick" input_val=None
[VM_HANDLER_CALL] widget=App event=Tick args=[]
[VM_EXEC] fn_name=handler_App_Tick state_obj_id=4000004 args=[]
[VM_HANDLER_OK] widget=App event=Tick
[UI_EVENT] widget="App" event="Tick" input_val=None
[VM_HANDLER_CALL] widget=App event=Tick args=[]
[VM_EXEC] fn_name=handler_App_Tick state_obj_id=4000004 args=[]
[VM_HANDLER_OK] widget=App event=Tick
[UI_EVENT] widget="App" event="Tick" input_val=None
[VM_HANDLER_CALL] widget=App event=Tick args=[]
[VM_EXEC] fn_name=handler_App_Tick state_obj_id=4000004 args=[]
[VM_HANDLER_OK] widget=App event=Tick
[UI_EVENT] widget="App" event="Tick" input_val=None
[VM_HANDLER_CALL] widget=App event=Tick args=[]
[VM_EXEC] fn_name=handler_App_Tick state_obj_id=4000004 args=[]
[VM_HANDLER_OK] widget=App event=Tick
