warning: unused doc comment
   --> D:\autostack\auto-lang\crates\shim-metadata\src\classify.rs:213:13
    |
213 |               /// 回调令牌,wrapper adapter 重入 VM);其余拥有外来类型 v1 跳过
    |               ^^^^^^^^^^^^^^^^^^^^^^^^^^^^^^^^^^^^^^^^^^^^^^^^^^^^^^^^^^^^^^
214 | /             Ty::OpaqueOwned(n) if n.contains("Fn") => {
215 | |                 args.push(ArgPlan::Callback);
216 | |                 continue;
217 | |             }
    | |_____________- rustdoc does not generate documentation for match arms
    |
    = help: use `//` for a plain comment
    = note: `#[warn(unused_doc_comments)]` (part of `#[warn(unused)]`) on by default

warning: `shim-metadata` (lib) generated 1 warning
warning: linker stdout: 正在创建库 D:\autostack\auto-term\app\rust-workspace\target\debug\deps\auto_macros-20ec29b8b4c34484.dll.lib 和对象 D:\autostack\auto-term\app\rust-workspace\target\debug\deps\auto_macros-20ec29b8b4c34484.dll.exp
  |
  = note: `#[warn(linker_messages)]` on by default

warning: `auto-macros` (lib) generated 1 warning
warning: unused doc comment
   --> D:\autostack\auto-lang\crates\auto-lang\src\aura\extract.rs:874:1
    |
874 | /// Extract view node from parsed ViewNode
    | ^^^^^^^^^^^^^^^^^^^^^^^^^^^^^^^^^^^^^^^^^^ rustdoc does not generate documentation for macro invocations
    |
    = help: to document an item produced by a macro, the macro must produce the documentation as part of its expansion
    = note: `#[warn(unused_doc_comments)]` (part of `#[warn(unused)]`) on by default

warning: unused import: `ViewProp`
  --> D:\autostack\auto-lang\crates\auto-lang\src\aura\extract.rs:13:50
   |
13 | use crate::ast::{Expr, Type, Key, ViewPropValue, ViewProp, ViewEvent};
   |                                                  ^^^^^^^^
   |
   = note: `#[warn(unused_imports)]` (part of `#[warn(unused)]`) on by default

warning: unnecessary parentheses around block return value
   --> D:\autostack\auto-lang\crates\auto-lang\src\design_tokens\registry.rs:190:9
    |
190 |         ((g - b) / d + if g < b { 6.0 } else { 0.0 })
    |         ^                                           ^
    |
    = note: `#[warn(unused_parens)]` (part of `#[warn(unused)]`) on by default
help: remove these parentheses
    |
190 -         ((g - b) / d + if g < b { 6.0 } else { 0.0 })
190 +         (g - b) / d + if g < b { 6.0 } else { 0.0 }
    |

warning: unused imports: `Expr` and `Stmt`
    --> D:\autostack\auto-lang\crates\auto-lang\src\ui_gen\rust.rs:4169:26
     |
4169 |         use crate::ast::{Expr, Stmt};
     |                          ^^^^  ^^^^

warning: unused import: `auto_val::Op`
    --> D:\autostack\auto-lang\crates\auto-lang\src\ui_gen\rust.rs:4170:13
     |
4170 |         use auto_val::Op;
     |             ^^^^^^^^^^^^

warning: unnecessary parentheses around `if` condition
    --> D:\autostack\auto-lang\crates\auto-lang\src\ui_gen\rust.rs:5741:20
     |
5741 |                 if (fn_name.starts_with("store.") || fn_name.starts_with("self.store.")) {
     |                    ^                                                                   ^
     |
help: remove these parentheses
     |
5741 -                 if (fn_name.starts_with("store.") || fn_name.starts_with("self.store.")) {
5741 +                 if fn_name.starts_with("store.") || fn_name.starts_with("self.store.") {
     |

warning: unused import: `std::collections::HashSet`
   --> D:\autostack\auto-lang\crates\auto-lang\src\ui_gen\api.rs:283:5
    |
283 | use std::collections::HashSet;
    |     ^^^^^^^^^^^^^^^^^^^^^^^^^

warning: unused import: `Args`
  --> D:\autostack\auto-lang\crates\auto-lang\src\trans\emit.rs:15:23
   |
15 | use crate::ast::{Arg, Args, Body, Call, Code, Expr, Fn, For, If, Iter, Stmt, Store, StoreKind, Try, Use, UseKind};
   |                       ^^^^

warning: unused imports: `NATIVE_PRINT_F64` and `NATIVE_PRINT_U64`
 --> D:\autostack\auto-lang\crates\auto-lang\src\vm\codegen.rs:7:993
  |
7 | ...E_BASENAME, NATIVE_PRINT_F32, NATIVE_PRINT_F64, NATIVE_PRINT_I32, NATIVE_PRINT_STR, NATIVE_PRINT_U64, NATIVE_PRINT_UNIFIED, NATIVE...
  |                                  ^^^^^^^^^^^^^^^^                                      ^^^^^^^^^^^^^^^^

warning: unused import: `std::fmt::Write`
  --> D:\autostack\auto-lang\crates\auto-lang\src\vm\abt\mod.rs:81:13
   |
81 |         use std::fmt::Write;
   |             ^^^^^^^^^^^^^^^

warning: unused import: `std::sync::atomic::Ordering`
   --> D:\autostack\auto-lang\crates\auto-lang\src\vm\engine.rs:889:13
    |
889 |         use std::sync::atomic::Ordering;
    |             ^^^^^^^^^^^^^^^^^^^^^^^^^^^

warning: unused import: `crate::vm::ffi::VMConvertible`
     --> D:\autostack\auto-lang\crates\auto-lang\src\vm\engine.rs:10557:9
      |
10557 |     use crate::vm::ffi::VMConvertible;
      |         ^^^^^^^^^^^^^^^^^^^^^^^^^^^^^

warning: unused import: `crate::vm::task::AutoTask`
     --> D:\autostack\auto-lang\crates\auto-lang\src\vm\engine.rs:10558:9
      |
10558 |     use crate::vm::task::AutoTask;
      |         ^^^^^^^^^^^^^^^^^^^^^^^^^

warning: unused import: `dashmap::DashMap`
  --> D:\autostack\auto-lang\crates\auto-lang\src\vm\rc.rs:20:5
   |
20 | use dashmap::DashMap;
   |     ^^^^^^^^^^^^^^^^

warning: unused import: `AtomicU64`
  --> D:\autostack\auto-lang\crates\auto-lang\src\vm\rc.rs:22:36
   |
22 | use std::sync::atomic::{AtomicU32, AtomicU64, Ordering};
   |                                    ^^^^^^^^^

warning: unused doc comment
    --> D:\autostack\auto-lang\crates\auto-lang\src\vm\ffi\stdlib.rs:2793:1
     |
2793 | /// 原始（inventory rust_fn）shim 的暂存表：wrapper 规整首参后委托原实现。
     | ^^^^^^^^^^^^^^^^^^^^^^^^^^^^^^^^^^^^^^^^^^^^^^^^^^^^^^^^^^^^^^^^^^^^^^^^^^ rustdoc does not generate documentation for macro invocations
     |
     = help: to document an item produced by a macro, the macro must produce the documentation as part of its expansion

warning: unused doc comment
   --> D:\autostack\auto-lang\crates\auto-lang\src\vm\ffi\dep_methods.rs:878:1
    |
878 | / /// 同步调用期有效的回调帧(裸指针仅在 marshaller 调用窗口内解引用;
879 | | /// 单线程原型,深度 1)。Option 空即"不在回调窗口"。
    | |_--------------------------------------------------^
    |   |
    |   rustdoc does not generate documentation for macro invocations
    |
    = help: to document an item produced by a macro, the macro must produce the documentation as part of its expansion

warning: unnecessary parentheses around assigned value
   --> D:\autostack\auto-lang\crates\auto-lang\src\vm\ffi\term_engine.rs:756:26
    |
756 |         let Ok(paused) = (lib.get::<unsafe extern "C" fn(*mut core::ffi::c_void) -> c_int>(
    |                          ^
757 |             b"autoterm_engine_backlog_paused\0",
758 |         )) else {
    |          ^
    |
help: remove these parentheses
    |
756 ~         let Ok(paused) = lib.get::<unsafe extern "C" fn(*mut core::ffi::c_void) -> c_int>(
757 |             b"autoterm_engine_backlog_paused\0",
758 ~         ) else {
    |

warning: unnecessary parentheses around assigned value
   --> D:\autostack\auto-lang\crates\auto-lang\src\vm\ffi\term_engine.rs:795:27
    |
795 |         let Ok(dropped) = (lib.get::<unsafe extern "C" fn(*mut core::ffi::c_void) -> c_int>(
    |                           ^
796 |             b"autoterm_engine_overflow_count\0",
797 |         )) else {
    |          ^
    |
help: remove these parentheses
    |
795 ~         let Ok(dropped) = lib.get::<unsafe extern "C" fn(*mut core::ffi::c_void) -> c_int>(
796 |             b"autoterm_engine_overflow_count\0",
797 ~         ) else {
    |

warning: unused import: `crate::run`
  --> D:\autostack\auto-lang\crates\auto-lang\src\vm\tests_chart_geometry.rs:12:5
   |
12 | use crate::run;
   |     ^^^^^^^^^^

warning: unused imports: `VueGenerator` and `VueMode`
    --> D:\autostack\auto-lang\crates\auto-lang\src\lib.rs:6400:76
     |
6400 |     use crate::ui_gen::{generate_component_from_file, ComponentGenOptions, VueGenerator, VueMode};
     |                                                                            ^^^^^^^^^^^^  ^^^^^^^

warning: unused import: `AtomicBool`
  --> D:\autostack\auto-lang\crates\auto-lang\src\ui\style\mod.rs:41:29
   |
41 |     use std::sync::atomic::{AtomicBool, AtomicU64, Ordering};
   |                             ^^^^^^^^^^

warning: unused doc comment
   --> D:\autostack\auto-lang\crates\auto-lang\src\ui\style\theme\mod.rs:176:1
    |
176 | / /// PLAN-020 T-00b: 窗口高度(逻辑 px),与 window_width 同规约——renderer
177 | | /// 在 view() 前设值。窗口尺寸面(分屏矩形投影 px 类几何的标定源)。
    | |_-----------------------------------------------------------------^
    |   |
    |   rustdoc does not generate documentation for macro invocations
    |
    = help: to document an item produced by a macro, the macro must produce the documentation as part of its expansion

warning: unused import: `Try`
  --> D:\autostack\auto-lang\crates\auto-lang\src\ui\handler_codegen.rs:22:73
   |
22 |     Arg, Body, Branch, Expr, Fn, FnKind, If, Member, Name, Param, Stmt, Try, Type, TypeDecl,
   |                                                                         ^^^

warning: variable does not need to be mutable
   --> D:\autostack\auto-lang\crates\auto-lang\src\aura\extract.rs:689:24
    |
689 |     let (mut handlers, mut handler_params) = if let Some(on) = &decl.on {
    |                        ----^^^^^^^^^^^^^^
    |                        |
    |                        help: remove this `mut`
    |
    = note: `#[warn(unused_mut)]` (part of `#[warn(unused)]`) on by default

warning: unused variable: `def`
   --> D:\autostack\auto-lang\crates\auto-lang\src\aura\schema.rs:327:21
    |
327 |         if let Some(def) = self.elements.get(tag) {
    |                     ^^^ help: if this is intentional, prefix it with an underscore: `_def`
    |
    = note: `#[warn(unused_variables)]` (part of `#[warn(unused)]`) on by default

warning: variable does not need to be mutable
    --> D:\autostack\auto-lang\crates\auto-lang\src\ui_gen\vue.rs:6357:34
     |
6357 | ...                   let (mut static_classes, _dc, _ds) = self.extract_classes(tag, props);
     |                            ----^^^^^^^^^^^^^^
     |                            |
     |                            help: remove this `mut`

warning: unreachable pattern
    --> D:\autostack\auto-lang\crates\auto-lang\src\ui_gen\vue.rs:8846:13
     |
8817 |             "option" | "Option" => "option".to_string(),
     |             ------------------- matches all the relevant values
...
8846 |             "option" | "Option" => "option".to_string(),
     |             ^^^^^^^^^^^^^^^^^^^ no value can reach this
     |
     = note: `#[warn(unreachable_patterns)]` (part of `#[warn(unused)]`) on by default

warning: unreachable pattern
    --> D:\autostack\auto-lang\crates\auto-lang\src\ui_gen\vue.rs:9382:17
     |
9382 |                 _ => {}
     |                 ^ no value can reach this
     |
note: multiple earlier patterns match some of the same values
    --> D:\autostack\auto-lang\crates\auto-lang\src\ui_gen\vue.rs:9382:17
     |
9255 |                 AuraPropValue::StyleBinding(bindings) => {
     |                 ------------------------------------- matches some of the same values
...
9274 |                 AuraPropValue::Expr(crate::ast::Expr::Str(s)) => {
     |                 --------------------------------------------- matches some of the same values
...
9304 |                 AuraPropValue::Expr(crate::ast::Expr::If(if_stmt)) => {
     |                 -------------------------------------------------- matches some of the same values
...
9317 |                 AuraPropValue::Expr(crate::ast::Expr::Array(elems)) => {
     |                 --------------------------------------------------- matches some of the same values
...
9382 |                 _ => {}
     |                 ^ ...and 1 other patterns collectively make this unreachable

warning: unused variable: `store_check`
    --> D:\autostack\auto-lang\crates\auto-lang\src\ui_gen\rust.rs:4431:21
     |
4431 |                 let store_check = format!("{}.{}", first, part);
     |                     ^^^^^^^^^^^ help: if this is intentional, prefix it with an underscore: `_store_check`

warning: variable does not need to be mutable
   --> D:\autostack\auto-lang\crates\auto-lang\src\ui_gen\widget\registry.rs:336:13
    |
336 |         let mut scroll_scrollbar = WidgetSpec::new("ScrollAreaScrollbar", WidgetCategory::Layout)
    |             ----^^^^^^^^^^^^^^^^
    |             |
    |             help: remove this `mut`

warning: variable does not need to be mutable
   --> D:\autostack\auto-lang\crates\auto-lang\src\ui_gen\widget\registry.rs:341:13
    |
341 |         let mut scroll_thumb = WidgetSpec::new("ScrollAreaThumb", WidgetCategory::Layout)
    |             ----^^^^^^^^^^^^
    |             |
    |             help: remove this `mut`

warning: variable does not need to be mutable
   --> D:\autostack\auto-lang\crates\auto-lang\src\ui_gen\widget\registry.rs:534:13
    |
534 |         let mut select_value = WidgetSpec::new("SelectValue", WidgetCategory::Form)
    |             ----^^^^^^^^^^^^
    |             |
    |             help: remove this `mut`

warning: variable does not need to be mutable
    --> D:\autostack\auto-lang\crates\auto-lang\src\ui_gen\widget\registry.rs:1127:13
     |
1127 |         let mut breadcrumb_sep = WidgetSpec::new("BreadcrumbSeparator", WidgetCategory::Navigation)
     |             ----^^^^^^^^^^^^^^
     |             |
     |             help: remove this `mut`

warning: variable does not need to be mutable
    --> D:\autostack\auto-lang\crates\auto-lang\src\ui_gen\widget\registry.rs:1192:13
     |
1192 |         let mut pagination_link = WidgetSpec::new("PaginationLink", WidgetCategory::Navigation)
     |             ----^^^^^^^^^^^^^^^
     |             |
     |             help: remove this `mut`

warning: variable does not need to be mutable
    --> D:\autostack\auto-lang\crates\auto-lang\src\ui_gen\widget\registry.rs:1197:13
     |
1197 |         let mut pagination_ellipsis = WidgetSpec::new("PaginationEllipsis", WidgetCategory::Navigation)
     |             ----^^^^^^^^^^^^^^^^^^^
     |             |
     |             help: remove this `mut`

warning: variable does not need to be mutable
    --> D:\autostack\auto-lang\crates\auto-lang\src\ui_gen\widget\registry.rs:1202:13
     |
1202 |         let mut pagination_next = WidgetSpec::new("PaginationNext", WidgetCategory::Navigation)
     |             ----^^^^^^^^^^^^^^^
     |             |
     |             help: remove this `mut`

warning: variable does not need to be mutable
    --> D:\autostack\auto-lang\crates\auto-lang\src\ui_gen\widget\registry.rs:1207:13
     |
1207 |         let mut pagination_prev = WidgetSpec::new("PaginationPrevious", WidgetCategory::Navigation)
     |             ----^^^^^^^^^^^^^^^
     |             |
     |             help: remove this `mut`

warning: variable does not need to be mutable
    --> D:\autostack\auto-lang\crates\auto-lang\src\ui_gen\widget\registry.rs:1850:13
     |
1850 |         let mut toast_viewport = WidgetSpec::new("ToastViewport", WidgetCategory::Feedback)
     |             ----^^^^^^^^^^^^^^
     |             |
     |             help: remove this `mut`

warning: variable does not need to be mutable
    --> D:\autostack\auto-lang\crates\auto-lang\src\ui_gen\widget\registry.rs:1861:13
     |
1861 |         let mut toast_close = WidgetSpec::new("ToastClose", WidgetCategory::Feedback)
     |             ----^^^^^^^^^^^
     |             |
     |             help: remove this `mut`

warning: variable does not need to be mutable
    --> D:\autostack\auto-lang\crates\auto-lang\src\ui_gen\widget\registry.rs:1899:13
     |
1899 |         let mut sonner = WidgetSpec::new("Sonner", WidgetCategory::Feedback)
     |             ----^^^^^^
     |             |
     |             help: remove this `mut`

warning: variable does not need to be mutable
    --> D:\autostack\auto-lang\crates\auto-lang\src\ui_gen\widget\registry.rs:2070:13
     |
2070 |         let mut calendar_day = WidgetSpec::new("CalendarDay", WidgetCategory::Data)
     |             ----^^^^^^^^^^^^
     |             |
     |             help: remove this `mut`

warning: value assigned to `sub_widgets_out` is never read
   --> D:\autostack\auto-lang\crates\auto-lang\src\ui_gen\api.rs:741:44
    |
741 |     let mut sub_widgets_out: Vec<String> = Vec::new();
    |                                            ^^^^^^^^^^ this value is reassigned later and never used
...
804 |         sub_widgets_out = package_names;
    |         --------------- `sub_widgets_out` is overwritten here before the previous value is read
    |
    = note: `#[warn(unused_assignments)]` (part of `#[warn(unused)]`) on by default

warning: unused variable: `count`
   --> D:\autostack\auto-lang\crates\auto-lang\src\ui_gen\validators.rs:674:9
    |
674 |     let count = template.matches("AutoDownEditor").count();
    |         ^^^^^ help: if this is intentional, prefix it with an underscore: `_count`

warning: unused variable: `w`
    --> D:\autostack\auto-lang\crates\auto-lang\src\parser.rs:1383:21
     |
1383 |                 let w = "__w".to_string();
     |                     ^ help: if this is intentional, prefix it with an underscore: `_w`

warning: variable does not need to be mutable
    --> D:\autostack\auto-lang\crates\auto-lang\src\parser.rs:2542:13
     |
2542 |         let mut rollback = |slf: &mut Self| {
     |             ----^^^^^^^^
     |             |
     |             help: remove this `mut`

warning: unused variable: `open`
     --> D:\autostack\auto-lang\crates\auto-lang\src\parser.rs:10882:14
      |
10882 |         let (open, close, close_text) = if self.is_kind(TokenKind::Lt) {
      |              ^^^^ help: if this is intentional, prefix it with an underscore: `_open`

warning: unused variable: `events`
     --> D:\autostack\auto-lang\crates\auto-lang\src\parser.rs:13196:45
      |
13196 |             ViewNode::Element { tag, props, events, children, .. } => {
      |                                             ^^^^^^ help: try ignoring the field: `events: _`

warning: unused variable: `method`
    --> D:\autostack\auto-lang\crates\auto-lang\src\trans\rust.rs:1012:31
     |
1012 |         if let Expr::Dot(obj, method) = call.name.as_ref() {
     |                               ^^^^^^ help: if this is intentional, prefix it with an underscore: `_method`

warning: unreachable pattern
    --> D:\autostack\auto-lang\crates\auto-lang\src\trans\rust.rs:6163:34
     |
6063 |                         "Json" => match method.as_str() {
     |                         ------ matches all the relevant values
...
6163 |                         "json" | "Json" => match method.as_str() {
     |                                  ^^^^^^ no value can reach this

warning: unreachable pattern
    --> D:\autostack\auto-lang\crates\auto-lang\src\trans\rust.rs:6283:29
     |
6205 | ...                   "as_int" => {
     |                       -------- matches all the relevant values
...
6283 | ...                   "as_int" => {
     |                       ^^^^^^^^ no value can reach this

warning: unused variable: `name`
     --> D:\autostack\auto-lang\crates\auto-lang\src\trans\rust.rs:11993:13
      |
11993 |         let name = td.name.as_str();
      |             ^^^^ help: if this is intentional, prefix it with an underscore: `_name`

warning: unused variable: `name`
     --> D:\autostack\auto-lang\crates\auto-lang\src\trans\rust.rs:12545:9
      |
12545 |         name: &str,
      |         ^^^^ help: if this is intentional, prefix it with an underscore: `_name`

warning: irrefutable `if let` pattern
     --> D:\autostack\auto-lang\crates\auto-lang\src\trans\rust.rs:19846:20
      |
19846 |                 if let crate::ast::Cover::Tag(tc) = cover {
      |                    ^^^^^^^^^^^^^^^^^^^^^^^^^^^^^^^^^^^^^^
      |
      = note: this pattern will always match, so the `if let` is useless
      = help: consider replacing the `if let` with a `let`
      = note: `#[warn(irrefutable_let_patterns)]` on by default

warning: unused variable: `derive_attr`
     --> D:\autostack\auto-lang\crates\auto-lang\src\trans\rust.rs:22153:21
      |
22153 |                 let derive_attr = caps.get(1).unwrap().as_str();
      |                     ^^^^^^^^^^^ help: if this is intentional, prefix it with an underscore: `_derive_attr`

warning: unused variable: `has_kw`
  --> D:\autostack\auto-lang\crates\auto-lang\src\trans\s2s_rules.rs:90:21
   |
90 |                 let has_kw = c
   |                     ^^^^^^ help: if this is intentional, prefix it with an underscore: `_has_kw`

warning: unused variable: `spec_decl`
    --> D:\autostack\auto-lang\crates\auto-lang\src\vm\codegen.rs:2664:28
     |
2664 |             Stmt::SpecDecl(spec_decl) => {
     |                            ^^^^^^^^^ help: if this is intentional, prefix it with an underscore: `_spec_decl`

warning: unused variable: `enum_method`
    --> D:\autostack\auto-lang\crates\auto-lang\src\vm\codegen.rs:8083:61
     |
8083 | ...                   let enum_method = format!("{}.{}", enum_name, method.as_ref());
     |                           ^^^^^^^^^^^ help: if this is intentional, prefix it with an underscore: `_enum_method`

warning: unreachable pattern
   --> D:\autostack\auto-lang\crates\auto-lang\src\vm\abt\asm.rs:175:11
    |
151 |         | OpCode::LOAD_GLOBAL | OpCode::STORE_GLOBAL
    |           ------------------- matches all the relevant values
...
175 |         | OpCode::LOAD_GLOBAL | OpCode::STORE_GLOBAL
    |           ^^^^^^^^^^^^^^^^^^^ no value can reach this

warning: unreachable pattern
   --> D:\autostack\auto-lang\crates\auto-lang\src\vm\abt\asm.rs:175:33
    |
151 |         | OpCode::LOAD_GLOBAL | OpCode::STORE_GLOBAL
    |                                 -------------------- matches all the relevant values
...
175 |         | OpCode::LOAD_GLOBAL | OpCode::STORE_GLOBAL
    |                                 ^^^^^^^^^^^^^^^^^^^^ no value can reach this

warning: unreachable pattern
   --> D:\autostack\auto-lang\crates\auto-lang\src\vm\abt\disasm.rs:263:11
    |
239 |         | OpCode::LOAD_GLOBAL | OpCode::STORE_GLOBAL
    |           ------------------- matches all the relevant values
...
263 |         | OpCode::LOAD_GLOBAL | OpCode::STORE_GLOBAL
    |           ^^^^^^^^^^^^^^^^^^^ no value can reach this

warning: unreachable pattern
   --> D:\autostack\auto-lang\crates\auto-lang\src\vm\abt\disasm.rs:263:33
    |
239 |         | OpCode::LOAD_GLOBAL | OpCode::STORE_GLOBAL
    |                                 -------------------- matches all the relevant values
...
263 |         | OpCode::LOAD_GLOBAL | OpCode::STORE_GLOBAL
    |                                 ^^^^^^^^^^^^^^^^^^^^ no value can reach this

warning: variable does not need to be mutable
  --> D:\autostack\auto-lang\crates\auto-lang\src\vm\abt\mod.rs:87:13
   |
87 | ...   let mut emit_line = |s: &str, src_line: Option<u32>, out: &mut String, map: &mut Vec<crate::trans::SourceMapEntry>, line_no: &...
   |           ----^^^^^^^^^
   |           |
   |           help: remove this `mut`

warning: unused variable: `handle`
    --> D:\autostack\auto-lang\crates\auto-lang\src\vm\engine.rs:6651:33
     |
6651 |                     if let Some(handle) = http_response_handle {
     |                                 ^^^^^^ help: if this is intentional, prefix it with an underscore: `_handle`

warning: unused variable: `other`
    --> D:\autostack\auto-lang\crates\auto-lang\src\vm\engine.rs:7628:42
     |
7628 | ...                   Some(other) => {
     |                            ^^^^^ help: if this is intentional, prefix it with an underscore: `_other`

warning: value assigned to `old_field_ref` is never read
    --> D:\autostack\auto-lang\crates\auto-lang\src\vm\engine.rs:4865:58
     |
4865 |                       let mut old_field_ref: Option<u64> = None;
     |                                                            ^^^^ this value is reassigned later and never used
...
4879 | /                                 old_field_ref = instance.fields.get(field_index).and_then(|v| match v {
4880 | |                                     Value::VmRef(r) => Some(r.id as u64),
4881 | |                                     _ => None,
4882 | |                                 });
     | |__________________________________- `old_field_ref` is overwritten here before the previous value is read

warning: value assigned to `old_elem_ref` is never read
    --> D:\autostack\auto-lang\crates\auto-lang\src\vm\engine.rs:5499:57
     |
5499 |                       let mut old_elem_ref: Option<u64> = None;
     |                                                           ^^^^ this value is reassigned later and never used
...
5509 | /                                 old_elem_ref = match &list.elems[index] {
5510 | |                                     auto_val::Value::VmRef(r) => Some(r.id as u64),
5511 | |                                     _ => None,
5512 | |                                 };
     | |_________________________________- `old_elem_ref` is overwritten here before the previous value is read

warning: variable does not need to be mutable
   --> D:\autostack\auto-lang\crates\auto-lang\src\vm\rc.rs:328:22
    |
328 |             let Some(mut e) = self.heap_rc.get_mut(&id) else {
    |                      ----^
    |                      |
    |                      help: remove this `mut`

warning: unused variable: `k`
   --> D:\autostack\auto-lang\crates\auto-lang\src\vm\rc.rs:666:25
    |
666 |             if let Some(k) = &key {
    |                         ^ help: if this is intentional, prefix it with an underscore: `_k`

warning: unused variable: `key`
  --> D:\autostack\auto-lang\crates\auto-lang\src\vm\autodown_natives.rs:59:9
   |
59 |     let key = pop_string_arg(task, vm);
   |         ^^^ help: if this is intentional, prefix it with an underscore: `_key`

warning: unused variable: `vm`
   --> D:\autostack\auto-lang\crates\auto-lang\src\vm\native.rs:312:38
    |
312 | fn shim_int_and(task: &mut AutoTask, vm: &AutoVM) -> Result<(), VMError> {
    |                                      ^^ help: if this is intentional, prefix it with an underscore: `_vm`

warning: unused variable: `vm`
   --> D:\autostack\auto-lang\crates\auto-lang\src\vm\native.rs:320:37
    |
320 | fn shim_int_or(task: &mut AutoTask, vm: &AutoVM) -> Result<(), VMError> {
    |                                     ^^ help: if this is intentional, prefix it with an underscore: `_vm`

warning: unused variable: `vm`
   --> D:\autostack\auto-lang\crates\auto-lang\src\vm\native.rs:328:38
    |
328 | fn shim_int_xor(task: &mut AutoTask, vm: &AutoVM) -> Result<(), VMError> {
    |                                      ^^ help: if this is intentional, prefix it with an underscore: `_vm`

warning: unused variable: `vm`
   --> D:\autostack\auto-lang\crates\auto-lang\src\vm\native.rs:337:38
    |
337 | fn shim_int_not(task: &mut AutoTask, vm: &AutoVM) -> Result<(), VMError> {
    |                                      ^^ help: if this is intentional, prefix it with an underscore: `_vm`

warning: unused variable: `vm`
   --> D:\autostack\auto-lang\crates\auto-lang\src\vm\native.rs:345:38
    |
345 | fn shim_int_shl(task: &mut AutoTask, vm: &AutoVM) -> Result<(), VMError> {
    |                                      ^^ help: if this is intentional, prefix it with an underscore: `_vm`

warning: unused variable: `vm`
   --> D:\autostack\auto-lang\crates\auto-lang\src\vm\native.rs:356:38
    |
356 | fn shim_int_shr(task: &mut AutoTask, vm: &AutoVM) -> Result<(), VMError> {
    |                                      ^^ help: if this is intentional, prefix it with an underscore: `_vm`

warning: unused variable: `vm`
   --> D:\autostack\auto-lang\crates\auto-lang\src\vm\native.rs:367:38
    |
367 | fn shim_int_sar(task: &mut AutoTask, vm: &AutoVM) -> Result<(), VMError> {
    |                                      ^^ help: if this is intentional, prefix it with an underscore: `_vm`

warning: unused variable: `vm`
   --> D:\autostack\auto-lang\crates\auto-lang\src\vm\native.rs:381:38
    |
381 | fn shim_int_rol(task: &mut AutoTask, vm: &AutoVM) -> Result<(), VMError> {
    |                                      ^^ help: if this is intentional, prefix it with an underscore: `_vm`

warning: unused variable: `vm`
   --> D:\autostack\auto-lang\crates\auto-lang\src\vm\native.rs:389:38
    |
389 | fn shim_int_ror(task: &mut AutoTask, vm: &AutoVM) -> Result<(), VMError> {
    |                                      ^^ help: if this is intentional, prefix it with an underscore: `_vm`

warning: unused variable: `vm`
   --> D:\autostack\auto-lang\crates\auto-lang\src\vm\native.rs:397:45
    |
397 | fn shim_int_count_ones(task: &mut AutoTask, vm: &AutoVM) -> Result<(), VMError> {
    |                                             ^^ help: if this is intentional, prefix it with an underscore: `_vm`

warning: unused variable: `vm`
   --> D:\autostack\auto-lang\crates\auto-lang\src\vm\native.rs:404:48
    |
404 | fn shim_int_leading_zeros(task: &mut AutoTask, vm: &AutoVM) -> Result<(), VMError> {
    |                                                ^^ help: if this is intentional, prefix it with an underscore: `_vm`

warning: unused variable: `vm`
   --> D:\autostack\auto-lang\crates\auto-lang\src\vm\native.rs:411:49
    |
411 | fn shim_int_trailing_zeros(task: &mut AutoTask, vm: &AutoVM) -> Result<(), VMError> {
    |                                                 ^^ help: if this is intentional, prefix it with an underscore: `_vm`

warning: unused variable: `vm`
   --> D:\autostack\auto-lang\crates\auto-lang\src\vm\native.rs:418:41
    |
418 | fn shim_int_bitrev(task: &mut AutoTask, vm: &AutoVM) -> Result<(), VMError> {
    |                                         ^^ help: if this is intentional, prefix it with an underscore: `_vm`

warning: unused variable: `vm`
   --> D:\autostack\auto-lang\crates\auto-lang\src\vm\native.rs:427:43
    |
427 | fn shim_int_bit_read(task: &mut AutoTask, vm: &AutoVM) -> Result<(), VMError> {
    |                                           ^^ help: if this is intentional, prefix it with an underscore: `_vm`

warning: unused variable: `vm`
   --> D:\autostack\auto-lang\crates\auto-lang\src\vm\native.rs:439:43
    |
439 | fn shim_int_bit_test(task: &mut AutoTask, vm: &AutoVM) -> Result<(), VMError> {
    |                                           ^^ help: if this is intentional, prefix it with an underscore: `_vm`

warning: unused variable: `vm`
   --> D:\autostack\auto-lang\crates\auto-lang\src\vm\native.rs:450:41
    |
450 | fn shim_int_bit_on(task: &mut AutoTask, vm: &AutoVM) -> Result<(), VMError> {
    |                                         ^^ help: if this is intentional, prefix it with an underscore: `_vm`

warning: unused variable: `vm`
   --> D:\autostack\auto-lang\crates\auto-lang\src\vm\native.rs:460:42
    |
460 | fn shim_int_bit_off(task: &mut AutoTask, vm: &AutoVM) -> Result<(), VMError> {
    |                                          ^^ help: if this is intentional, prefix it with an underscore: `_vm`

warning: unused variable: `vm`
   --> D:\autostack\auto-lang\crates\auto-lang\src\vm\native.rs:470:43
    |
470 | fn shim_int_bit_flip(task: &mut AutoTask, vm: &AutoVM) -> Result<(), VMError> {
    |                                           ^^ help: if this is intentional, prefix it with an underscore: `_vm`

warning: unused variable: `vm`
   --> D:\autostack\auto-lang\crates\auto-lang\src\vm\native.rs:501:43
    |
501 |         pub fn $name(task: &mut AutoTask, vm: &AutoVM) -> Result<(), VMError> {
    |                                           ^^
...
520 | math_unary_shim!(shim_math_sin, sin);
    | ------------------------------------ in this macro invocation
    |
help: `vm` is captured in macro and introduced a unused variable
   --> D:\autostack\auto-lang\crates\auto-lang\src\vm\native.rs:501:43
    |
501 |         pub fn $name(task: &mut AutoTask, vm: &AutoVM) -> Result<(), VMError> {
    |                                           ^^
...
520 | math_unary_shim!(shim_math_sin, sin);
    | ------------------------------------ in this macro invocation
    = note: this warning originates in the macro `math_unary_shim` (in Nightly builds, run with -Z macro-backtrace for more info)

warning: unused variable: `vm`
   --> D:\autostack\auto-lang\crates\auto-lang\src\vm\native.rs:501:43
    |
501 |         pub fn $name(task: &mut AutoTask, vm: &AutoVM) -> Result<(), VMError> {
    |                                           ^^
...
521 | math_unary_shim!(shim_math_cos, cos);
    | ------------------------------------ in this macro invocation
    |
help: `vm` is captured in macro and introduced a unused variable
   --> D:\autostack\auto-lang\crates\auto-lang\src\vm\native.rs:501:43
    |
501 |         pub fn $name(task: &mut AutoTask, vm: &AutoVM) -> Result<(), VMError> {
    |                                           ^^
...
521 | math_unary_shim!(shim_math_cos, cos);
    | ------------------------------------ in this macro invocation
    = note: this warning originates in the macro `math_unary_shim` (in Nightly builds, run with -Z macro-backtrace for more info)

warning: unused variable: `vm`
   --> D:\autostack\auto-lang\crates\auto-lang\src\vm\native.rs:501:43
    |
501 |         pub fn $name(task: &mut AutoTask, vm: &AutoVM) -> Result<(), VMError> {
    |                                           ^^
...
522 | math_unary_shim!(shim_math_tan, tan);
    | ------------------------------------ in this macro invocation
    |
help: `vm` is captured in macro and introduced a unused variable
   --> D:\autostack\auto-lang\crates\auto-lang\src\vm\native.rs:501:43
    |
501 |         pub fn $name(task: &mut AutoTask, vm: &AutoVM) -> Result<(), VMError> {
    |                                           ^^
...
522 | math_unary_shim!(shim_math_tan, tan);
    | ------------------------------------ in this macro invocation
    = note: this warning originates in the macro `math_unary_shim` (in Nightly builds, run with -Z macro-backtrace for more info)

warning: unused variable: `vm`
   --> D:\autostack\auto-lang\crates\auto-lang\src\vm\native.rs:501:43
    |
501 |         pub fn $name(task: &mut AutoTask, vm: &AutoVM) -> Result<(), VMError> {
    |                                           ^^
...
525 | math_unary_shim!(shim_math_abs_f, abs);
    | -------------------------------------- in this macro invocation
    |
help: `vm` is captured in macro and introduced a unused variable
   --> D:\autostack\auto-lang\crates\auto-lang\src\vm\native.rs:501:43
    |
501 |         pub fn $name(task: &mut AutoTask, vm: &AutoVM) -> Result<(), VMError> {
    |                                           ^^
...
525 | math_unary_shim!(shim_math_abs_f, abs);
    | -------------------------------------- in this macro invocation
    = note: this warning originates in the macro `math_unary_shim` (in Nightly builds, run with -Z macro-backtrace for more info)

warning: unused variable: `vm`
   --> D:\autostack\auto-lang\crates\auto-lang\src\vm\native.rs:501:43
    |
501 |         pub fn $name(task: &mut AutoTask, vm: &AutoVM) -> Result<(), VMError> {
    |                                           ^^
...
526 | math_unary_shim!(shim_math_floor, floor);
    | ---------------------------------------- in this macro invocation
    |
help: `vm` is captured in macro and introduced a unused variable
   --> D:\autostack\auto-lang\crates\auto-lang\src\vm\native.rs:501:43
    |
501 |         pub fn $name(task: &mut AutoTask, vm: &AutoVM) -> Result<(), VMError> {
    |                                           ^^
...
526 | math_unary_shim!(shim_math_floor, floor);
    | ---------------------------------------- in this macro invocation
    = note: this warning originates in the macro `math_unary_shim` (in Nightly builds, run with -Z macro-backtrace for more info)

warning: unused variable: `vm`
   --> D:\autostack\auto-lang\crates\auto-lang\src\vm\native.rs:501:43
    |
501 |         pub fn $name(task: &mut AutoTask, vm: &AutoVM) -> Result<(), VMError> {
    |                                           ^^
...
527 | math_unary_shim!(shim_math_ceil, ceil);
    | -------------------------------------- in this macro invocation
    |
help: `vm` is captured in macro and introduced a unused variable
   --> D:\autostack\auto-lang\crates\auto-lang\src\vm\native.rs:501:43
    |
501 |         pub fn $name(task: &mut AutoTask, vm: &AutoVM) -> Result<(), VMError> {
    |                                           ^^
...
527 | math_unary_shim!(shim_math_ceil, ceil);
    | -------------------------------------- in this macro invocation
    = note: this warning originates in the macro `math_unary_shim` (in Nightly builds, run with -Z macro-backtrace for more info)

warning: unused variable: `vm`
   --> D:\autostack\auto-lang\crates\auto-lang\src\vm\native.rs:501:43
    |
501 |         pub fn $name(task: &mut AutoTask, vm: &AutoVM) -> Result<(), VMError> {
    |                                           ^^
...
528 | math_unary_shim!(shim_math_round, round);
    | ---------------------------------------- in this macro invocation
    |
help: `vm` is captured in macro and introduced a unused variable
   --> D:\autostack\auto-lang\crates\auto-lang\src\vm\native.rs:501:43
    |
501 |         pub fn $name(task: &mut AutoTask, vm: &AutoVM) -> Result<(), VMError> {
    |                                           ^^
...
528 | math_unary_shim!(shim_math_round, round);
    | ---------------------------------------- in this macro invocation
    = note: this warning originates in the macro `math_unary_shim` (in Nightly builds, run with -Z macro-backtrace for more info)

warning: unused variable: `vm`
   --> D:\autostack\auto-lang\crates\auto-lang\src\vm\native.rs:501:43
    |
501 |         pub fn $name(task: &mut AutoTask, vm: &AutoVM) -> Result<(), VMError> {
    |                                           ^^
...
529 | math_unary_shim!(shim_math_exp, exp);
    | ------------------------------------ in this macro invocation
    |
help: `vm` is captured in macro and introduced a unused variable
   --> D:\autostack\auto-lang\crates\auto-lang\src\vm\native.rs:501:43
    |
501 |         pub fn $name(task: &mut AutoTask, vm: &AutoVM) -> Result<(), VMError> {
    |                                           ^^
...
529 | math_unary_shim!(shim_math_exp, exp);
    | ------------------------------------ in this macro invocation
    = note: this warning originates in the macro `math_unary_shim` (in Nightly builds, run with -Z macro-backtrace for more info)

warning: unused variable: `vm`
   --> D:\autostack\auto-lang\crates\auto-lang\src\vm\native.rs:501:43
    |
501 |         pub fn $name(task: &mut AutoTask, vm: &AutoVM) -> Result<(), VMError> {
    |                                           ^^
...
530 | math_unary_shim!(shim_math_ln, ln);
    | ---------------------------------- in this macro invocation
    |
help: `vm` is captured in macro and introduced a unused variable
   --> D:\autostack\auto-lang\crates\auto-lang\src\vm\native.rs:501:43
    |
501 |         pub fn $name(task: &mut AutoTask, vm: &AutoVM) -> Result<(), VMError> {
    |                                           ^^
...
530 | math_unary_shim!(shim_math_ln, ln);
    | ---------------------------------- in this macro invocation
    = note: this warning originates in the macro `math_unary_shim` (in Nightly builds, run with -Z macro-backtrace for more info)

warning: unused variable: `vm`
   --> D:\autostack\auto-lang\crates\auto-lang\src\vm\native.rs:501:43
    |
501 |         pub fn $name(task: &mut AutoTask, vm: &AutoVM) -> Result<(), VMError> {
    |                                           ^^
...
531 | math_unary_shim!(shim_math_log2, log2);
    | -------------------------------------- in this macro invocation
    |
help: `vm` is captured in macro and introduced a unused variable
   --> D:\autostack\auto-lang\crates\auto-lang\src\vm\native.rs:501:43
    |
501 |         pub fn $name(task: &mut AutoTask, vm: &AutoVM) -> Result<(), VMError> {
    |                                           ^^
...
531 | math_unary_shim!(shim_math_log2, log2);
    | -------------------------------------- in this macro invocation
    = note: this warning originates in the macro `math_unary_shim` (in Nightly builds, run with -Z macro-backtrace for more info)

warning: unused variable: `vm`
   --> D:\autostack\auto-lang\crates\auto-lang\src\vm\native.rs:501:43
    |
501 |         pub fn $name(task: &mut AutoTask, vm: &AutoVM) -> Result<(), VMError> {
    |                                           ^^
...
532 | math_unary_shim!(shim_math_log10, log10);
    | ---------------------------------------- in this macro invocation
    |
help: `vm` is captured in macro and introduced a unused variable
   --> D:\autostack\auto-lang\crates\auto-lang\src\vm\native.rs:501:43
    |
501 |         pub fn $name(task: &mut AutoTask, vm: &AutoVM) -> Result<(), VMError> {
    |                                           ^^
...
532 | math_unary_shim!(shim_math_log10, log10);
    | ---------------------------------------- in this macro invocation
    = note: this warning originates in the macro `math_unary_shim` (in Nightly builds, run with -Z macro-backtrace for more info)

warning: unused variable: `vm`
   --> D:\autostack\auto-lang\crates\auto-lang\src\vm\native.rs:501:43
    |
501 |         pub fn $name(task: &mut AutoTask, vm: &AutoVM) -> Result<(), VMError> {
    |                                           ^^
...
533 | math_unary_shim!(shim_math_signum, signum);
    | ------------------------------------------ in this macro invocation
    |
help: `vm` is captured in macro and introduced a unused variable
   --> D:\autostack\auto-lang\crates\auto-lang\src\vm\native.rs:501:43
    |
501 |         pub fn $name(task: &mut AutoTask, vm: &AutoVM) -> Result<(), VMError> {
    |                                           ^^
...
533 | math_unary_shim!(shim_math_signum, signum);
    | ------------------------------------------ in this macro invocation
    = note: this warning originates in the macro `math_unary_shim` (in Nightly builds, run with -Z macro-backtrace for more info)

warning: unused variable: `vm`
   --> D:\autostack\auto-lang\crates\auto-lang\src\vm\native.rs:501:43
    |
501 |         pub fn $name(task: &mut AutoTask, vm: &AutoVM) -> Result<(), VMError> {
    |                                           ^^
...
534 | math_unary_shim!(shim_math_asin, asin);
    | -------------------------------------- in this macro invocation
    |
help: `vm` is captured in macro and introduced a unused variable
   --> D:\autostack\auto-lang\crates\auto-lang\src\vm\native.rs:501:43
    |
501 |         pub fn $name(task: &mut AutoTask, vm: &AutoVM) -> Result<(), VMError> {
    |                                           ^^
...
534 | math_unary_shim!(shim_math_asin, asin);
    | -------------------------------------- in this macro invocation
    = note: this warning originates in the macro `math_unary_shim` (in Nightly builds, run with -Z macro-backtrace for more info)

warning: unused variable: `vm`
   --> D:\autostack\auto-lang\crates\auto-lang\src\vm\native.rs:501:43
    |
501 |         pub fn $name(task: &mut AutoTask, vm: &AutoVM) -> Result<(), VMError> {
    |                                           ^^
...
535 | math_unary_shim!(shim_math_acos, acos);
    | -------------------------------------- in this macro invocation
    |
help: `vm` is captured in macro and introduced a unused variable
   --> D:\autostack\auto-lang\crates\auto-lang\src\vm\native.rs:501:43
    |
501 |         pub fn $name(task: &mut AutoTask, vm: &AutoVM) -> Result<(), VMError> {
    |                                           ^^
...
535 | math_unary_shim!(shim_math_acos, acos);
    | -------------------------------------- in this macro invocation
    = note: this warning originates in the macro `math_unary_shim` (in Nightly builds, run with -Z macro-backtrace for more info)

warning: unused variable: `vm`
   --> D:\autostack\auto-lang\crates\auto-lang\src\vm\native.rs:501:43
    |
501 |         pub fn $name(task: &mut AutoTask, vm: &AutoVM) -> Result<(), VMError> {
    |                                           ^^
...
536 | math_unary_shim!(shim_math_atan, atan);
    | -------------------------------------- in this macro invocation
    |
help: `vm` is captured in macro and introduced a unused variable
   --> D:\autostack\auto-lang\crates\auto-lang\src\vm\native.rs:501:43
    |
501 |         pub fn $name(task: &mut AutoTask, vm: &AutoVM) -> Result<(), VMError> {
    |                                           ^^
...
536 | math_unary_shim!(shim_math_atan, atan);
    | -------------------------------------- in this macro invocation
    = note: this warning originates in the macro `math_unary_shim` (in Nightly builds, run with -Z macro-backtrace for more info)

warning: unused variable: `vm`
   --> D:\autostack\auto-lang\crates\auto-lang\src\vm\native.rs:501:43
    |
501 |         pub fn $name(task: &mut AutoTask, vm: &AutoVM) -> Result<(), VMError> {
    |                                           ^^
...
537 | math_unary_shim!(shim_math_to_radians, to_radians);
    | -------------------------------------------------- in this macro invocation
    |
help: `vm` is captured in macro and introduced a unused variable
   --> D:\autostack\auto-lang\crates\auto-lang\src\vm\native.rs:501:43
    |
501 |         pub fn $name(task: &mut AutoTask, vm: &AutoVM) -> Result<(), VMError> {
    |                                           ^^
...
537 | math_unary_shim!(shim_math_to_radians, to_radians);
    | -------------------------------------------------- in this macro invocation
    = note: this warning originates in the macro `math_unary_shim` (in Nightly builds, run with -Z macro-backtrace for more info)

warning: unused variable: `vm`
   --> D:\autostack\auto-lang\crates\auto-lang\src\vm\native.rs:501:43
    |
501 |         pub fn $name(task: &mut AutoTask, vm: &AutoVM) -> Result<(), VMError> {
    |                                           ^^
...
538 | math_unary_shim!(shim_math_to_degrees, to_degrees);
    | -------------------------------------------------- in this macro invocation
    |
help: `vm` is captured in macro and introduced a unused variable
   --> D:\autostack\auto-lang\crates\auto-lang\src\vm\native.rs:501:43
    |
501 |         pub fn $name(task: &mut AutoTask, vm: &AutoVM) -> Result<(), VMError> {
    |                                           ^^
...
538 | math_unary_shim!(shim_math_to_degrees, to_degrees);
    | -------------------------------------------------- in this macro invocation
    = note: this warning originates in the macro `math_unary_shim` (in Nightly builds, run with -Z macro-backtrace for more info)

warning: unused variable: `vm`
   --> D:\autostack\auto-lang\crates\auto-lang\src\vm\native.rs:511:43
    |
511 |         pub fn $name(task: &mut AutoTask, vm: &AutoVM) -> Result<(), VMError> {
    |                                           ^^
...
539 | math_binary_shim!(shim_math_pow, powf);
    | -------------------------------------- in this macro invocation
    |
help: `vm` is captured in macro and introduced a unused variable
   --> D:\autostack\auto-lang\crates\auto-lang\src\vm\native.rs:511:43
    |
511 |         pub fn $name(task: &mut AutoTask, vm: &AutoVM) -> Result<(), VMError> {
    |                                           ^^
...
539 | math_binary_shim!(shim_math_pow, powf);
    | -------------------------------------- in this macro invocation
    = note: this warning originates in the macro `math_binary_shim` (in Nightly builds, run with -Z macro-backtrace for more info)

warning: unused variable: `vm`
   --> D:\autostack\auto-lang\crates\auto-lang\src\vm\native.rs:511:43
    |
511 |         pub fn $name(task: &mut AutoTask, vm: &AutoVM) -> Result<(), VMError> {
    |                                           ^^
...
540 | math_binary_shim!(shim_math_powf, powf);
    | --------------------------------------- in this macro invocation
    |
help: `vm` is captured in macro and introduced a unused variable
   --> D:\autostack\auto-lang\crates\auto-lang\src\vm\native.rs:511:43
    |
511 |         pub fn $name(task: &mut AutoTask, vm: &AutoVM) -> Result<(), VMError> {
    |                                           ^^
...
540 | math_binary_shim!(shim_math_powf, powf);
    | --------------------------------------- in this macro invocation
    = note: this warning originates in the macro `math_binary_shim` (in Nightly builds, run with -Z macro-backtrace for more info)

warning: unused variable: `vm`
   --> D:\autostack\auto-lang\crates\auto-lang\src\vm\native.rs:551:45
    |
551 | pub fn shim_math_atan2(task: &mut AutoTask, vm: &AutoVM) -> Result<(), VMError> {
    |                                             ^^ help: if this is intentional, prefix it with an underscore: `_vm`

warning: unused variable: `vm`
    --> D:\autostack\auto-lang\crates\auto-lang\src\vm\native.rs:1368:52
     |
1368 | pub fn shim_code_editor_text(_task: &mut AutoTask, vm: &AutoVM) -> Result<(), VMError> {
     |                                                    ^^ help: if this is intentional, prefix it with an underscore: `_vm`

warning: unused variable: `vm`
    --> D:\autostack\auto-lang\crates\auto-lang\src\vm\native.rs:1374:59
     |
1374 | pub fn shim_code_editor_cursor_line(_task: &mut AutoTask, vm: &AutoVM) -> Result<(), VMError> {
     |                                                           ^^ help: if this is intentional, prefix it with an underscore: `_vm`

warning: unused variable: `vm`
    --> D:\autostack\auto-lang\crates\auto-lang\src\vm\native.rs:1380:58
     |
1380 | pub fn shim_code_editor_cursor_col(_task: &mut AutoTask, vm: &AutoVM) -> Result<(), VMError> {
     |                                                          ^^ help: if this is intentional, prefix it with an underscore: `_vm`

warning: unused variable: `vm`
    --> D:\autostack\auto-lang\crates\auto-lang\src\vm\native.rs:1386:61
     |
1386 | pub fn shim_code_editor_selection_len(_task: &mut AutoTask, vm: &AutoVM) -> Result<(), VMError> {
     |                                                             ^^ help: if this is intentional, prefix it with an underscore: `_vm`

warning: unused variable: `vm`
    --> D:\autostack\auto-lang\crates\auto-lang\src\vm\native.rs:1392:52
     |
1392 | pub fn shim_code_editor_find(_task: &mut AutoTask, vm: &AutoVM) -> Result<(), VMError> {
     |                                                    ^^ help: if this is intentional, prefix it with an underscore: `_vm`

warning: unused variable: `vm`
    --> D:\autostack\auto-lang\crates\auto-lang\src\vm\native.rs:1398:56
     |
1398 | pub fn shim_code_editor_set_text(_task: &mut AutoTask, vm: &AutoVM) -> Result<(), VMError> {
     |                                                        ^^ help: if this is intentional, prefix it with an underscore: `_vm`

warning: unused variable: `vm`
    --> D:\autostack\auto-lang\crates\auto-lang\src\vm\native.rs:1404:59
     |
1404 | pub fn shim_code_editor_fold_toggle(_task: &mut AutoTask, vm: &AutoVM) -> Result<(), VMError> {
     |                                                           ^^ help: if this is intentional, prefix it with an underscore: `_vm`

warning: unused variable: `vm`
    --> D:\autostack\auto-lang\crates\auto-lang\src\vm\native.rs:1410:65
     |
1410 | pub fn shim_code_editor_fold_hidden_count(_task: &mut AutoTask, vm: &AutoVM) -> Result<(), VMError> {
     |                                                                 ^^ help: if this is intentional, prefix it with an underscore: `_vm`

warning: unused variable: `vm`
    --> D:\autostack\auto-lang\crates\auto-lang\src\vm\native.rs:1416:52
     |
1416 | pub fn shim_code_editor_undo(_task: &mut AutoTask, vm: &AutoVM) -> Result<(), VMError> {
     |                                                    ^^ help: if this is intentional, prefix it with an underscore: `_vm`

warning: unused variable: `vm`
    --> D:\autostack\auto-lang\crates\auto-lang\src\vm\native.rs:1422:52
     |
1422 | pub fn shim_code_editor_redo(_task: &mut AutoTask, vm: &AutoVM) -> Result<(), VMError> {
     |                                                    ^^ help: if this is intentional, prefix it with an underscore: `_vm`

warning: unused variable: `vm`
    --> D:\autostack\auto-lang\crates\auto-lang\src\vm\native.rs:1428:58
     |
1428 | pub fn shim_code_editor_select_all(_task: &mut AutoTask, vm: &AutoVM) -> Result<(), VMError> {
     |                                                          ^^ help: if this is intentional, prefix it with an underscore: `_vm`

warning: unused variable: `vm`
    --> D:\autostack\auto-lang\crates\auto-lang\src\vm\native.rs:1434:51
     |
1434 | pub fn shim_code_editor_cut(_task: &mut AutoTask, vm: &AutoVM) -> Result<(), VMError> {
     |                                                   ^^ help: if this is intentional, prefix it with an underscore: `_vm`

warning: unused variable: `vm`
    --> D:\autostack\auto-lang\crates\auto-lang\src\vm\native.rs:1440:52
     |
1440 | pub fn shim_code_editor_copy(_task: &mut AutoTask, vm: &AutoVM) -> Result<(), VMError> {
     |                                                    ^^ help: if this is intentional, prefix it with an underscore: `_vm`

warning: unused variable: `vm`
    --> D:\autostack\auto-lang\crates\auto-lang\src\vm\native.rs:1446:53
     |
1446 | pub fn shim_code_editor_paste(_task: &mut AutoTask, vm: &AutoVM) -> Result<(), VMError> {
     |                                                     ^^ help: if this is intentional, prefix it with an underscore: `_vm`

warning: unused variable: `vm`
    --> D:\autostack\auto-lang\crates\auto-lang\src\vm\native.rs:1452:50
     |
1452 | pub fn shim_clipboard_text(_task: &mut AutoTask, vm: &AutoVM) -> Result<(), VMError> {
     |                                                  ^^ help: if this is intentional, prefix it with an underscore: `_vm`

warning: unused variable: `vm`
    --> D:\autostack\auto-lang\crates\auto-lang\src\vm\native.rs:1458:54
     |
1458 | pub fn shim_clipboard_set_text(_task: &mut AutoTask, vm: &AutoVM) -> Result<(), VMError> {
     |                                                      ^^ help: if this is intentional, prefix it with an underscore: `_vm`

warning: unused variable: `vm`
    --> D:\autostack\auto-lang\crates\auto-lang\src\vm\native.rs:1464:47
     |
1464 | pub fn shim_dialog_open(_task: &mut AutoTask, vm: &AutoVM) -> Result<(), VMError> {
     |                                               ^^ help: if this is intentional, prefix it with an underscore: `_vm`

warning: unused variable: `vm`
    --> D:\autostack\auto-lang\crates\auto-lang\src\vm\native.rs:1470:47
     |
1470 | pub fn shim_dialog_save(_task: &mut AutoTask, vm: &AutoVM) -> Result<(), VMError> {
     |                                               ^^ help: if this is intentional, prefix it with an underscore: `_vm`

warning: unused variable: `vm`
    --> D:\autostack\auto-lang\crates\auto-lang\src\vm\native.rs:1508:48
     |
1508 | pub fn shim_console_clear(task: &mut AutoTask, vm: &AutoVM) -> Result<(), VMError> {
     |                                                ^^ help: if this is intentional, prefix it with an underscore: `_vm`

warning: unused variable: `vm`
    --> D:\autostack\auto-lang\crates\auto-lang\src\vm\native.rs:6799:46
     |
6799 | pub fn shim_rand_random(task: &mut AutoTask, vm: &AutoVM) -> Result<(), VMError> {
     |                                              ^^ help: if this is intentional, prefix it with an underscore: `_vm`

warning: unused variable: `vm`
    --> D:\autostack\auto-lang\crates\auto-lang\src\vm\native.rs:6817:44
     |
6817 | pub fn shim_log_noop(_task: &mut AutoTask, vm: &AutoVM) -> Result<(), VMError> {
     |                                            ^^ help: if this is intentional, prefix it with an underscore: `_vm`

warning: unused variable: `vm`
    --> D:\autostack\auto-lang\crates\auto-lang\src\vm\native.rs:8570:45
     |
8570 | pub fn shim_result_ok(_task: &mut AutoTask, vm: &AutoVM) -> Result<(), VMError> {
     |                                             ^^ help: if this is intentional, prefix it with an underscore: `_vm`

warning: unused variable: `vm`
    --> D:\autostack\auto-lang\crates\auto-lang\src\vm\native.rs:8624:45
     |
8624 | pub fn shim_rand_float(task: &mut AutoTask, vm: &AutoVM) -> Result<(), VMError> {
     |                                             ^^ help: if this is intentional, prefix it with an underscore: `_vm`

warning: unused variable: `vm`
    --> D:\autostack\auto-lang\crates\auto-lang\src\vm\native.rs:8637:44
     |
8637 | pub fn shim_rand_bool(task: &mut AutoTask, vm: &AutoVM) -> Result<(), VMError> {
     |                                            ^^ help: if this is intentional, prefix it with an underscore: `_vm`

warning: unused variable: `vm`
    --> D:\autostack\auto-lang\crates\auto-lang\src\vm\ffi\stdlib.rs:3549:58
     |
3549 | pub fn shim_net_tcp_listener_accept(task: &mut AutoTask, vm: &AutoVM) -> Result<(), VMError> {
     |                                                          ^^ help: if this is intentional, prefix it with an underscore: `_vm`

warning: unused variable: `vm`
    --> D:\autostack\auto-lang\crates\auto-lang\src\vm\ffi\stdlib.rs:3588:57
     |
3588 | pub fn shim_net_tcp_listener_close(task: &mut AutoTask, vm: &AutoVM) -> Result<(), VMError> {
     |                                                         ^^ help: if this is intentional, prefix it with an underscore: `_vm`

warning: unused variable: `vm`
    --> D:\autostack\auto-lang\crates\auto-lang\src\vm\ffi\stdlib.rs:3730:55
     |
3730 | pub fn shim_net_tcp_stream_close(task: &mut AutoTask, vm: &AutoVM) -> Result<(), VMError> {
     |                                                       ^^ help: if this is intentional, prefix it with an underscore: `_vm`

warning: unused variable: `vm`
    --> D:\autostack\auto-lang\crates\auto-lang\src\vm\ffi\stdlib.rs:3751:66
     |
3751 | pub fn shim_net_tcp_stream_set_read_timeout(task: &mut AutoTask, vm: &AutoVM) -> Result<(), VMError> {
     |                                                                  ^^ help: if this is intentional, prefix it with an underscore: `_vm`

warning: unused variable: `vm`
    --> D:\autostack\auto-lang\crates\auto-lang\src\vm\ffi\stdlib.rs:3770:67
     |
3770 | pub fn shim_net_tcp_stream_set_write_timeout(task: &mut AutoTask, vm: &AutoVM) -> Result<(), VMError> {
     |                                                                   ^^ help: if this is intentional, prefix it with an underscore: `_vm`

warning: unused variable: `vm`
    --> D:\autostack\auto-lang\crates\auto-lang\src\vm\ffi\stdlib.rs:3792:55
     |
3792 | pub fn shim_net_tcp_stream_flush(task: &mut AutoTask, vm: &AutoVM) -> Result<(), VMError> {
     |                                                       ^^ help: if this is intentional, prefix it with an underscore: `_vm`

warning: unused variable: `vm`
    --> D:\autostack\auto-lang\crates\auto-lang\src\vm\ffi\stdlib.rs:3808:61
     |
3808 | pub fn shim_net_tcp_stream_set_nodelay(task: &mut AutoTask, vm: &AutoVM) -> Result<(), VMError> {
     |                                                             ^^ help: if this is intentional, prefix it with an underscore: `_vm`

warning: unused variable: `vm`
    --> D:\autostack\auto-lang\crates\auto-lang\src\vm\ffi\stdlib.rs:4036:46
     |
4036 | pub fn shim_http_server(task: &mut AutoTask, vm: &AutoVM) -> Result<(), VMError> {
     |                                              ^^ help: if this is intentional, prefix it with an underscore: `_vm`

warning: unused variable: `vm`
    --> D:\autostack\auto-lang\crates\auto-lang\src\vm\ffi\stdlib.rs:4658:48
     |
4658 | pub fn shim_http_response(task: &mut AutoTask, vm: &AutoVM) -> Result<(), VMError> {
     |                                                ^^ help: if this is intentional, prefix it with an underscore: `_vm`

warning: unused variable: `vm`
    --> D:\autostack\auto-lang\crates\auto-lang\src\vm\ffi\stdlib.rs:4671:55
     |
4671 | pub fn shim_http_response_status(task: &mut AutoTask, vm: &AutoVM) -> Result<(), VMError> {
     |                                                       ^^ help: if this is intentional, prefix it with an underscore: `_vm`

warning: unused variable: `vm`
    --> D:\autostack\auto-lang\crates\auto-lang\src\vm\ffi\stdlib.rs:4795:50
     |
4795 | pub fn shim_http_rate_limit(task: &mut AutoTask, vm: &AutoVM) -> Result<(), VMError> {
     |                                                  ^^ help: if this is intentional, prefix it with an underscore: `_vm`

warning: unused variable: `vm`
    --> D:\autostack\auto-lang\crates\auto-lang\src\vm\ffi\stdlib.rs:6000:55
     |
6000 | pub fn shim_response_status_code(task: &mut AutoTask, vm: &AutoVM) -> Result<(), VMError> {
     |                                                       ^^ help: if this is intentional, prefix it with an underscore: `_vm`

warning: unused variable: `vm`
    --> D:\autostack\auto-lang\crates\auto-lang\src\vm\ffi\stdlib.rs:6201:54
     |
6201 | pub fn shim_http_stream_is_done(task: &mut AutoTask, vm: &AutoVM) -> Result<(), VMError> {
     |                                                      ^^ help: if this is intentional, prefix it with an underscore: `_vm`

warning: unused variable: `vm`
    --> D:\autostack\auto-lang\crates\auto-lang\src\vm\ffi\stdlib.rs:6218:52
     |
6218 | pub fn shim_http_stream_close(task: &mut AutoTask, vm: &AutoVM) -> Result<(), VMError> {
     |                                                    ^^ help: if this is intentional, prefix it with an underscore: `_vm`

warning: unused variable: `vm`
    --> D:\autostack\auto-lang\crates\auto-lang\src\vm\ffi\stdlib.rs:7335:51
     |
7335 | pub fn shim_http_last_status(task: &mut AutoTask, vm: &AutoVM) -> Result<(), VMError> {
     |                                                   ^^ help: if this is intentional, prefix it with an underscore: `_vm`

warning: unused variable: `vm`
    --> D:\autostack\auto-lang\crates\auto-lang\src\vm\ffi\stdlib.rs:7368:47
     |
7368 | pub fn shim_http_listen(_task: &mut AutoTask, vm: &AutoVM) -> Result<(), VMError> {
     |                                               ^^ help: if this is intentional, prefix it with an underscore: `_vm`

warning: unused variable: `mod_ast`
    --> D:\autostack\auto-lang\crates\auto-lang\src\lib.rs:3128:20
     |
3128 |             let Ok(mod_ast) = parser.parse() else { continue };
     |                    ^^^^^^^ help: if this is intentional, prefix it with an underscore: `_mod_ast`

warning: taking a mutable reference to a `const` item
    --> D:\autostack\auto-lang\crates\auto-lang\src\lib.rs:5546:54
     |
5546 |         scan_at_files(&src_root, &mut type_store, 0, &mut SCAN_MAX_FILES);
     |                                                      ^^^^^^^^^^^^^^^^^^^
     |
     = note: each usage of a `const` item creates a new temporary
     = note: the mutable reference will refer to this temporary, not the original `const` item
note: `const` item defined here
    --> D:\autostack\auto-lang\crates\auto-lang\src\lib.rs:5496:9
     |
5496 |         const SCAN_MAX_FILES: usize = 400;
     |         ^^^^^^^^^^^^^^^^^^^^^^^^^^^
     = note: `#[warn(const_item_mutation)]` on by default

warning: unused variable: `g`
   --> D:\autostack\auto-lang\crates\auto-lang\src\ui\vm_bridge.rs:795:25
    |
795 |                     let g = obj.read().unwrap();
    |                         ^ help: if this is intentional, prefix it with an underscore: `_g`

warning: unused variable: `name`
    --> D:\autostack\auto-lang\crates\auto-lang\src\ui\vm_bridge.rs:1023:14
     |
1023 |         for (name, val) in result.iter_mut() {
     |              ^^^^ help: if this is intentional, prefix it with an underscore: `_name`

warning: unused variable: `state_dot`
    --> D:\autostack\auto-lang\crates\auto-lang\src\ui\handler_codegen.rs:1070:9
     |
1070 |     let state_dot = |field: &str| {
     |         ^^^^^^^^^ help: if this is intentional, prefix it with an underscore: `_state_dot`

warning: unused variable: `store_fields`
    --> D:\autostack\auto-lang\crates\auto-lang\src\ui\handler_codegen.rs:1915:5
     |
1915 |     store_fields: &HashMap<String, Vec<String>>,
     |     ^^^^^^^^^^^^ help: if this is intentional, prefix it with an underscore: `_store_fields`

warning: unused variable: `store_widget_names`
    --> D:\autostack\auto-lang\crates\auto-lang\src\ui\handler_codegen.rs:1916:5
     |
1916 |     store_widget_names: &HashMap<String, String>,
     |     ^^^^^^^^^^^^^^^^^^ help: if this is intentional, prefix it with an underscore: `_store_widget_names`

warning: constant `AUTO_LIB_FILES_V2` is never used
    --> D:\autostack\auto-lang\crates\auto-lang\src\lib.rs:1887:18
     |
1887 | pub(crate) const AUTO_LIB_FILES_V2: &[&str] = &[
     |                  ^^^^^^^^^^^^^^^^^
     |
     = note: `#[warn(dead_code)]` (part of `#[warn(unused)]`) on by default

warning: function `aavm2_lib_source` is never used
    --> D:\autostack\auto-lang\crates\auto-lang\src\lib.rs:1903:15
     |
1903 | pub(crate) fn aavm2_lib_source(project_root: &std::path::Path) -> AutoResult<String> {
     |               ^^^^^^^^^^^^^^^^

warning: function `stmt_symbol_name` is never used
    --> D:\autostack\auto-lang\crates\auto-lang\src\lib.rs:2701:4
     |
2701 | fn stmt_symbol_name(stmt: &crate::ast::Stmt) -> Option<String> {
     |    ^^^^^^^^^^^^^^^^

warning: field `0` is never read
    --> D:\autostack\auto-lang\crates\auto-lang\src\lib.rs:2929:16
     |
2929 |     StoreFiles(std::collections::HashMap<String, std::path::PathBuf>),
     |     ---------- ^^^^^^^^^^^^^^^^^^^^^^^^^^^^^^^^^^^^^^^^^^^^^^^^^^^^^
     |     |
     |     field in this variant
     |
help: consider changing the field to be of unit type to suppress this warning while preserving the field numbering, or remove the field
     |
2929 -     StoreFiles(std::collections::HashMap<String, std::path::PathBuf>),
2929 +     StoreFiles(()),
     |

warning: function `load_ext_imports_for_vm` is never used
    --> D:\autostack\auto-lang\crates\auto-lang\src\lib.rs:2990:15
     |
2990 | pub(crate) fn load_ext_imports_for_vm(
     |               ^^^^^^^^^^^^^^^^^^^^^^^

warning: function `store_decl_as_widget_decl` is never used
    --> D:\autostack\auto-lang\crates\auto-lang\src\lib.rs:3250:4
     |
3250 | fn store_decl_as_widget_decl(
     |    ^^^^^^^^^^^^^^^^^^^^^^^^^

warning: function `positioned_parse_errors` is never used
    --> D:\autostack\auto-lang\crates\auto-lang\src\lib.rs:3400:4
     |
3400 | fn positioned_parse_errors(e: &crate::error::AutoError, source: &str) -> String {
     |    ^^^^^^^^^^^^^^^^^^^^^^^

warning: function `collect_module_imports` is never used
    --> D:\autostack\auto-lang\crates\auto-lang\src\lib.rs:3448:4
     |
3448 | fn collect_module_imports(
     |    ^^^^^^^^^^^^^^^^^^^^^^

warning: function `extract_api_imports_from_ast` is never used
    --> D:\autostack\auto-lang\crates\auto-lang\src\lib.rs:6263:4
     |
6263 | fn extract_api_imports_from_ast(code: &crate::ast::Code) -> Vec<String> {
     |    ^^^^^^^^^^^^^^^^^^^^^^^^^^^^

warning: function `is_api_use_stmt` is never used
    --> D:\autostack\auto-lang\crates\auto-lang\src\lib.rs:6276:4
     |
6276 | fn is_api_use_stmt(use_stmt: &crate::ast::Use) -> bool {
     |    ^^^^^^^^^^^^^^^

warning: function `key_of` is never used
   --> D:\autostack\auto-lang\crates\auto-lang\src\ui_gen\vue.rs:174:8
    |
174 |     fn key_of(node: &AuraNode) -> Option<String> {
    |        ^^^^^^

warning: method `gen_previewcard_code` is never used
    --> D:\autostack\auto-lang\crates\auto-lang\src\ui_gen\vue.rs:7915:19
     |
 835 | impl VueGenerator {
     | ----------------- method in this implementation
...
7915 |     pub(crate) fn gen_previewcard_code(
     |                   ^^^^^^^^^^^^^^^^^^^^

warning: associated function `collect_pattern_idents` is never used
     --> D:\autostack\auto-lang\crates\auto-lang\src\trans\rust.rs:19830:8
      |
  469 | impl RustTrans {
      | -------------- associated function in this implementation
...
19830 |     fn collect_pattern_idents(expr: &Expr, out: &mut HashSet<AutoStr>) {
      |        ^^^^^^^^^^^^^^^^^^^^^^

warning: function `test_a2p` is never used
    --> D:\autostack\auto-lang\crates\auto-lang\src\trans\python.rs:2599:8
     |
2599 |     fn test_a2p(case: &str) -> AutoResult<()> {
     |        ^^^^^^^^

warning: function `pop_str_idx` is never used
  --> D:\autostack\auto-lang\crates\auto-lang\src\vm\engine.rs:91:4
   |
91 | fn pop_str_idx(ram: &mut VirtualRAM) -> usize {
   |    ^^^^^^^^^^^

warning: method `decode_tagged_value` is never used
   --> D:\autostack\auto-lang\crates\auto-lang\src\vm\engine.rs:795:8
    |
560 | impl AutoVM {
    | ----------- method in this implementation
...
795 |     fn decode_tagged_value(&self, raw: i32) -> auto_val::Value {
    |        ^^^^^^^^^^^^^^^^^^^

warning: function `vm_with` is never used
     --> D:\autostack\auto-lang\crates\auto-lang\src\vm\engine.rs:10503:8
      |
10503 |     fn vm_with(code: Vec<u8>) -> AutoVM {
      |        ^^^^^^^

warning: function `pop_str` is never used
     --> D:\autostack\auto-lang\crates\auto-lang\src\vm\engine.rs:10507:8
      |
10507 |     fn pop_str(vm: &AutoVM, task: &mut AutoTask) -> String {
      |        ^^^^^^^

warning: function `vm_idle` is never used
     --> D:\autostack\auto-lang\crates\auto-lang\src\vm\engine.rs:10561:8
      |
10561 |     fn vm_idle() -> AutoVM {
      |        ^^^^^^^

warning: function `vm_with` is never used
     --> D:\autostack\auto-lang\crates\auto-lang\src\vm\engine.rs:10638:8
      |
10638 |     fn vm_with(code: Vec<u8>) -> AutoVM {
      |        ^^^^^^^

warning: function `push_result_instance` is never used
     --> D:\autostack\auto-lang\crates\auto-lang\src\vm\engine.rs:10642:8
      |
10642 |     fn push_result_instance(vm: &AutoVM, task: &mut AutoTask, kind: &str, field: auto_val::Value) {
      |        ^^^^^^^^^^^^^^^^^^^^

warning: field `root` is never read
   --> D:\autostack\auto-lang\crates\auto-lang\src\ui\image_pipeline.rs:946:5
    |
944 | struct MediaSession {
    |        ------------ field in this struct
945 |     id: String,
946 |     root: PathBuf,
    |     ^^^^
    |
    = note: `MediaSession` has a derived impl for the trait `Debug`, but this is intentionally ignored during dead code analysis

warning: method `retain_heap_result` is never used
    --> D:\autostack\auto-lang\crates\auto-lang\src\ui\vm_bridge.rs:1344:8
     |
 231 | impl VmBridge {
     | ------------- method in this implementation
...
1344 |     fn retain_heap_result(&self, out: &Value) {
     |        ^^^^^^^^^^^^^^^^^^

warning: function `rewrite_stmt` is never used
   --> D:\autostack\auto-lang\crates\auto-lang\src\ui\handler_codegen.rs:326:4
    |
326 | fn rewrite_stmt(stmt: &mut Stmt, state_fields: &HashSet<String>) {
    |    ^^^^^^^^^^^^

warning: function `synthesize_handler_fn_from_decl` is never used
    --> D:\autostack\auto-lang\crates\auto-lang\src\ui\handler_codegen.rs:1779:4
     |
1779 | fn synthesize_handler_fn_from_decl(
     |    ^^^^^^^^^^^^^^^^^^^^^^^^^^^^^^^

warning: function `ext_stubs_enabled` is never used
  --> D:\autostack\auto-lang\crates\auto-lang\src\ui\ext_stubs.rs:38:15
   |
38 | pub(crate) fn ext_stubs_enabled() -> bool {
   |               ^^^^^^^^^^^^^^^^^

warning: struct `ExtImportRef` is never constructed
  --> D:\autostack\auto-lang\crates\auto-lang\src\ui\ext_stubs.rs:44:19
   |
44 | pub(crate) struct ExtImportRef {
   |                   ^^^^^^^^^^^^

warning: function `collect_useweb_imports` is never used
  --> D:\autostack\auto-lang\crates\auto-lang\src\ui\ext_stubs.rs:53:15
   |
53 | pub(crate) fn collect_useweb_imports(stmts: &[Stmt]) -> Vec<ExtImportRef> {
   |               ^^^^^^^^^^^^^^^^^^^^^^

warning: function `collect_widget_ext_imports` is never used
  --> D:\autostack\auto-lang\crates\auto-lang\src\ui\ext_stubs.rs:70:15
   |
70 | pub(crate) fn collect_widget_ext_imports(decls: &[crate::ast::ui::WidgetDecl]) -> Vec<ExtImportRef> {
   |               ^^^^^^^^^^^^^^^^^^^^^^^^^^

warning: function `resolve_ext_source` is never used
  --> D:\autostack\auto-lang\crates\auto-lang\src\ui\ext_stubs.rs:87:4
   |
87 | fn resolve_ext_source(base_dir: &Path, path: &str) -> Option<PathBuf> {
   |    ^^^^^^^^^^^^^^^^^^

warning: function `resolve_vm_at_adapter` is never used
   --> D:\autostack\auto-lang\crates\auto-lang\src\ui\ext_stubs.rs:127:15
    |
127 | pub(crate) fn resolve_vm_at_adapter(resolved: &Path) -> Option<PathBuf> {
    |               ^^^^^^^^^^^^^^^^^^^^^

warning: function `load_at_ext_imports` is never used
   --> D:\autostack\auto-lang\crates\auto-lang\src\ui\ext_stubs.rs:154:15
    |
154 | pub(crate) fn load_at_ext_imports(
    |               ^^^^^^^^^^^^^^^^^^^

warning: function `scan_call_arities` is never used
   --> D:\autostack\auto-lang\crates\auto-lang\src\ui\ext_stubs.rs:251:15
    |
251 | pub(crate) fn scan_call_arities(
    |               ^^^^^^^^^^^^^^^^^

warning: function `scan_decl_arities` is never used
   --> D:\autostack\auto-lang\crates\auto-lang\src\ui\ext_stubs.rs:261:15
    |
261 | pub(crate) fn scan_decl_arities(
    |               ^^^^^^^^^^^^^^^^^

warning: function `note_call` is never used
   --> D:\autostack\auto-lang\crates\auto-lang\src\ui\ext_stubs.rs:289:4
    |
289 | fn note_call(call: &crate::ast::Call, targets: &HashSet<String>, out: &mut HashMap<String, usize>) {
    |    ^^^^^^^^^

warning: function `scan_body` is never used
   --> D:\autostack\auto-lang\crates\auto-lang\src\ui\ext_stubs.rs:299:4
    |
299 | fn scan_body(body: &Body, targets: &HashSet<String>, out: &mut HashMap<String, usize>) {
    |    ^^^^^^^^^

warning: function `scan_stmts` is never used
   --> D:\autostack\auto-lang\crates\auto-lang\src\ui\ext_stubs.rs:303:4
    |
303 | fn scan_stmts(stmts: &[Stmt], targets: &HashSet<String>, out: &mut HashMap<String, usize>) {
    |    ^^^^^^^^^^

warning: function `scan_stmt` is never used
   --> D:\autostack\auto-lang\crates\auto-lang\src\ui\ext_stubs.rs:309:4
    |
309 | fn scan_stmt(stmt: &Stmt, targets: &HashSet<String>, out: &mut HashMap<String, usize>) {
    |    ^^^^^^^^^

warning: function `scan_expr` is never used
   --> D:\autostack\auto-lang\crates\auto-lang\src\ui\ext_stubs.rs:359:4
    |
359 | fn scan_expr(e: &Expr, targets: &HashSet<String>, out: &mut HashMap<String, usize>) {
    |    ^^^^^^^^^

warning: function `synthesize_stub_fn` is never used
   --> D:\autostack\auto-lang\crates\auto-lang\src\ui\ext_stubs.rs:421:15
    |
421 | pub(crate) fn synthesize_stub_fn(name: &str, arity: usize) -> Stmt {
    |               ^^^^^^^^^^^^^^^^^^

warning: variable `_stake__disc` should have a snake case name
    --> D:\autostack\auto-lang\crates\auto-lang\src\vm\native.rs:3160:13
     |
3160 |         let _stake__disc = crate::vm::native::StakeGuard::nv(vm, _disc);
     |             ^^^^^^^^^^^^ help: convert the identifier to snake case: `_stake_disc`
     |
     = note: `#[warn(non_snake_case)]` (part of `#[warn(nonstandard_style)]`) on by default

warning: variable `_stake__closure_id` should have a snake case name
    --> D:\autostack\auto-lang\crates\auto-lang\src\vm\native.rs:3524:9
     |
3524 |     let _stake__closure_id = crate::vm::native::StakeGuard::new(vm, _closure_id as i64 as u64);
     |         ^^^^^^^^^^^^^^^^^^ help: convert the identifier to snake case: `_stake_closure_id`

warning: variable `_stake__func_addr` should have a snake case name
    --> D:\autostack\auto-lang\crates\auto-lang\src\vm\native.rs:4358:9
     |
4358 |     let _stake__func_addr = crate::vm::native::StakeGuard::new(vm, _func_addr as i64 as u64); // Not used in MVP
     |         ^^^^^^^^^^^^^^^^^ help: convert the identifier to snake case: `_stake_func_addr`

warning: variable `_stake__func_addr` should have a snake case name
    --> D:\autostack\auto-lang\crates\auto-lang\src\vm\native.rs:4412:9
     |
4412 |     let _stake__func_addr = crate::vm::native::StakeGuard::new(vm, _func_addr as i64 as u64); // Not used in MVP
     |         ^^^^^^^^^^^^^^^^^ help: convert the identifier to snake case: `_stake_func_addr`

warning: variable `_stake__capacity` should have a snake case name
    --> D:\autostack\auto-lang\crates\auto-lang\src\vm\native.rs:5165:9
     |
5165 |     let _stake__capacity = crate::vm::native::StakeGuard::new(vm, _capacity as i64 as u64);
     |         ^^^^^^^^^^^^^^^^ help: convert the identifier to snake case: `_stake_capacity`

warning: variable `_stake__capacity` should have a snake case name
    --> D:\autostack\auto-lang\crates\auto-lang\src\vm\native.rs:5997:9
     |
5997 |     let _stake__capacity = crate::vm::native::StakeGuard::new(vm, _capacity as i64 as u64);
     |         ^^^^^^^^^^^^^^^^ help: convert the identifier to snake case: `_stake_capacity`

warning: variable `_stake__arr_id` should have a snake case name
    --> D:\autostack\auto-lang\crates\auto-lang\src\vm\native.rs:6510:9
     |
6510 |     let _stake__arr_id = crate::vm::native::StakeGuard::new(vm, _arr_id as i64 as u64);
     |         ^^^^^^^^^^^^^^ help: convert the identifier to snake case: `_stake_arr_id`

warning: variable `_stake__inst_id` should have a snake case name
    --> D:\autostack\auto-lang\crates\auto-lang\src\vm\native.rs:6615:9
     |
6615 |     let _stake__inst_id = crate::vm::native::StakeGuard::new(vm, _inst_id as i64 as u64);
     |         ^^^^^^^^^^^^^^^ help: convert the identifier to snake case: `_stake_inst_id`

warning: variable `_stake__inst_id` should have a snake case name
    --> D:\autostack\auto-lang\crates\auto-lang\src\vm\native.rs:6628:9
     |
6628 |     let _stake__inst_id = crate::vm::native::StakeGuard::new(vm, _inst_id as i64 as u64);
     |         ^^^^^^^^^^^^^^^ help: convert the identifier to snake case: `_stake_inst_id`

warning: calls to `std::mem::drop` with a value that implements `Copy` does nothing
    --> D:\autostack\auto-lang\crates\auto-lang\src\vm\ffi\stdlib.rs:9126:13
     |
9126 |             drop(i64::pop_from_stack(task, vm).unwrap_or(0));
     |             ^^^^^------------------------------------------^
     |                  |
     |                  argument has type `i64`
     |
     = note: `#[warn(dropping_copy_types)]` on by default
help: use `let _ = ...` to ignore the expression or result
     |
9126 -             drop(i64::pop_from_stack(task, vm).unwrap_or(0));
9126 +             let _ = i64::pop_from_stack(task, vm).unwrap_or(0);
     |

warning: calls to `std::mem::drop` with a value that implements `Copy` does nothing
    --> D:\autostack\auto-lang\crates\auto-lang\src\vm\ffi\stdlib.rs:9130:13
     |
9130 |             drop(i64::pop_from_stack(task, vm).unwrap_or(0));
     |             ^^^^^------------------------------------------^
     |                  |
     |                  argument has type `i64`
     |
help: use `let _ = ...` to ignore the expression or result
     |
9130 -             drop(i64::pop_from_stack(task, vm).unwrap_or(0));
9130 +             let _ = i64::pop_from_stack(task, vm).unwrap_or(0);
     |

warning: variable `_stake__cfg` should have a snake case name
   --> D:\autostack\auto-lang\crates\auto-lang\src\vm\ffi\musk_response_ctor.rs:836:16
    |
836 |     let (_cfg, _stake__cfg) = pop_value_staked(task, vm); // config Value (unused for the default)
    |                ^^^^^^^^^^^ help: convert the identifier to snake case: `_stake_cfg`

warning: for loop over a `&Option`. This is more readably written as an `if let` statement
   --> D:\autostack\auto-lang\crates\auto-lang\src\ui\vm_bridge.rs:213:15
    |
213 |     for on in &decl.on {
    |               ^^^^^^^^
    |
    = note: `#[warn(for_loops_over_fallibles)]` on by default
help: to check pattern in a loop use `while let`
    |
213 -     for on in &decl.on {
213 +     while let Some(on) = &decl.on {
    |
help: consider using `if let` to clear intent
    |
213 -     for on in &decl.on {
213 +     if let Some(on) = &decl.on {
    |

warning: `auto-lang` (lib) generated 208 warnings (run `cargo fix --lib -p auto-lang` to apply 119 suggestions)
   Compiling app-back v0.1.0 (D:\autostack\auto-term\app\rust-workspace\app-back)
warning: unused imports: `Path`, `Query`, and `State`
 --> app-back\src\api.rs:2:15
  |
2 |     extract::{Path, State, Json, Query},
  |               ^^^^  ^^^^^        ^^^^^
  |
  = note: `#[warn(unused_imports)]` (part of `#[warn(unused)]`) on by default

warning: unused import: `crate::types::*`
 --> app-back\src\api.rs:6:5
  |
6 | use crate::types::*;
  |     ^^^^^^^^^^^^^^^

warning: unused imports: `Arc` and `Mutex`
 --> app-back\src\api.rs:7:17
  |
7 | use std::sync::{Arc, Mutex};
  |                 ^^^  ^^^^^

warning: unused imports: `Deserialize` and `Serialize`
 --> app-back\src\types.rs:1:13
  |
1 | use serde::{Serialize, Deserialize};
  |             ^^^^^^^^^  ^^^^^^^^^^^

warning: unnecessary parentheses around assigned value
   --> app-back\src\db.rs:110:22
    |
110 |     let mut n: i64 = (xs.len() as i64);
    |                      ^               ^
    |
    = note: `#[warn(unused_parens)]` (part of `#[warn(unused)]`) on by default
help: remove these parentheses
    |
110 -     let mut n: i64 = (xs.len() as i64);
110 +     let mut n: i64 = xs.len() as i64;
    |

warning: unnecessary parentheses around assigned value
   --> app-back\src\db.rs:126:22
    |
126 |     let mut n: i64 = (xs.len() as i64);
    |                      ^               ^
    |
help: remove these parentheses
    |
126 -     let mut n: i64 = (xs.len() as i64);
126 +     let mut n: i64 = xs.len() as i64;
    |

warning: unnecessary parentheses around assigned value
   --> app-back\src\db.rs:142:22
    |
142 |     let mut n: i64 = (xs.len() as i64);
    |                      ^               ^
    |
help: remove these parentheses
    |
142 -     let mut n: i64 = (xs.len() as i64);
142 +     let mut n: i64 = xs.len() as i64;
    |

warning: unnecessary parentheses around assigned value
   --> app-back\src\db.rs:157:22
    |
157 |     let mut n: i64 = ((*PANE_IDS.lock().unwrap()).len() as i64);
    |                      ^                                        ^
    |
help: remove these parentheses
    |
157 -     let mut n: i64 = ((*PANE_IDS.lock().unwrap()).len() as i64);
157 +     let mut n: i64 = (*PANE_IDS.lock().unwrap()).len() as i64;
    |

warning: unnecessary parentheses around assigned value
   --> app-back\src\db.rs:173:22
    |
173 |     let mut n: i64 = ((*NODE_IDS.lock().unwrap()).len() as i64);
    |                      ^                                        ^
    |
help: remove these parentheses
    |
173 -     let mut n: i64 = ((*NODE_IDS.lock().unwrap()).len() as i64);
173 +     let mut n: i64 = (*NODE_IDS.lock().unwrap()).len() as i64;
    |

warning: unnecessary parentheses around assigned value
   --> app-back\src\db.rs:189:22
    |
189 |     let mut n: i64 = ((*TAB_IDS.lock().unwrap()).len() as i64);
    |                      ^                                       ^
    |
help: remove these parentheses
    |
189 -     let mut n: i64 = ((*TAB_IDS.lock().unwrap()).len() as i64);
189 +     let mut n: i64 = (*TAB_IDS.lock().unwrap()).len() as i64;
    |

warning: unnecessary parentheses around assigned value
   --> app-back\src\db.rs:206:22
    |
206 |     let mut n: i64 = (xs.len() as i64);
    |                      ^               ^
    |
help: remove these parentheses
    |
206 -     let mut n: i64 = (xs.len() as i64);
206 +     let mut n: i64 = xs.len() as i64;
    |

warning: unnecessary parentheses around function argument
   --> app-back\src\db.rs:224:22
    |
224 |     return tab_index((*WS_ACTIVE_TAB.lock().unwrap()));
    |                      ^                              ^
    |
help: remove these parentheses
    |
224 -     return tab_index((*WS_ACTIVE_TAB.lock().unwrap()));
224 +     return tab_index(*WS_ACTIVE_TAB.lock().unwrap());
    |

warning: unnecessary parentheses around assigned value
   --> app-back\src\db.rs:230:22
    |
230 |     let mut n: i64 = ((*NODE_IDS.lock().unwrap()).len() as i64);
    |                      ^                                        ^
    |
help: remove these parentheses
    |
230 -     let mut n: i64 = ((*NODE_IDS.lock().unwrap()).len() as i64);
230 +     let mut n: i64 = (*NODE_IDS.lock().unwrap()).len() as i64;
    |

warning: unnecessary parentheses around assigned value
   --> app-back\src\db.rs:270:22
    |
270 |     let mut n: i64 = ((*NODE_IDS.lock().unwrap()).len() as i64);
    |                      ^                                        ^
    |
help: remove these parentheses
    |
270 -     let mut n: i64 = ((*NODE_IDS.lock().unwrap()).len() as i64);
270 +     let mut n: i64 = (*NODE_IDS.lock().unwrap()).len() as i64;
    |

warning: unnecessary parentheses around `return` value
   --> app-back\src\db.rs:321:12
    |
321 |     return (*LAYOUT_EPOCH.lock().unwrap());
    |            ^                             ^
    |
help: remove these parentheses
    |
321 -     return (*LAYOUT_EPOCH.lock().unwrap());
321 +     return *LAYOUT_EPOCH.lock().unwrap();
    |

warning: unnecessary parentheses around assigned value
   --> app-back\src\db.rs:340:26
    |
340 |         { let __a2r_gv = (*LAYOUT_EPOCH.lock().unwrap()); *RECT_CACHE_EPOCH.lock().unwrap() = __a2r_gv; };
    |                          ^                             ^
    |
help: remove these parentheses
    |
340 -         { let __a2r_gv = (*LAYOUT_EPOCH.lock().unwrap()); *RECT_CACHE_EPOCH.lock().unwrap() = __a2r_gv; };
340 +         { let __a2r_gv = *LAYOUT_EPOCH.lock().unwrap(); *RECT_CACHE_EPOCH.lock().unwrap() = __a2r_gv; };
    |

warning: unnecessary parentheses around assigned value
   --> app-back\src\db.rs:361:26
    |
361 |         { let __a2r_gv = (*LAYOUT_EPOCH.lock().unwrap()); *RECT_CACHE_EPOCH.lock().unwrap() = __a2r_gv; };
    |                          ^                             ^
    |
help: remove these parentheses
    |
361 -         { let __a2r_gv = (*LAYOUT_EPOCH.lock().unwrap()); *RECT_CACHE_EPOCH.lock().unwrap() = __a2r_gv; };
361 +         { let __a2r_gv = *LAYOUT_EPOCH.lock().unwrap(); *RECT_CACHE_EPOCH.lock().unwrap() = __a2r_gv; };
    |

warning: unnecessary parentheses around assigned value
   --> app-back\src\db.rs:523:22
    |
523 |     { let __a2r_gv = (*LAYOUT_EPOCH.lock().unwrap()); *RECT_CACHE_EPOCH.lock().unwrap() = __a2r_gv; };
    |                      ^                             ^
    |
help: remove these parentheses
    |
523 -     { let __a2r_gv = (*LAYOUT_EPOCH.lock().unwrap()); *RECT_CACHE_EPOCH.lock().unwrap() = __a2r_gv; };
523 +     { let __a2r_gv = *LAYOUT_EPOCH.lock().unwrap(); *RECT_CACHE_EPOCH.lock().unwrap() = __a2r_gv; };
    |

warning: unnecessary parentheses around `return` value
   --> app-back\src\db.rs:598:12
    |
598 |     return (*LAYOUT_EPOCH.lock().unwrap());
    |            ^                             ^
    |
help: remove these parentheses
    |
598 -     return (*LAYOUT_EPOCH.lock().unwrap());
598 +     return *LAYOUT_EPOCH.lock().unwrap();
    |

warning: unnecessary parentheses around assigned value
   --> app-back\src\db.rs:728:17
    |
728 |         ratio = (*MIN_PANE.lock().unwrap());
    |                 ^                         ^
    |
help: remove these parentheses
    |
728 -         ratio = (*MIN_PANE.lock().unwrap());
728 +         ratio = *MIN_PANE.lock().unwrap();
    |

warning: unnecessary parentheses around assigned value
   --> app-back\src\db.rs:738:17
    |
738 |         ratio = (*MAGNET_TARGET.lock().unwrap());
    |                 ^                              ^
    |
help: remove these parentheses
    |
738 -         ratio = (*MAGNET_TARGET.lock().unwrap());
738 +         ratio = *MAGNET_TARGET.lock().unwrap();
    |

warning: unnecessary parentheses around assigned value
   --> app-back\src\db.rs:799:22
    |
799 |     let mut n: i64 = ((*PANE_IDS.lock().unwrap()).len() as i64);
    |                      ^                                        ^
    |
help: remove these parentheses
    |
799 -     let mut n: i64 = ((*PANE_IDS.lock().unwrap()).len() as i64);
799 +     let mut n: i64 = (*PANE_IDS.lock().unwrap()).len() as i64;
    |

warning: unnecessary parentheses around assigned value
   --> app-back\src\db.rs:814:24
    |
814 |     let mut pid: i64 = (*NEXT_PANE_ID.lock().unwrap());
    |                        ^                             ^
    |
help: remove these parentheses
    |
814 -     let mut pid: i64 = (*NEXT_PANE_ID.lock().unwrap());
814 +     let mut pid: i64 = *NEXT_PANE_ID.lock().unwrap();
    |

warning: unnecessary parentheses around assigned value
   --> app-back\src\db.rs:831:25
    |
831 |     let mut leaf: i64 = (*NEXT_NODE_ID.lock().unwrap());
    |                         ^                             ^
    |
help: remove these parentheses
    |
831 -     let mut leaf: i64 = (*NEXT_NODE_ID.lock().unwrap());
831 +     let mut leaf: i64 = *NEXT_NODE_ID.lock().unwrap();
    |

warning: unnecessary parentheses around assigned value
   --> app-back\src\db.rs:908:23
    |
908 |     let mut pn: i64 = ((*PANE_IDS.lock().unwrap()).len() as i64);
    |                       ^                                        ^
    |
help: remove these parentheses
    |
908 -     let mut pn: i64 = ((*PANE_IDS.lock().unwrap()).len() as i64);
908 +     let mut pn: i64 = (*PANE_IDS.lock().unwrap()).len() as i64;
    |

warning: unnecessary parentheses around assigned value
   --> app-back\src\db.rs:930:27
    |
930 |     let mut branch: i64 = (*NEXT_NODE_ID.lock().unwrap());
    |                           ^                             ^
    |
help: remove these parentheses
    |
930 -     let mut branch: i64 = (*NEXT_NODE_ID.lock().unwrap());
930 +     let mut branch: i64 = *NEXT_NODE_ID.lock().unwrap();
    |

warning: unnecessary parentheses around assigned value
   --> app-back\src\db.rs:974:22
    |
974 |     let mut n: i64 = ((*NODE_IDS.lock().unwrap()).len() as i64);
    |                      ^                                        ^
    |
help: remove these parentheses
    |
974 -     let mut n: i64 = ((*NODE_IDS.lock().unwrap()).len() as i64);
974 +     let mut n: i64 = (*NODE_IDS.lock().unwrap()).len() as i64;
    |

warning: unnecessary parentheses around assigned value
    --> app-back\src\db.rs:1045:22
     |
1045 |     let mut n: i64 = ((*NODE_IDS.lock().unwrap()).len() as i64);
     |                      ^                                        ^
     |
help: remove these parentheses
     |
1045 -     let mut n: i64 = ((*NODE_IDS.lock().unwrap()).len() as i64);
1045 +     let mut n: i64 = (*NODE_IDS.lock().unwrap()).len() as i64;
     |

warning: unnecessary parentheses around assigned value
    --> app-back\src\db.rs:1070:24
     |
1070 |     let mut tab: i64 = (*NEXT_TAB_ID.lock().unwrap());
     |                        ^                            ^
     |
help: remove these parentheses
     |
1070 -     let mut tab: i64 = (*NEXT_TAB_ID.lock().unwrap());
1070 +     let mut tab: i64 = *NEXT_TAB_ID.lock().unwrap();
     |

warning: unnecessary parentheses around assigned value
    --> app-back\src\db.rs:1150:23
     |
1150 |     let mut at: i64 = (*WS_ACTIVE_TAB.lock().unwrap());
     |                       ^                              ^
     |
help: remove these parentheses
     |
1150 -     let mut at: i64 = (*WS_ACTIVE_TAB.lock().unwrap());
1150 +     let mut at: i64 = *WS_ACTIVE_TAB.lock().unwrap();
     |

warning: unnecessary parentheses around assigned value
    --> app-back\src\db.rs:1154:22
     |
1154 |     let mut n: i64 = ((*TAB_IDS.lock().unwrap()).len() as i64);
     |                      ^                                       ^
     |
help: remove these parentheses
     |
1154 -     let mut n: i64 = ((*TAB_IDS.lock().unwrap()).len() as i64);
1154 +     let mut n: i64 = (*TAB_IDS.lock().unwrap()).len() as i64;
     |

warning: unnecessary parentheses around assigned value
    --> app-back\src\db.rs:1170:9
     |
1170 |     n = ((*NODE_IDS.lock().unwrap()).len() as i64);
     |         ^                                        ^
     |
help: remove these parentheses
     |
1170 -     n = ((*NODE_IDS.lock().unwrap()).len() as i64);
1170 +     n = (*NODE_IDS.lock().unwrap()).len() as i64;
     |

warning: unnecessary parentheses around assigned value
    --> app-back\src\db.rs:1189:9
     |
1189 |     n = ((*PANE_IDS.lock().unwrap()).len() as i64);
     |         ^                                        ^
     |
help: remove these parentheses
     |
1189 -     n = ((*PANE_IDS.lock().unwrap()).len() as i64);
1189 +     n = (*PANE_IDS.lock().unwrap()).len() as i64;
     |

warning: unnecessary parentheses around assigned value
    --> app-back\src\db.rs:1229:22
     |
1229 |     let mut n: i64 = (vis.len() as i64);
     |                      ^                ^
     |
help: remove these parentheses
     |
1229 -     let mut n: i64 = (vis.len() as i64);
1229 +     let mut n: i64 = vis.len() as i64;
     |

warning: unnecessary parentheses around assigned value
    --> app-back\src\db.rs:1303:22
     |
1303 |     let mut n: i64 = ((*PANE_IDS.lock().unwrap()).len() as i64);
     |                      ^                                        ^
     |
help: remove these parentheses
     |
1303 -     let mut n: i64 = ((*PANE_IDS.lock().unwrap()).len() as i64);
1303 +     let mut n: i64 = (*PANE_IDS.lock().unwrap()).len() as i64;
     |

warning: unnecessary parentheses around assigned value
    --> app-back\src\db.rs:1312:33
     |
1312 |             let mut keep: i64 = (sink.len() as i64);
     |                                 ^                 ^
     |
help: remove these parentheses
     |
1312 -             let mut keep: i64 = (sink.len() as i64);
1312 +             let mut keep: i64 = sink.len() as i64;
     |

warning: unnecessary parentheses around assigned value
    --> app-back\src\db.rs:1339:22
     |
1339 |     let mut n: i64 = (vis.len() as i64);
     |                      ^                ^
     |
help: remove these parentheses
     |
1339 -     let mut n: i64 = (vis.len() as i64);
1339 +     let mut n: i64 = vis.len() as i64;
     |

warning: unnecessary parentheses around `return` value
    --> app-back\src\db.rs:1406:12
     |
1406 |     return (*COLS.lock().unwrap());
     |            ^                     ^
     |
help: remove these parentheses
     |
1406 -     return (*COLS.lock().unwrap());
1406 +     return *COLS.lock().unwrap();
     |

warning: unnecessary parentheses around `return` value
    --> app-back\src\db.rs:1410:12
     |
1410 |     return (*ROWS.lock().unwrap());
     |            ^                     ^
     |
help: remove these parentheses
     |
1410 -     return (*ROWS.lock().unwrap());
1410 +     return *ROWS.lock().unwrap();
     |

warning: unnecessary parentheses around `return` value
    --> app-back\src\db.rs:1443:12
     |
1443 |     return (*BL_ALERTS_TOTAL.lock().unwrap());
     |            ^                                ^
     |
help: remove these parentheses
     |
1443 -     return (*BL_ALERTS_TOTAL.lock().unwrap());
1443 +     return *BL_ALERTS_TOTAL.lock().unwrap();
     |

warning: unnecessary parentheses around `return` value
    --> app-back\src\db.rs:1447:12
     |
1447 |     return (*BL_PENDING_MB.lock().unwrap());
     |            ^                              ^
     |
help: remove these parentheses
     |
1447 -     return (*BL_PENDING_MB.lock().unwrap());
1447 +     return *BL_PENDING_MB.lock().unwrap();
     |

warning: unnecessary parentheses around `return` value
    --> app-back\src\db.rs:1451:12
     |
1451 |     return (*BL_PAUSED.lock().unwrap());
     |            ^                          ^
     |
help: remove these parentheses
     |
1451 -     return (*BL_PAUSED.lock().unwrap());
1451 +     return *BL_PAUSED.lock().unwrap();
     |

warning: unnecessary parentheses around `return` value
    --> app-back\src\db.rs:1455:12
     |
1455 |     return (*BL_DROPPED.lock().unwrap());
     |            ^                           ^
     |
help: remove these parentheses
     |
1455 -     return (*BL_DROPPED.lock().unwrap());
1455 +     return *BL_DROPPED.lock().unwrap();
     |

warning: unnecessary parentheses around `return` value
    --> app-back\src\db.rs:1459:12
     |
1459 |     return (*EXITED.lock().unwrap());
     |            ^                       ^
     |
help: remove these parentheses
     |
1459 -     return (*EXITED.lock().unwrap());
1459 +     return *EXITED.lock().unwrap();
     |

warning: unnecessary parentheses around `return` value
    --> app-back\src\db.rs:1463:12
     |
1463 |     return (*COLS.lock().unwrap());
     |            ^                     ^
     |
help: remove these parentheses
     |
1463 -     return (*COLS.lock().unwrap());
1463 +     return *COLS.lock().unwrap();
     |

warning: unnecessary parentheses around `return` value
    --> app-back\src\db.rs:1467:12
     |
1467 |     return (*ROWS.lock().unwrap());
     |            ^                     ^
     |
help: remove these parentheses
     |
1467 -     return (*ROWS.lock().unwrap());
1467 +     return *ROWS.lock().unwrap();
     |

warning: unnecessary parentheses around assigned value
    --> app-back\src\db.rs:1481:22
     |
1481 |     let mut n: i64 = ((*TAB_IDS.lock().unwrap()).len() as i64);
     |                      ^                                       ^
     |
help: remove these parentheses
     |
1481 -     let mut n: i64 = ((*TAB_IDS.lock().unwrap()).len() as i64);
1481 +     let mut n: i64 = (*TAB_IDS.lock().unwrap()).len() as i64;
     |

warning: unnecessary parentheses around `return` value
    --> app-back\src\db.rs:1501:12
     |
1501 |     return ((*TAB_IDS.lock().unwrap()).len() as i64);
     |            ^                                       ^
     |
help: remove these parentheses
     |
1501 -     return ((*TAB_IDS.lock().unwrap()).len() as i64);
1501 +     return (*TAB_IDS.lock().unwrap()).len() as i64;
     |

warning: unnecessary parentheses around `return` value
    --> app-back\src\db.rs:1573:12
     |
1573 |     return (mux_visible_pane_ids().len() as i64);
     |            ^                                   ^
     |
help: remove these parentheses
     |
1573 -     return (mux_visible_pane_ids().len() as i64);
1573 +     return mux_visible_pane_ids().len() as i64;
     |

warning: unnecessary parentheses around assigned value
    --> app-back\src\db.rs:1655:22
     |
1655 |     let mut n: i64 = ((*RECT_KIND.lock().unwrap()).len() as i64);
     |                      ^                                         ^
     |
help: remove these parentheses
     |
1655 -     let mut n: i64 = ((*RECT_KIND.lock().unwrap()).len() as i64);
1655 +     let mut n: i64 = (*RECT_KIND.lock().unwrap()).len() as i64;
     |

warning: unused import: `CStr`
  --> app-back\src\term.rs:11:31
   |
11 | use std::ffi::{c_char, c_int, CStr, CString};
   |                               ^^^^

warning: variable does not need to be mutable
   --> app-back\src\db.rs:107:20
    |
107 | fn list_remove_int(mut xs: Vec<i64>, idx: i64) -> Vec<i64> {
    |                    ----^^
    |                    |
    |                    help: remove this `mut`
    |
    = note: `#[warn(unused_mut)]` (part of `#[warn(unused)]`) on by default

warning: variable does not need to be mutable
   --> app-back\src\db.rs:110:9
    |
110 |     let mut n: i64 = (xs.len() as i64);
    |         ----^
    |         |
    |         help: remove this `mut`

warning: variable does not need to be mutable
   --> app-back\src\db.rs:123:20
    |
123 | fn list_remove_str(mut xs: Vec<String>, idx: i64) -> Vec<String> {
    |                    ----^^
    |                    |
    |                    help: remove this `mut`

warning: variable does not need to be mutable
   --> app-back\src\db.rs:126:9
    |
126 |     let mut n: i64 = (xs.len() as i64);
    |         ----^
    |         |
    |         help: remove this `mut`

warning: variable does not need to be mutable
   --> app-back\src\db.rs:139:21
    |
139 | fn list_remove_bool(mut xs: Vec<bool>, idx: i64) -> Vec<bool> {
    |                     ----^^
    |                     |
    |                     help: remove this `mut`

warning: variable does not need to be mutable
   --> app-back\src\db.rs:142:9
    |
142 |     let mut n: i64 = (xs.len() as i64);
    |         ----^
    |         |
    |         help: remove this `mut`

warning: variable does not need to be mutable
   --> app-back\src\db.rs:157:9
    |
157 |     let mut n: i64 = ((*PANE_IDS.lock().unwrap()).len() as i64);
    |         ----^
    |         |
    |         help: remove this `mut`

warning: variable does not need to be mutable
   --> app-back\src\db.rs:173:9
    |
173 |     let mut n: i64 = ((*NODE_IDS.lock().unwrap()).len() as i64);
    |         ----^
    |         |
    |         help: remove this `mut`

warning: variable does not need to be mutable
   --> app-back\src\db.rs:189:9
    |
189 |     let mut n: i64 = ((*TAB_IDS.lock().unwrap()).len() as i64);
    |         ----^
    |         |
    |         help: remove this `mut`

warning: variable does not need to be mutable
   --> app-back\src\db.rs:204:17
    |
204 | fn contains_int(mut xs: Vec<i64>, v: i64) -> bool {
    |                 ----^^
    |                 |
    |                 help: remove this `mut`

warning: variable does not need to be mutable
   --> app-back\src\db.rs:206:9
    |
206 |     let mut n: i64 = (xs.len() as i64);
    |         ----^
    |         |
    |         help: remove this `mut`

warning: variable does not need to be mutable
   --> app-back\src\db.rs:230:9
    |
230 |     let mut n: i64 = ((*NODE_IDS.lock().unwrap()).len() as i64);
    |         ----^
    |         |
    |         help: remove this `mut`

warning: variable does not need to be mutable
   --> app-back\src\db.rs:246:9
    |
246 |     let mut ni: i64 = node_index(node_id);
    |         ----^^
    |         |
    |         help: remove this `mut`

warning: variable does not need to be mutable
   --> app-back\src\db.rs:250:9
    |
250 |     let mut pane: i64 = (*NODE_PANE.lock().unwrap())[(ni) as usize].clone();
    |         ----^^^^
    |         |
    |         help: remove this `mut`

warning: variable does not need to be mutable
   --> app-back\src\db.rs:254:9
    |
254 |     let mut left: i64 = leftmost_pane((*NODE_FIRST.lock().unwrap())[(ni) as usize].clone());
    |         ----^^^^
    |         |
    |         help: remove this `mut`

warning: variable does not need to be mutable
   --> app-back\src\db.rs:263:9
    |
263 |     let mut ti: i64 = tab_index(tab_id);
    |         ----^^
    |         |
    |         help: remove this `mut`

warning: variable does not need to be mutable
   --> app-back\src\db.rs:270:9
    |
270 |     let mut n: i64 = ((*NODE_IDS.lock().unwrap()).len() as i64);
    |         ----^
    |         |
    |         help: remove this `mut`

warning: variable does not need to be mutable
   --> app-back\src\db.rs:290:9
    |
290 |     let mut ni: i64 = node_index(node_id);
    |         ----^^
    |         |
    |         help: remove this `mut`

warning: variable does not need to be mutable
   --> app-back\src\db.rs:338:9
    |
338 |     let mut ti: i64 = active_tab_index();
    |         ----^^
    |         |
    |         help: remove this `mut`

warning: variable does not need to be mutable
   --> app-back\src\db.rs:343:9
    |
343 |     let mut zoomed: i64 = (*TAB_ZOOMED_PANE.lock().unwrap())[(ti) as usize].clone();
    |         ----^^^^^^
    |         |
    |         help: remove this `mut`

warning: variable does not need to be mutable
   --> app-back\src\db.rs:349:13
    |
349 |         let mut pi: i64 = pane_index(zoomed);
    |             ----^^
    |             |
    |             help: remove this `mut`

warning: variable does not need to be mutable
   --> app-back\src\db.rs:407:13
    |
407 |         let mut nid: i64 = q_node[(head) as usize].clone();
    |             ----^^^
    |             |
    |             help: remove this `mut`

warning: variable does not need to be mutable
   --> app-back\src\db.rs:408:13
    |
408 |         let mut nx: i64 = q_x[(head) as usize].clone();
    |             ----^^
    |             |
    |             help: remove this `mut`

warning: variable does not need to be mutable
   --> app-back\src\db.rs:409:13
    |
409 |         let mut ny: i64 = q_y[(head) as usize].clone();
    |             ----^^
    |             |
    |             help: remove this `mut`

warning: variable does not need to be mutable
   --> app-back\src\db.rs:410:13
    |
410 |         let mut nw: i64 = q_w[(head) as usize].clone();
    |             ----^^
    |             |
    |             help: remove this `mut`

warning: variable does not need to be mutable
   --> app-back\src\db.rs:411:13
    |
411 |         let mut nh: i64 = q_h[(head) as usize].clone();
    |             ----^^
    |             |
    |             help: remove this `mut`

warning: variable does not need to be mutable
   --> app-back\src\db.rs:413:13
    |
413 |         let mut ni: i64 = node_index(nid);
    |             ----^^
    |             |
    |             help: remove this `mut`

warning: variable does not need to be mutable
   --> app-back\src\db.rs:415:17
    |
415 |             let mut pane: i64 = (*NODE_PANE.lock().unwrap())[(ni) as usize].clone();
    |                 ----^^^^
    |                 |
    |                 help: remove this `mut`

warning: variable does not need to be mutable
   --> app-back\src\db.rs:430:21
    |
430 |                 let mut axis: i64 = (*NODE_AXIS.lock().unwrap())[(ni) as usize].clone();
    |                     ----^^^^
    |                     |
    |                     help: remove this `mut`

warning: variable does not need to be mutable
   --> app-back\src\db.rs:431:21
    |
431 |                 let mut ratio: i64 = (*NODE_RATIO.lock().unwrap())[(ni) as usize].clone();
    |                     ----^^^^^
    |                     |
    |                     help: remove this `mut`

warning: variable does not need to be mutable
   --> app-back\src\db.rs:536:12
    |
536 | fn rect_at(mut kind: Vec<i64>, k: i64) -> i64 {
    |            ----^^^^
    |            |
    |            help: remove this `mut`

warning: variable does not need to be mutable
   --> app-back\src\db.rs:621:9
    |
621 |     let mut ni: i64 = node_index(node_id);
    |         ----^^
    |         |
    |         help: remove this `mut`

warning: variable does not need to be mutable
   --> app-back\src\db.rs:625:9
    |
625 |     let mut ti: i64 = tab_index((*NODE_TAB_IDS.lock().unwrap())[(ni) as usize].clone());
    |         ----^^
    |         |
    |         help: remove this `mut`

warning: variable does not need to be mutable
   --> app-back\src\db.rs:652:13
    |
652 |         let mut nid: i64 = s_node[((s_node.len() as i64) - 1) as usize].clone();
    |             ----^^^
    |             |
    |             help: remove this `mut`

warning: variable does not need to be mutable
   --> app-back\src\db.rs:653:13
    |
653 |         let mut nx: i64 = s_x[((s_x.len() as i64) - 1) as usize].clone();
    |             ----^^
    |             |
    |             help: remove this `mut`

warning: variable does not need to be mutable
   --> app-back\src\db.rs:654:13
    |
654 |         let mut ny: i64 = s_y[((s_y.len() as i64) - 1) as usize].clone();
    |             ----^^
    |             |
    |             help: remove this `mut`

warning: variable does not need to be mutable
   --> app-back\src\db.rs:655:13
    |
655 |         let mut nw: i64 = s_w[((s_w.len() as i64) - 1) as usize].clone();
    |             ----^^
    |             |
    |             help: remove this `mut`

warning: variable does not need to be mutable
   --> app-back\src\db.rs:656:13
    |
656 |         let mut nh: i64 = s_h[((s_h.len() as i64) - 1) as usize].clone();
    |             ----^^
    |             |
    |             help: remove this `mut`

warning: variable does not need to be mutable
   --> app-back\src\db.rs:662:13
    |
662 |         let mut ci: i64 = node_index(nid);
    |             ----^^
    |             |
    |             help: remove this `mut`

warning: variable does not need to be mutable
   --> app-back\src\db.rs:669:21
    |
669 |                 let mut axis: i64 = (*NODE_AXIS.lock().unwrap())[(ci) as usize].clone();
    |                     ----^^^^
    |                     |
    |                     help: remove this `mut`

warning: variable does not need to be mutable
   --> app-back\src\db.rs:670:21
    |
670 |                 let mut ratio: i64 = (*NODE_RATIO.lock().unwrap())[(ci) as usize].clone();
    |                     ----^^^^^
    |                     |
    |                     help: remove this `mut`

warning: variable does not need to be mutable
   --> app-back\src\db.rs:703:9
    |
703 |     let mut ni: i64 = node_index(branch_id);
    |         ----^^
    |         |
    |         help: remove this `mut`

warning: variable does not need to be mutable
   --> app-back\src\db.rs:710:9
    |
710 |     let mut rect: Vec<i64> = rect_of_node(branch_id);
    |         ----^^^^
    |         |
    |         help: remove this `mut`

warning: variable does not need to be mutable
   --> app-back\src\db.rs:711:9
    |
711 |     let mut bx: i64 = rect[(0) as usize].clone();
    |         ----^^
    |         |
    |         help: remove this `mut`

warning: variable does not need to be mutable
   --> app-back\src\db.rs:712:9
    |
712 |     let mut by: i64 = rect[(1) as usize].clone();
    |         ----^^
    |         |
    |         help: remove this `mut`

warning: variable does not need to be mutable
   --> app-back\src\db.rs:713:9
    |
713 |     let mut bw: i64 = rect[(2) as usize].clone();
    |         ----^^
    |         |
    |         help: remove this `mut`

warning: variable does not need to be mutable
   --> app-back\src\db.rs:714:9
    |
714 |     let mut bh: i64 = rect[(3) as usize].clone();
    |         ----^^
    |         |
    |         help: remove this `mut`

warning: variable does not need to be mutable
   --> app-back\src\db.rs:715:9
    |
715 |     let mut axis: i64 = (*NODE_AXIS.lock().unwrap())[(ni) as usize].clone();
    |         ----^^^^
    |         |
    |         help: remove this `mut`

warning: value assigned to `ratio` is never read
   --> app-back\src\db.rs:716:26
    |
716 |     let mut ratio: i64 = 0;
    |                          ^ this value is reassigned later and never used
...
724 |         }        ratio = (py - by) * 1000 / bh;
    |                  ----------------------------- `ratio` is overwritten here before the previous value is read
    |
    = note: `#[warn(unused_assignments)]` (part of `#[warn(unused)]`) on by default

warning: variable does not need to be mutable
   --> app-back\src\db.rs:752:9
    |
752 |     let mut ti: i64 = active_tab_index();
    |         ----^^
    |         |
    |         help: remove this `mut`

warning: variable does not need to be mutable
   --> app-back\src\db.rs:761:9
    |
761 |     let mut pid: i64 = mux_focus_pane_id();
    |         ----^^^
    |         |
    |         help: remove this `mut`

warning: variable does not need to be mutable
   --> app-back\src\db.rs:765:9
    |
765 |     let mut pi: i64 = pane_index(pid);
    |         ----^^
    |         |
    |         help: remove this `mut`

warning: variable does not need to be mutable
   --> app-back\src\db.rs:774:9
    |
774 |     let mut pid: i64 = mux_focus_pane_id();
    |         ----^^^
    |         |
    |         help: remove this `mut`

warning: variable does not need to be mutable
   --> app-back\src\db.rs:778:9
    |
778 |     let mut pi: i64 = pane_index(pid);
    |         ----^^
    |         |
    |         help: remove this `mut`

warning: variable does not need to be mutable
   --> app-back\src\db.rs:789:9
    |
789 |     let mut ti: i64 = active_tab_index();
    |         ----^^
    |         |
    |         help: remove this `mut`

warning: variable does not need to be mutable
   --> app-back\src\db.rs:793:9
    |
793 |     let mut zoomed: i64 = (*TAB_ZOOMED_PANE.lock().unwrap())[(ti) as usize].clone();
    |         ----^^^^^^
    |         |
    |         help: remove this `mut`

warning: variable does not need to be mutable
   --> app-back\src\db.rs:799:9
    |
799 |     let mut n: i64 = ((*PANE_IDS.lock().unwrap()).len() as i64);
    |         ----^
    |         |
    |         help: remove this `mut`

warning: variable does not need to be mutable
   --> app-back\src\db.rs:814:9
    |
814 |     let mut pid: i64 = (*NEXT_PANE_ID.lock().unwrap());
    |         ----^^^
    |         |
    |         help: remove this `mut`

warning: variable does not need to be mutable
   --> app-back\src\db.rs:816:9
    |
816 |     let mut key: String = format!("{}{}", "pane-", pid.to_string());
    |         ----^^^
    |         |
    |         help: remove this `mut`

warning: variable does not need to be mutable
   --> app-back\src\db.rs:817:9
    |
817 |     let mut h: i64 = engine_spawn_ex("", vec![], "", 100, 30);
    |         ----^
    |         |
    |         help: remove this `mut`

warning: variable does not need to be mutable
   --> app-back\src\db.rs:831:9
    |
831 |     let mut leaf: i64 = (*NEXT_NODE_ID.lock().unwrap());
    |         ----^^^^
    |         |
    |         help: remove this `mut`

warning: variable does not need to be mutable
   --> app-back\src\db.rs:862:13
    |
862 |         let mut code: i64 = (*ACT_CODES.lock().unwrap())[(0) as usize].clone();
    |             ----^^^^
    |             |
    |             help: remove this `mut`

warning: variable does not need to be mutable
   --> app-back\src\db.rs:863:13
    |
863 |         let mut arg: i64 = (*ACT_ARGS.lock().unwrap())[(0) as usize].clone();
    |             ----^^^
    |             |
    |             help: remove this `mut`

warning: variable does not need to be mutable
   --> app-back\src\db.rs:873:17
    |
873 |             let mut fid: i64 = mux_focus_pane_id();
    |                 ----^^^
    |                 |
    |                 help: remove this `mut`

warning: variable does not need to be mutable
   --> app-back\src\db.rs:894:9
    |
894 |     let mut tab: i64 = mux_new_tab();
    |         ----^^^
    |         |
    |         help: remove this `mut`

warning: variable does not need to be mutable
   --> app-back\src\db.rs:900:9
    |
900 |     let mut ti: i64 = active_tab_index();
    |         ----^^
    |         |
    |         help: remove this `mut`

warning: variable does not need to be mutable
   --> app-back\src\db.rs:904:9
    |
904 |     let mut tab_id: i64 = (*TAB_IDS.lock().unwrap())[(ti) as usize].clone();
    |         ----^^^^^^
    |         |
    |         help: remove this `mut`

warning: variable does not need to be mutable
   --> app-back\src\db.rs:908:9
    |
908 |     let mut pn: i64 = ((*PANE_IDS.lock().unwrap()).len() as i64);
    |         ----^^
    |         |
    |         help: remove this `mut`

warning: variable does not need to be mutable
   --> app-back\src\db.rs:921:9
    |
921 |     let mut focus: i64 = (*TAB_ACTIVE_PANE.lock().unwrap())[(ti) as usize].clone();
    |         ----^^^^^
    |         |
    |         help: remove this `mut`

warning: variable does not need to be mutable
   --> app-back\src\db.rs:922:9
    |
922 |     let mut old_leaf: i64 = leaf_node_of_pane(focus);
    |         ----^^^^^^^^
    |         |
    |         help: remove this `mut`

warning: variable does not need to be mutable
   --> app-back\src\db.rs:926:9
    |
926 |     let mut new_leaf: i64 = spawn_pane_into_tab(tab_id, axis);
    |         ----^^^^^^^^
    |         |
    |         help: remove this `mut`

warning: variable does not need to be mutable
   --> app-back\src\db.rs:930:9
    |
930 |     let mut branch: i64 = (*NEXT_NODE_ID.lock().unwrap());
    |         ----^^^^^^
    |         |
    |         help: remove this `mut`

warning: variable does not need to be mutable
   --> app-back\src\db.rs:946:9
    |
946 |     let mut bi: i64 = node_index(branch);
    |         ----^^
    |         |
    |         help: remove this `mut`

warning: variable does not need to be mutable
   --> app-back\src\db.rs:950:9
    |
950 |     let mut ni: i64 = node_index(new_leaf);
    |         ----^^
    |         |
    |         help: remove this `mut`

warning: variable does not need to be mutable
   --> app-back\src\db.rs:955:9
    |
955 |     let mut pi: i64 = pane_index(pane_id);
    |         ----^^
    |         |
    |         help: remove this `mut`

warning: variable does not need to be mutable
   --> app-back\src\db.rs:959:9
    |
959 |     let mut tab_id: i64 = (*PANE_TAB_IDS.lock().unwrap())[(pi) as usize].clone();
    |         ----^^^^^^
    |         |
    |         help: remove this `mut`

warning: variable does not need to be mutable
   --> app-back\src\db.rs:960:9
    |
960 |     let mut leaf: i64 = leaf_node_of_pane(pane_id);
    |         ----^^^^
    |         |
    |         help: remove this `mut`

warning: variable does not need to be mutable
   --> app-back\src\db.rs:964:9
    |
964 |     let mut ti2: i64 = tab_index(tab_id);
    |         ----^^^
    |         |
    |         help: remove this `mut`

warning: variable does not need to be mutable
   --> app-back\src\db.rs:974:9
    |
974 |     let mut n: i64 = ((*NODE_IDS.lock().unwrap()).len() as i64);
    |         ----^
    |         |
    |         help: remove this `mut`

warning: variable does not need to be mutable
   --> app-back\src\db.rs:996:9
    |
996 |     let mut h: i64 = (*PANE_HANDLES.lock().unwrap())[(pi) as usize].clone();
    |         ----^
    |         |
    |         help: remove this `mut`

warning: variable does not need to be mutable
    --> app-back\src\db.rs:1001:13
     |
1001 |         let mut next_focus: i64 = leftmost_pane(sibling);
     |             ----^^^^^^^^^^
     |             |
     |             help: remove this `mut`

warning: variable does not need to be mutable
    --> app-back\src\db.rs:1010:9
     |
1010 |     let mut pi: i64 = pane_index(pane_id);
     |         ----^^
     |         |
     |         help: remove this `mut`

warning: variable does not need to be mutable
    --> app-back\src\db.rs:1014:9
     |
1014 |     let mut tab_id: i64 = (*PANE_TAB_IDS.lock().unwrap())[(pi) as usize].clone();
     |         ----^^^^^^
     |         |
     |         help: remove this `mut`

warning: variable does not need to be mutable
    --> app-back\src\db.rs:1015:9
     |
1015 |     let mut ti: i64 = tab_index(tab_id);
     |         ----^^
     |         |
     |         help: remove this `mut`

warning: variable does not need to be mutable
    --> app-back\src\db.rs:1024:9
     |
1024 |     let mut ti: i64 = active_tab_index();
     |         ----^^
     |         |
     |         help: remove this `mut`

warning: variable does not need to be mutable
    --> app-back\src\db.rs:1028:9
     |
1028 |     let mut cur: i64 = (*TAB_ZOOMED_PANE.lock().unwrap())[(ti) as usize].clone();
     |         ----^^^
     |         |
     |         help: remove this `mut`

warning: variable does not need to be mutable
    --> app-back\src\db.rs:1040:9
     |
1040 |     let mut leaf: i64 = leaf_node_of_pane(pane_id);
     |         ----^^^^
     |         |
     |         help: remove this `mut`

warning: variable does not need to be mutable
    --> app-back\src\db.rs:1045:9
     |
1045 |     let mut n: i64 = ((*NODE_IDS.lock().unwrap()).len() as i64);
     |         ----^
     |         |
     |         help: remove this `mut`

warning: variable does not need to be mutable
    --> app-back\src\db.rs:1062:9
     |
1062 |     let mut branch: i64 = (*NODE_IDS.lock().unwrap())[(hit) as usize].clone();
     |         ----^^^^^^
     |         |
     |         help: remove this `mut`

warning: variable does not need to be mutable
    --> app-back\src\db.rs:1063:9
     |
1063 |     let mut rect: Vec<i64> = rect_of_node(branch);
     |         ----^^^^
     |         |
     |         help: remove this `mut`

warning: variable does not need to be mutable
    --> app-back\src\db.rs:1064:9
     |
1064 |     let mut px: i64 = rect[(0) as usize].clone() + rect[(2) as usize].clone() * ratio / 1000;
     |         ----^^
     |         |
     |         help: remove this `mut`

warning: variable does not need to be mutable
    --> app-back\src\db.rs:1065:9
     |
1065 |     let mut py: i64 = rect[(1) as usize].clone() + rect[(3) as usize].clone() * ratio / 1000;
     |         ----^^
     |         |
     |         help: remove this `mut`

warning: variable does not need to be mutable
    --> app-back\src\db.rs:1070:9
     |
1070 |     let mut tab: i64 = (*NEXT_TAB_ID.lock().unwrap());
     |         ----^^^
     |         |
     |         help: remove this `mut`

warning: variable does not need to be mutable
    --> app-back\src\db.rs:1072:9
     |
1072 |     let mut leaf: i64 = spawn_pane_into_tab(tab, 0);
     |         ----^^^^
     |         |
     |         help: remove this `mut`

warning: variable does not need to be mutable
    --> app-back\src\db.rs:1078:9
     |
1078 |     let mut ni: i64 = node_index(leaf);
     |         ----^^
     |         |
     |         help: remove this `mut`

warning: variable does not need to be mutable
    --> app-back\src\db.rs:1087:9
     |
1087 |     let mut ti: i64 = tab_index(tab_id);
     |         ----^^
     |         |
     |         help: remove this `mut`

warning: variable does not need to be mutable
    --> app-back\src\db.rs:1101:17
     |
1101 |             let mut h: i64 = (*PANE_HANDLES.lock().unwrap())[(i) as usize].clone();
     |                 ----^
     |                 |
     |                 help: remove this `mut`

warning: variable does not need to be mutable
    --> app-back\src\db.rs:1140:9
     |
1140 |     let mut ti: i64 = tab_index(tab_id);
     |         ----^^
     |         |
     |         help: remove this `mut`

warning: variable does not need to be mutable
    --> app-back\src\db.rs:1150:9
     |
1150 |     let mut at: i64 = (*WS_ACTIVE_TAB.lock().unwrap());
     |         ----^^
     |         |
     |         help: remove this `mut`

warning: variable does not need to be mutable
    --> app-back\src\db.rs:1219:9
     |
1219 |     let mut handle: i64 = mux_focus_handle();
     |         ----^^^^^^
     |         |
     |         help: remove this `mut`

warning: variable does not need to be mutable
    --> app-back\src\db.rs:1221:13
     |
1221 |         let mut empty: Vec<String> = vec![];
     |             ----^^^^^
     |             |
     |             help: remove this `mut`

warning: variable does not need to be mutable
    --> app-back\src\db.rs:1225:9
     |
1225 |     let mut focus_pid: i64 = mux_focus_pane_id();
     |         ----^^^^^^^^^
     |         |
     |         help: remove this `mut`

warning: variable does not need to be mutable
    --> app-back\src\db.rs:1226:9
     |
1226 |     let mut vis: Vec<i64> = mux_visible_pane_ids();
     |         ----^^^
     |         |
     |         help: remove this `mut`

warning: variable does not need to be mutable
    --> app-back\src\db.rs:1229:9
     |
1229 |     let mut n: i64 = (vis.len() as i64);
     |         ----^
     |         |
     |         help: remove this `mut`

warning: variable does not need to be mutable
    --> app-back\src\db.rs:1234:13
     |
1234 |         let mut pid: i64 = vis[(i) as usize].clone();
     |             ----^^^
     |             |
     |             help: remove this `mut`

warning: variable does not need to be mutable
    --> app-back\src\db.rs:1235:13
     |
1235 |         let mut pi: i64 = pane_index(pid);
     |             ----^^
     |             |
     |             help: remove this `mut`

warning: variable does not need to be mutable
    --> app-back\src\db.rs:1237:17
     |
1237 |             let mut h: i64 = (*PANE_HANDLES.lock().unwrap())[(pi) as usize].clone();
     |                 ----^
     |                 |
     |                 help: remove this `mut`

warning: variable does not need to be mutable
    --> app-back\src\db.rs:1238:17
     |
1238 |             let mut key: String = (*PANE_KEYS.lock().unwrap())[(pi) as usize].clone();
     |                 ----^^^
     |                 |
     |                 help: remove this `mut`

warning: variable does not need to be mutable
    --> app-back\src\db.rs:1239:17
     |
1239 |             let mut applied: i64 = engine_apply_resize_for(h, key.as_str());
     |                 ----^^^^^^^
     |                 |
     |                 help: remove this `mut`

warning: variable does not need to be mutable
    --> app-back\src\db.rs:1246:47
     |
1246 |                 }            }            let mut snap: Vec<String> = engine_rows_for(h, key.as_str());
     |                                               ----^^^^
     |                                               |
     |                                               help: remove this `mut`

warning: variable does not need to be mutable
    --> app-back\src\db.rs:1301:9
     |
1301 |     let mut vis: Vec<i64> = mux_visible_pane_ids();
     |         ----^^^
     |         |
     |         help: remove this `mut`

warning: variable does not need to be mutable
    --> app-back\src\db.rs:1303:9
     |
1303 |     let mut n: i64 = ((*PANE_IDS.lock().unwrap()).len() as i64);
     |         ----^
     |         |
     |         help: remove this `mut`

warning: variable does not need to be mutable
    --> app-back\src\db.rs:1308:13
     |
1308 |         let mut pid: i64 = (*PANE_IDS.lock().unwrap())[(i) as usize].clone();
     |             ----^^^
     |             |
     |             help: remove this `mut`

warning: variable does not need to be mutable
    --> app-back\src\db.rs:1310:17
     |
1310 |             let mut h: i64 = (*PANE_HANDLES.lock().unwrap())[(i) as usize].clone();
     |                 ----^
     |                 |
     |                 help: remove this `mut`

warning: variable does not need to be mutable
    --> app-back\src\db.rs:1311:17
     |
1311 |             let mut sink: Vec<String> = engine_rows_for(h, "-hidden-");
     |                 ----^^^^
     |                 |
     |                 help: remove this `mut`

warning: value assigned to `keep` is never read
    --> app-back\src\db.rs:1314:17
     |
1314 |                 keep = 1;
     |                 ^^^^^^^^
     |
     = help: maybe it is overwritten before being read?

warning: variable does not need to be mutable
    --> app-back\src\db.rs:1322:9
     |
1322 |     let mut handle: i64 = mux_focus_handle();
     |         ----^^^^^^
     |         |
     |         help: remove this `mut`

warning: variable does not need to be mutable
    --> app-back\src\db.rs:1327:9
     |
1327 |     let mut handle: i64 = mux_focus_handle();
     |         ----^^^^^^
     |         |
     |         help: remove this `mut`

warning: variable does not need to be mutable
    --> app-back\src\db.rs:1336:9
     |
1336 |     let mut vis: Vec<i64> = mux_visible_pane_ids();
     |         ----^^^
     |         |
     |         help: remove this `mut`

warning: variable does not need to be mutable
    --> app-back\src\db.rs:1339:9
     |
1339 |     let mut n: i64 = (vis.len() as i64);
     |         ----^
     |         |
     |         help: remove this `mut`

warning: variable does not need to be mutable
    --> app-back\src\db.rs:1344:13
     |
1344 |         let mut pid: i64 = vis[(i) as usize].clone();
     |             ----^^^
     |             |
     |             help: remove this `mut`

warning: variable does not need to be mutable
    --> app-back\src\db.rs:1345:13
     |
1345 |         let mut pi: i64 = pane_index(pid);
     |             ----^^
     |             |
     |             help: remove this `mut`

warning: variable does not need to be mutable
    --> app-back\src\db.rs:1347:17
     |
1347 |             let mut h: i64 = (*PANE_HANDLES.lock().unwrap())[(pi) as usize].clone();
     |                 ----^
     |                 |
     |                 help: remove this `mut`

warning: variable does not need to be mutable
    --> app-back\src\db.rs:1348:17
     |
1348 |             let mut key: String = (*PANE_KEYS.lock().unwrap())[(pi) as usize].clone();
     |                 ----^^^
     |                 |
     |                 help: remove this `mut`

warning: variable does not need to be mutable
    --> app-back\src\db.rs:1349:17
     |
1349 |             let mut pumped: i64 = engine_pump_for(h, key.as_str());
     |                 ----^^^^^^
     |                 |
     |                 help: remove this `mut`

warning: variable does not need to be mutable
    --> app-back\src\db.rs:1372:9
     |
1372 |     let mut ti: i64 = active_tab_index();
     |         ----^^
     |         |
     |         help: remove this `mut`

warning: variable does not need to be mutable
    --> app-back\src\db.rs:1376:9
     |
1376 |     let mut pi: i64 = pane_index(pid);
     |         ----^^
     |         |
     |         help: remove this `mut`

warning: variable does not need to be mutable
    --> app-back\src\db.rs:1385:9
     |
1385 |     let mut pid: i64 = mux_focus_pane_id();
     |         ----^^^
     |         |
     |         help: remove this `mut`

warning: variable does not need to be mutable
    --> app-back\src\db.rs:1389:9
     |
1389 |     let mut pi: i64 = pane_index(pid);
     |         ----^^
     |         |
     |         help: remove this `mut`

warning: variable does not need to be mutable
    --> app-back\src\db.rs:1393:9
     |
1393 |     let mut key: String = (*PANE_KEYS.lock().unwrap())[(pi) as usize].clone();
     |         ----^^^
     |         |
     |         help: remove this `mut`

warning: variable does not need to be mutable
    --> app-back\src\db.rs:1394:9
     |
1394 |     let mut h: i64 = (*PANE_HANDLES.lock().unwrap())[(pi) as usize].clone();
     |         ----^
     |         |
     |         help: remove this `mut`

warning: variable does not need to be mutable
    --> app-back\src\db.rs:1395:9
     |
1395 |     let mut applied: i64 = engine_apply_resize_for(h, key.as_str());
     |         ----^^^^^^^
     |         |
     |         help: remove this `mut`

warning: variable does not need to be mutable
    --> app-back\src\db.rs:1414:9
     |
1414 |     let mut handle: i64 = mux_focus_handle();
     |         ----^^^^^^
     |         |
     |         help: remove this `mut`

warning: variable does not need to be mutable
    --> app-back\src\db.rs:1422:9
     |
1422 |     let mut handle: i64 = mux_focus_handle();
     |         ----^^^^^^
     |         |
     |         help: remove this `mut`

warning: variable does not need to be mutable
    --> app-back\src\db.rs:1430:9
     |
1430 |     let mut handle: i64 = mux_focus_handle();
     |         ----^^^^^^
     |         |
     |         help: remove this `mut`

warning: variable does not need to be mutable
    --> app-back\src\db.rs:1434:9
     |
1434 |     let mut fresh: i64 = engine_backlog_take_alerts(handle);
     |         ----^^^^^
     |         |
     |         help: remove this `mut`

warning: variable does not need to be mutable
    --> app-back\src\db.rs:1481:9
     |
1481 |     let mut n: i64 = ((*TAB_IDS.lock().unwrap()).len() as i64);
     |         ----^
     |         |
     |         help: remove this `mut`

warning: variable does not need to be mutable
    --> app-back\src\db.rs:1525:9
     |
1525 |     let mut n: i64 = i + 1;
     |         ----^
     |         |
     |         help: remove this `mut`

warning: variable does not need to be mutable
    --> app-back\src\db.rs:1530:9
     |
1530 |     let mut pi: i64 = pane_index(pane_id);
     |         ----^^
     |         |
     |         help: remove this `mut`

warning: variable does not need to be mutable
    --> app-back\src\db.rs:1532:13
     |
1532 |         let mut empty: Vec<String> = vec![];
     |             ----^^^^^
     |             |
     |             help: remove this `mut`

warning: variable does not need to be mutable
    --> app-back\src\db.rs:1535:9
     |
1535 |     let mut h: i64 = (*PANE_HANDLES.lock().unwrap())[(pi) as usize].clone();
     |         ----^
     |         |
     |         help: remove this `mut`

warning: variable does not need to be mutable
    --> app-back\src\db.rs:1536:9
     |
1536 |     let mut key: String = (*PANE_KEYS.lock().unwrap())[(pi) as usize].clone();
     |         ----^^^
     |         |
     |         help: remove this `mut`

warning: variable does not need to be mutable
    --> app-back\src\db.rs:1541:9
     |
1541 |     let mut pi: i64 = pane_index(pane_id);
     |         ----^^
     |         |
     |         help: remove this `mut`

warning: variable does not need to be mutable
    --> app-back\src\db.rs:1549:9
     |
1549 |     let mut pi: i64 = pane_index(pane_id);
     |         ----^^
     |         |
     |         help: remove this `mut`

warning: variable does not need to be mutable
    --> app-back\src\db.rs:1557:9
     |
1557 |     let mut pi: i64 = pane_index(pane_id);
     |         ----^^
     |         |
     |         help: remove this `mut`

warning: variable does not need to be mutable
    --> app-back\src\db.rs:1565:9
     |
1565 |     let mut pi: i64 = pane_index(pane_id);
     |         ----^^
     |         |
     |         help: remove this `mut`

warning: variable does not need to be mutable
    --> app-back\src\db.rs:1577:9
     |
1577 |     let mut ti: i64 = active_tab_index();
     |         ----^^
     |         |
     |         help: remove this `mut`

warning: variable does not need to be mutable
    --> app-back\src\db.rs:1581:9
     |
1581 |     let mut root: i64 = (*TAB_ROOT_NODE.lock().unwrap())[(ti) as usize].clone();
     |         ----^^^^
     |         |
     |         help: remove this `mut`

warning: variable does not need to be mutable
    --> app-back\src\db.rs:1582:9
     |
1582 |     let mut ri: i64 = node_index(root);
     |         ----^^
     |         |
     |         help: remove this `mut`

warning: variable does not need to be mutable
    --> app-back\src\db.rs:1623:9
     |
1623 |     let mut ti: i64 = active_tab_index();
     |         ----^^
     |         |
     |         help: remove this `mut`

warning: variable does not need to be mutable
    --> app-back\src\db.rs:1634:9
     |
1634 |     let mut ti: i64 = active_tab_index();
     |         ----^^
     |         |
     |         help: remove this `mut`

warning: variable does not need to be mutable
    --> app-back\src\db.rs:1638:9
     |
1638 |     let mut zoomed: i64 = (*TAB_ZOOMED_PANE.lock().unwrap())[(ti) as usize].clone();
     |         ----^^^^^^
     |         |
     |         help: remove this `mut`

warning: variable does not need to be mutable
    --> app-back\src\db.rs:1655:9
     |
1655 |     let mut n: i64 = ((*RECT_KIND.lock().unwrap()).len() as i64);
     |         ----^
     |         |
     |         help: remove this `mut`

warning: function `engine_spawn` is never used
   --> app-back\src\term.rs:187:8
    |
187 | pub fn engine_spawn(cols: i64, rows: i64) -> i64 {
    |        ^^^^^^^^^^^^
    |
    = note: `#[warn(dead_code)]` (part of `#[warn(unused)]`) on by default

warning: function `engine_write_raw` is never used
   --> app-back\src\term.rs:275:8
    |
275 | pub fn engine_write_raw(handle: i64, data: &str) {
    |        ^^^^^^^^^^^^^^^^

warning: function `engine_pump_input` is never used
   --> app-back\src\term.rs:296:8
    |
296 | pub fn engine_pump_input(handle: i64) -> i64 {
    |        ^^^^^^^^^^^^^^^^^

warning: function `engine_apply_resize` is never used
   --> app-back\src\term.rs:335:8
    |
335 | pub fn engine_apply_resize(handle: i64) -> i64 {
    |        ^^^^^^^^^^^^^^^^^^^

warning: function `engine_feed_snapshot` is never used
   --> app-back\src\term.rs:396:8
    |
396 | pub fn engine_feed_snapshot(handle: i64) {
    |        ^^^^^^^^^^^^^^^^^^^^

warning: variant `All` is never constructed
   --> app-back\src\term.rs:410:5
    |
408 | enum FeedTarget<'k> {
    |      ---------- variant in this enum
409 |     /// 广播(旧 engine_rows/engine_feed_snapshot 兼容面)。
410 |     All,
    |     ^^^

warning: function `engine_rows` is never used
   --> app-back\src\term.rs:670:8
    |
670 | pub fn engine_rows(handle: i64) -> Vec<String> {
    |        ^^^^^^^^^^^

warning: function `engine_row_style` is never used
   --> app-back\src\term.rs:679:8
    |
679 | pub fn engine_row_style(handle: i64, row: usize, out: &mut [u32]) -> i32 {
    |        ^^^^^^^^^^^^^^^^

warning: `app-back` (bin "app-back") generated 212 warnings (run `cargo fix --bin "app-back" -p app-back` to apply 202 suggestions)
    Finished `dev` profile [unoptimized + debuginfo] target(s) in 7.60s
     Running `rust-workspace\target\debug\app-back.exe`
[term-dll] 加载引擎: D:\autostack\auto-term\app\rust-workspace\target\debug\autoterm_core.dll
$ vite
error: process didn't exit successfully: `rust-workspace\target\debug\app-back.exe` (exit code: 0xc0000374, STATUS_HEAP_CORRUPTION)
[2m20:40:56[22m [31m[1m[vite][22m[39m [31mhttp proxy error: /api/term/apply-resize[39m
Error: connect ECONNREFUSED 127.0.0.1:17401
    at TCPConnectWrap.afterConnect [as oncomplete] (node:net:1637:16)
[2m20:40:56[22m [31m[1m[vite][22m[39m [31mhttp proxy error: /api/term/apply-resize[39m
Error: connect ECONNREFUSED 127.0.0.1:17401
    at TCPConnectWrap.afterConnect [as oncomplete] (node:net:1637:16)
[2m20:40:56[22m [31m[1m[vite][22m[39m [31mhttp proxy error: /api/term/apply-resize[39m
Error: connect ECONNREFUSED 127.0.0.1:17401
    at TCPConnectWrap.afterConnect [as oncomplete] (node:net:1637:16)
[2m20:40:56[22m [31m[1m[vite][22m[39m [31mhttp proxy error: /api/term/apply-resize[39m
Error: connect ECONNREFUSED 127.0.0.1:17401
    at TCPConnectWrap.afterConnect [as oncomplete] (node:net:1637:16)
[2m20:40:56[22m [31m[1m[vite][22m[39m [31mhttp proxy error: /api/term/apply-resize[39m
Error: connect ECONNREFUSED 127.0.0.1:17401
    at TCPConnectWrap.afterConnect [as oncomplete] (node:net:1637:16)
[2m20:40:56[22m [31m[1m[vite][22m[39m [31mhttp proxy error: /api/term/apply-resize[39m
Error: connect ECONNREFUSED 127.0.0.1:17401
    at TCPConnectWrap.afterConnect [as oncomplete] (node:net:1637:16)
[2m20:40:56[22m [31m[1m[vite][22m[39m [31mhttp proxy error: /api/term/apply-resize[39m
Error: connect ECONNREFUSED 127.0.0.1:17401
    at TCPConnectWrap.afterConnect [as oncomplete] (node:net:1637:16)
[2m20:40:56[22m [31m[1m[vite][22m[39m [31mhttp proxy error: /api/term/apply-resize[39m
Error: connect ECONNREFUSED 127.0.0.1:17401
    at TCPConnectWrap.afterConnect [as oncomplete] (node:net:1637:16)
[2m20:40:56[22m [31m[1m[vite][22m[39m [31mhttp proxy error: /api/term/apply-resize[39m
Error: connect ECONNREFUSED 127.0.0.1:17401
    at TCPConnectWrap.afterConnect [as oncomplete] (node:net:1637:16)
[2m20:40:56[22m [31m[1m[vite][22m[39m [31mhttp proxy error: /api/term/apply-resize[39m
Error: connect ECONNREFUSED 127.0.0.1:17401
    at TCPConnectWrap.afterConnect [as oncomplete] (node:net:1637:16)
[2m20:40:56[22m [31m[1m[vite][22m[39m [31mhttp proxy error: /api/term/apply-resize[39m
Error: connect ECONNREFUSED 127.0.0.1:17401
    at TCPConnectWrap.afterConnect [as oncomplete] (node:net:1637:16)
[2m20:40:56[22m [31m[1m[vite][22m[39m [31mhttp proxy error: /api/term/apply-resize[39m
Error: connect ECONNREFUSED 127.0.0.1:17401
    at TCPConnectWrap.afterConnect [as oncomplete] (node:net:1637:16)
[2m20:40:56[22m [31m[1m[vite][22m[39m [31mhttp proxy error: /api/term/apply-resize[39m
Error: connect ECONNREFUSED 127.0.0.1:17401
    at TCPConnectWrap.afterConnect [as oncomplete] (node:net:1637:16)
[2m20:40:56[22m [31m[1m[vite][22m[39m [31mhttp proxy error: /api/term/apply-resize[39m
Error: connect ECONNREFUSED 127.0.0.1:17401
    at TCPConnectWrap.afterConnect [as oncomplete] (node:net:1637:16)
[2m20:40:56[22m [31m[1m[vite][22m[39m [31mhttp proxy error: /api/term/apply-resize[39m
Error: connect ECONNREFUSED 127.0.0.1:17401
    at TCPConnectWrap.afterConnect [as oncomplete] (node:net:1637:16)
[2m20:40:56[22m [31m[1m[vite][22m[39m [31mhttp proxy error: /api/term/apply-resize[39m
Error: connect ECONNREFUSED 127.0.0.1:17401
    at TCPConnectWrap.afterConnect [as oncomplete] (node:net:1637:16)
[2m20:40:56[22m [31m[1m[vite][22m[39m [31mhttp proxy error: /api/term/apply-resize[39m
Error: connect ECONNREFUSED 127.0.0.1:17401
    at TCPConnectWrap.afterConnect [as oncomplete] (node:net:1637:16)
[2m20:40:57[22m [31m[1m[vite][22m[39m [31mhttp proxy error: /api/term/apply-resize[39m
Error: connect ECONNREFUSED 127.0.0.1:17401
    at TCPConnectWrap.afterConnect [as oncomplete] (node:net:1637:16)
[2m20:40:57[22m [31m[1m[vite][22m[39m [31mhttp proxy error: /api/term/apply-resize[39m
Error: connect ECONNREFUSED 127.0.0.1:17401
    at TCPConnectWrap.afterConnect [as oncomplete] (node:net:1637:16)
[2m20:40:57[22m [31m[1m[vite][22m[39m [31mhttp proxy error: /api/term/apply-resize[39m
Error: connect ECONNREFUSED 127.0.0.1:17401
    at TCPConnectWrap.afterConnect [as oncomplete] (node:net:1637:16)
[2m20:40:57[22m [31m[1m[vite][22m[39m [31mhttp proxy error: /api/term/apply-resize[39m
Error: connect ECONNREFUSED 127.0.0.1:17401
    at TCPConnectWrap.afterConnect [as oncomplete] (node:net:1637:16)
[2m20:40:57[22m [31m[1m[vite][22m[39m [31mhttp proxy error: /api/term/apply-resize[39m
Error: connect ECONNREFUSED 127.0.0.1:17401
    at TCPConnectWrap.afterConnect [as oncomplete] (node:net:1637:16)
[2m20:40:57[22m [31m[1m[vite][22m[39m [31mhttp proxy error: /api/term/apply-resize[39m
Error: connect ECONNREFUSED 127.0.0.1:17401
    at TCPConnectWrap.afterConnect [as oncomplete] (node:net:1637:16)
[2m20:40:57[22m [31m[1m[vite][22m[39m [31mhttp proxy error: /api/term/apply-resize[39m
Error: connect ECONNREFUSED 127.0.0.1:17401
    at TCPConnectWrap.afterConnect [as oncomplete] (node:net:1637:16)
[2m20:40:57[22m [31m[1m[vite][22m[39m [31mhttp proxy error: /api/term/apply-resize[39m
Error: connect ECONNREFUSED 127.0.0.1:17401
    at TCPConnectWrap.afterConnect [as oncomplete] (node:net:1637:16)
[2m20:40:57[22m [31m[1m[vite][22m[39m [31mhttp proxy error: /api/term/apply-resize[39m
Error: connect ECONNREFUSED 127.0.0.1:17401
    at TCPConnectWrap.afterConnect [as oncomplete] (node:net:1637:16)
[2m20:40:57[22m [31m[1m[vite][22m[39m [31mhttp proxy error: /api/term/apply-resize[39m
Error: connect ECONNREFUSED 127.0.0.1:17401
    at TCPConnectWrap.afterConnect [as oncomplete] (node:net:1637:16)
[2m20:40:57[22m [31m[1m[vite][22m[39m [31mhttp proxy error: /api/term/apply-resize[39m
Error: connect ECONNREFUSED 127.0.0.1:17401
    at TCPConnectWrap.afterConnect [as oncomplete] (node:net:1637:16)
[2m20:40:57[22m [31m[1m[vite][22m[39m [31mhttp proxy error: /api/term/apply-resize[39m
Error: connect ECONNREFUSED 127.0.0.1:17401
    at TCPConnectWrap.afterConnect [as oncomplete] (node:net:1637:16)
[2m20:40:57[22m [31m[1m[vite][22m[39m [31mhttp proxy error: /api/term/apply-resize[39m
Error: connect ECONNREFUSED 127.0.0.1:17401
    at TCPConnectWrap.afterConnect [as oncomplete] (node:net:1637:16)
[2m20:40:57[22m [31m[1m[vite][22m[39m [31mhttp proxy error: /api/term/apply-resize[39m
Error: connect ECONNREFUSED 127.0.0.1:17401
    at TCPConnectWrap.afterConnect [as oncomplete] (node:net:1637:16)
[2m20:40:57[22m [31m[1m[vite][22m[39m [31mhttp proxy error: /api/term/apply-resize[39m
Error: connect ECONNREFUSED 127.0.0.1:17401
    at TCPConnectWrap.afterConnect [as oncomplete] (node:net:1637:16)
[2m20:40:57[22m [31m[1m[vite][22m[39m [31mhttp proxy error: /api/term/apply-resize[39m
Error: connect ECONNREFUSED 127.0.0.1:17401
    at TCPConnectWrap.afterConnect [as oncomplete] (node:net:1637:16)
[2m20:40:57[22m [31m[1m[vite][22m[39m [31mhttp proxy error: /api/term/apply-resize[39m
Error: connect ECONNREFUSED 127.0.0.1:17401
    at TCPConnectWrap.afterConnect [as oncomplete] (node:net:1637:16)
[2m20:40:57[22m [31m[1m[vite][22m[39m [31mhttp proxy error: /api/term/apply-resize[39m
Error: connect ECONNREFUSED 127.0.0.1:17401
    at TCPConnectWrap.afterConnect [as oncomplete] (node:net:1637:16)
[2m20:40:57[22m [31m[1m[vite][22m[39m [31mhttp proxy error: /api/term/apply-resize[39m
Error: connect ECONNREFUSED 127.0.0.1:17401
    at TCPConnectWrap.afterConnect [as oncomplete] (node:net:1637:16)
[2m20:40:57[22m [31m[1m[vite][22m[39m [31mhttp proxy error: /api/term/apply-resize[39m
Error: connect ECONNREFUSED 127.0.0.1:17401
    at TCPConnectWrap.afterConnect [as oncomplete] (node:net:1637:16)
[2m20:40:57[22m [31m[1m[vite][22m[39m [31mhttp proxy error: /api/term/apply-resize[39m
Error: connect ECONNREFUSED 127.0.0.1:17401
    at TCPConnectWrap.afterConnect [as oncomplete] (node:net:1637:16)
[2m20:40:57[22m [31m[1m[vite][22m[39m [31mhttp proxy error: /api/term/apply-resize[39m
Error: connect ECONNREFUSED 127.0.0.1:17401
    at TCPConnectWrap.afterConnect [as oncomplete] (node:net:1637:16)
[2m20:40:57[22m [31m[1m[vite][22m[39m [31mhttp proxy error: /api/term/apply-resize[39m
Error: connect ECONNREFUSED 127.0.0.1:17401
    at TCPConnectWrap.afterConnect [as oncomplete] (node:net:1637:16)
[2m20:40:57[22m [31m[1m[vite][22m[39m [31mhttp proxy error: /api/term/apply-resize[39m
Error: connect ECONNREFUSED 127.0.0.1:17401
    at TCPConnectWrap.afterConnect [as oncomplete] (node:net:1637:16)
[2m20:40:57[22m [31m[1m[vite][22m[39m [31mhttp proxy error: /api/term/apply-resize[39m
Error: connect ECONNREFUSED 127.0.0.1:17401
    at TCPConnectWrap.afterConnect [as oncomplete] (node:net:1637:16)
[2m20:40:57[22m [31m[1m[vite][22m[39m [31mhttp proxy error: /api/term/apply-resize[39m
Error: connect ECONNREFUSED 127.0.0.1:17401
    at TCPConnectWrap.afterConnect [as oncomplete] (node:net:1637:16)
[2m20:40:57[22m [31m[1m[vite][22m[39m [31mhttp proxy error: /api/term/apply-resize[39m
Error: connect ECONNREFUSED 127.0.0.1:17401
    at TCPConnectWrap.afterConnect [as oncomplete] (node:net:1637:16)
[2m20:40:57[22m [31m[1m[vite][22m[39m [31mhttp proxy error: /api/term/apply-resize[39m
Error: connect ECONNREFUSED 127.0.0.1:17401
    at TCPConnectWrap.afterConnect [as oncomplete] (node:net:1637:16)
[2m20:40:57[22m [31m[1m[vite][22m[39m [31mhttp proxy error: /api/term/apply-resize[39m
Error: connect ECONNREFUSED 127.0.0.1:17401
    at TCPConnectWrap.afterConnect [as oncomplete] (node:net:1637:16)
[2m20:40:57[22m [31m[1m[vite][22m[39m [31mhttp proxy error: /api/term/apply-resize[39m
Error: connect ECONNREFUSED 127.0.0.1:17401
    at TCPConnectWrap.afterConnect [as oncomplete] (node:net:1637:16)
[2m20:40:57[22m [31m[1m[vite][22m[39m [31mhttp proxy error: /api/term/apply-resize[39m
Error: connect ECONNREFUSED 127.0.0.1:17401
    at TCPConnectWrap.afterConnect [as oncomplete] (node:net:1637:16)
[2m20:40:57[22m [31m[1m[vite][22m[39m [31mhttp proxy error: /api/term/apply-resize[39m
Error: connect ECONNREFUSED 127.0.0.1:17401
    at TCPConnectWrap.afterConnect [as oncomplete] (node:net:1637:16)
[2m20:40:57[22m [31m[1m[vite][22m[39m [31mhttp proxy error: /api/term/apply-resize[39m
Error: connect ECONNREFUSED 127.0.0.1:17401
    at TCPConnectWrap.afterConnect [as oncomplete] (node:net:1637:16)
[2m20:40:58[22m [31m[1m[vite][22m[39m [31mhttp proxy error: /api/term/apply-resize[39m
Error: connect ECONNREFUSED 127.0.0.1:17401
    at TCPConnectWrap.afterConnect [as oncomplete] (node:net:1637:16)
[2m20:40:58[22m [31m[1m[vite][22m[39m [31mhttp proxy error: /api/term/apply-resize[39m
Error: connect ECONNREFUSED 127.0.0.1:17401
    at TCPConnectWrap.afterConnect [as oncomplete] (node:net:1637:16)
[2m20:40:58[22m [31m[1m[vite][22m[39m [31mhttp proxy error: /api/term/apply-resize[39m
Error: connect ECONNREFUSED 127.0.0.1:17401
    at TCPConnectWrap.afterConnect [as oncomplete] (node:net:1637:16)
[2m20:40:58[22m [31m[1m[vite][22m[39m [31mhttp proxy error: /api/term/apply-resize[39m
Error: connect ECONNREFUSED 127.0.0.1:17401
    at TCPConnectWrap.afterConnect [as oncomplete] (node:net:1637:16)
[2m20:40:58[22m [31m[1m[vite][22m[39m [31mhttp proxy error: /api/term/apply-resize[39m
Error: connect ECONNREFUSED 127.0.0.1:17401
    at TCPConnectWrap.afterConnect [as oncomplete] (node:net:1637:16)
[2m20:40:58[22m [31m[1m[vite][22m[39m [31mhttp proxy error: /api/term/apply-resize[39m
Error: connect ECONNREFUSED 127.0.0.1:17401
    at TCPConnectWrap.afterConnect [as oncomplete] (node:net:1637:16)
[2m20:40:58[22m [31m[1m[vite][22m[39m [31mhttp proxy error: /api/term/apply-resize[39m
Error: connect ECONNREFUSED 127.0.0.1:17401
    at TCPConnectWrap.afterConnect [as oncomplete] (node:net:1637:16)
[2m20:40:58[22m [31m[1m[vite][22m[39m [31mhttp proxy error: /api/term/apply-resize[39m
Error: connect ECONNREFUSED 127.0.0.1:17401
    at TCPConnectWrap.afterConnect [as oncomplete] (node:net:1637:16)
[2m20:40:58[22m [31m[1m[vite][22m[39m [31mhttp proxy error: /api/term/apply-resize[39m
Error: connect ECONNREFUSED 127.0.0.1:17401
    at TCPConnectWrap.afterConnect [as oncomplete] (node:net:1637:16)
[2m20:40:58[22m [31m[1m[vite][22m[39m [31mhttp proxy error: /api/term/apply-resize[39m
Error: connect ECONNREFUSED 127.0.0.1:17401
    at TCPConnectWrap.afterConnect [as oncomplete] (node:net:1637:16)
[2m20:40:58[22m [31m[1m[vite][22m[39m [31mhttp proxy error: /api/term/apply-resize[39m
Error: connect ECONNREFUSED 127.0.0.1:17401
    at TCPConnectWrap.afterConnect [as oncomplete] (node:net:1637:16)
[2m20:40:58[22m [31m[1m[vite][22m[39m [31mhttp proxy error: /api/term/apply-resize[39m
Error: connect ECONNREFUSED 127.0.0.1:17401
    at TCPConnectWrap.afterConnect [as oncomplete] (node:net:1637:16)
[2m20:40:58[22m [31m[1m[vite][22m[39m [31mhttp proxy error: /api/term/apply-resize[39m
Error: connect ECONNREFUSED 127.0.0.1:17401
    at TCPConnectWrap.afterConnect [as oncomplete] (node:net:1637:16)
[2m20:40:58[22m [31m[1m[vite][22m[39m [31mhttp proxy error: /api/term/apply-resize[39m
Error: connect ECONNREFUSED 127.0.0.1:17401
    at TCPConnectWrap.afterConnect [as oncomplete] (node:net:1637:16)
[2m20:40:58[22m [31m[1m[vite][22m[39m [31mhttp proxy error: /api/term/apply-resize[39m
Error: connect ECONNREFUSED 127.0.0.1:17401
    at TCPConnectWrap.afterConnect [as oncomplete] (node:net:1637:16)
[2m20:40:58[22m [31m[1m[vite][22m[39m [31mhttp proxy error: /api/term/apply-resize[39m
Error: connect ECONNREFUSED 127.0.0.1:17401
    at TCPConnectWrap.afterConnect [as oncomplete] (node:net:1637:16)
[2m20:40:58[22m [31m[1m[vite][22m[39m [31mhttp proxy error: /api/term/apply-resize[39m
Error: connect ECONNREFUSED 127.0.0.1:17401
    at TCPConnectWrap.afterConnect [as oncomplete] (node:net:1637:16)
[2m20:40:58[22m [31m[1m[vite][22m[39m [31mhttp proxy error: /api/term/apply-resize[39m
Error: connect ECONNREFUSED 127.0.0.1:17401
    at TCPConnectWrap.afterConnect [as oncomplete] (node:net:1637:16)
[2m20:40:58[22m [31m[1m[vite][22m[39m [31mhttp proxy error: /api/term/apply-resize[39m
Error: connect ECONNREFUSED 127.0.0.1:17401
    at TCPConnectWrap.afterConnect [as oncomplete] (node:net:1637:16)
[2m20:40:58[22m [31m[1m[vite][22m[39m [31mhttp proxy error: /api/term/apply-resize[39m
Error: connect ECONNREFUSED 127.0.0.1:17401
    at TCPConnectWrap.afterConnect [as oncomplete] (node:net:1637:16)
[2m20:40:58[22m [31m[1m[vite][22m[39m [31mhttp proxy error: /api/term/apply-resize[39m
Error: connect ECONNREFUSED 127.0.0.1:17401
    at TCPConnectWrap.afterConnect [as oncomplete] (node:net:1637:16)
[2m20:40:58[22m [31m[1m[vite][22m[39m [31mhttp proxy error: /api/term/apply-resize[39m
Error: connect ECONNREFUSED 127.0.0.1:17401
    at TCPConnectWrap.afterConnect [as oncomplete] (node:net:1637:16)
[2m20:40:58[22m [31m[1m[vite][22m[39m [31mhttp proxy error: /api/term/apply-resize[39m
Error: connect ECONNREFUSED 127.0.0.1:17401
    at TCPConnectWrap.afterConnect [as oncomplete] (node:net:1637:16)
[2m20:40:58[22m [31m[1m[vite][22m[39m [31mhttp proxy error: /api/term/apply-resize[39m
Error: connect ECONNREFUSED 127.0.0.1:17401
    at TCPConnectWrap.afterConnect [as oncomplete] (node:net:1637:16)
[2m20:40:58[22m [31m[1m[vite][22m[39m [31mhttp proxy error: /api/term/apply-resize[39m
Error: connect ECONNREFUSED 127.0.0.1:17401
    at TCPConnectWrap.afterConnect [as oncomplete] (node:net:1637:16)
[2m20:40:58[22m [31m[1m[vite][22m[39m [31mhttp proxy error: /api/term/apply-resize[39m
Error: connect ECONNREFUSED 127.0.0.1:17401
    at TCPConnectWrap.afterConnect [as oncomplete] (node:net:1637:16)
[2m20:40:58[22m [31m[1m[vite][22m[39m [31mhttp proxy error: /api/term/apply-resize[39m
Error: connect ECONNREFUSED 127.0.0.1:17401
    at TCPConnectWrap.afterConnect [as oncomplete] (node:net:1637:16)
[2m20:40:58[22m [31m[1m[vite][22m[39m [31mhttp proxy error: /api/term/apply-resize[39m
Error: connect ECONNREFUSED 127.0.0.1:17401
    at TCPConnectWrap.afterConnect [as oncomplete] (node:net:1637:16)
[2m20:40:58[22m [31m[1m[vite][22m[39m [31mhttp proxy error: /api/term/apply-resize[39m
Error: connect ECONNREFUSED 127.0.0.1:17401
    at TCPConnectWrap.afterConnect [as oncomplete] (node:net:1637:16)
[2m20:40:58[22m [31m[1m[vite][22m[39m [31mhttp proxy error: /api/term/apply-resize[39m
Error: connect ECONNREFUSED 127.0.0.1:17401
    at TCPConnectWrap.afterConnect [as oncomplete] (node:net:1637:16)
[2m20:40:58[22m [31m[1m[vite][22m[39m [31mhttp proxy error: /api/term/apply-resize[39m
Error: connect ECONNREFUSED 127.0.0.1:17401
    at TCPConnectWrap.afterConnect [as oncomplete] (node:net:1637:16)
[2m20:40:58[22m [31m[1m[vite][22m[39m [31mhttp proxy error: /api/term/apply-resize[39m
Error: connect ECONNREFUSED 127.0.0.1:17401
    at TCPConnectWrap.afterConnect [as oncomplete] (node:net:1637:16)
[2m20:40:59[22m [31m[1m[vite][22m[39m [31mhttp proxy error: /api/term/apply-resize[39m
Error: connect ECONNREFUSED 127.0.0.1:17401
    at TCPConnectWrap.afterConnect [as oncomplete] (node:net:1637:16)
[2m20:40:59[22m [31m[1m[vite][22m[39m [31mhttp proxy error: /api/term/apply-resize[39m
Error: connect ECONNREFUSED 127.0.0.1:17401
    at TCPConnectWrap.afterConnect [as oncomplete] (node:net:1637:16)
[2m20:40:59[22m [31m[1m[vite][22m[39m [31mhttp proxy error: /api/term/apply-resize[39m
Error: connect ECONNREFUSED 127.0.0.1:17401
    at TCPConnectWrap.afterConnect [as oncomplete] (node:net:1637:16)
[2m20:40:59[22m [31m[1m[vite][22m[39m [31mhttp proxy error: /api/term/apply-resize[39m
Error: connect ECONNREFUSED 127.0.0.1:17401
    at TCPConnectWrap.afterConnect [as oncomplete] (node:net:1637:16)
[2m20:40:59[22m [31m[1m[vite][22m[39m [31mhttp proxy error: /api/term/apply-resize[39m
Error: connect ECONNREFUSED 127.0.0.1:17401
    at TCPConnectWrap.afterConnect [as oncomplete] (node:net:1637:16)
[2m20:40:59[22m [31m[1m[vite][22m[39m [31mhttp proxy error: /api/term/apply-resize[39m
Error: connect ECONNREFUSED 127.0.0.1:17401
    at TCPConnectWrap.afterConnect [as oncomplete] (node:net:1637:16)
[2m20:40:59[22m [31m[1m[vite][22m[39m [31mhttp proxy error: /api/mux/tab-count[39m
Error: connect ECONNREFUSED 127.0.0.1:17401
    at TCPConnectWrap.afterConnect [as oncomplete] (node:net:1637:16)
[2m20:40:59[22m [31m[1m[vite][22m[39m [31mhttp proxy error: /api/term/apply-resize[39m
Error: connect ECONNREFUSED 127.0.0.1:17401
    at TCPConnectWrap.afterConnect [as oncomplete] (node:net:1637:16)
[2m20:40:59[22m [31m[1m[vite][22m[39m [31mhttp proxy error: /api/term/tick[39m
Error: connect ECONNREFUSED 127.0.0.1:17401
    at TCPConnectWrap.afterConnect [as oncomplete] (node:net:1637:16)
[2m20:40:59[22m [31m[1m[vite][22m[39m [31mhttp proxy error: /api/mux/tab-id-at?i=0[39m
Error: connect ECONNREFUSED 127.0.0.1:17401
    at TCPConnectWrap.afterConnect [as oncomplete] (node:net:1637:16)
[2m20:40:59[22m [31m[1m[vite][22m[39m [31mhttp proxy error: /api/term/apply-resize[39m
Error: connect ECONNREFUSED 127.0.0.1:17401
    at TCPConnectWrap.afterConnect [as oncomplete] (node:net:1637:16)
[2m20:40:59[22m [31m[1m[vite][22m[39m [31mhttp proxy error: /api/term/tick[39m
Error: connect ECONNREFUSED 127.0.0.1:17401
    at TCPConnectWrap.afterConnect [as oncomplete] (node:net:1637:16)
[2m20:40:59[22m [31m[1m[vite][22m[39m [31mhttp proxy error: /api/term/apply-resize[39m
Error: connect ECONNREFUSED 127.0.0.1:17401
    at TCPConnectWrap.afterConnect [as oncomplete] (node:net:1637:16)
[2m20:40:59[22m [31m[1m[vite][22m[39m [31mhttp proxy error: /api/term/apply-resize[39m
Error: connect ECONNREFUSED 127.0.0.1:17401
    at TCPConnectWrap.afterConnect [as oncomplete] (node:net:1637:16)
[2m20:40:59[22m [31m[1m[vite][22m[39m [31mhttp proxy error: /api/term/apply-resize[39m
Error: connect ECONNREFUSED 127.0.0.1:17401
    at TCPConnectWrap.afterConnect [as oncomplete] (node:net:1637:16)
[2m20:40:59[22m [31m[1m[vite][22m[39m [31mhttp proxy error: /api/term/apply-resize[39m
Error: connect ECONNREFUSED 127.0.0.1:17401
    at TCPConnectWrap.afterConnect [as oncomplete] (node:net:1637:16)
[2m20:40:59[22m [31m[1m[vite][22m[39m [31mhttp proxy error: /api/term/apply-resize[39m
Error: connect ECONNREFUSED 127.0.0.1:17401
    at TCPConnectWrap.afterConnect [as oncomplete] (node:net:1637:16)
[2m20:40:59[22m [31m[1m[vite][22m[39m [31mhttp proxy error: /api/term/apply-resize[39m
Error: connect ECONNREFUSED 127.0.0.1:17401
    at TCPConnectWrap.afterConnect [as oncomplete] (node:net:1637:16)
[2m20:40:59[22m [31m[1m[vite][22m[39m [31mhttp proxy error: /api/term/apply-resize[39m
Error: connect ECONNREFUSED 127.0.0.1:17401
    at TCPConnectWrap.afterConnect [as oncomplete] (node:net:1637:16)
[2m20:40:59[22m [31m[1m[vite][22m[39m [31mhttp proxy error: /api/term/apply-resize[39m
Error: connect ECONNREFUSED 127.0.0.1:17401
    at TCPConnectWrap.afterConnect [as oncomplete] (node:net:1637:16)
[2m20:40:59[22m [31m[1m[vite][22m[39m [31mhttp proxy error: /api/term/apply-resize[39m
Error: connect ECONNREFUSED 127.0.0.1:17401
    at TCPConnectWrap.afterConnect [as oncomplete] (node:net:1637:16)
[2m20:40:59[22m [31m[1m[vite][22m[39m [31mhttp proxy error: /api/term/apply-resize[39m
Error: connect ECONNREFUSED 127.0.0.1:17401
    at TCPConnectWrap.afterConnect [as oncomplete] (node:net:1637:16)
[2m20:40:59[22m [31m[1m[vite][22m[39m [31mhttp proxy error: /api/term/apply-resize[39m
Error: connect ECONNREFUSED 127.0.0.1:17401
    at TCPConnectWrap.afterConnect [as oncomplete] (node:net:1637:16)
[2m20:40:59[22m [31m[1m[vite][22m[39m [31mhttp proxy error: /api/term/apply-resize[39m
Error: connect ECONNREFUSED 127.0.0.1:17401
    at TCPConnectWrap.afterConnect [as oncomplete] (node:net:1637:16)
[2m20:40:59[22m [31m[1m[vite][22m[39m [31mhttp proxy error: /api/term/apply-resize[39m
Error: connect ECONNREFUSED 127.0.0.1:17401
    at TCPConnectWrap.afterConnect [as oncomplete] (node:net:1637:16)
[2m20:40:59[22m [31m[1m[vite][22m[39m [31mhttp proxy error: /api/term/apply-resize[39m
Error: connect ECONNREFUSED 127.0.0.1:17401
    at TCPConnectWrap.afterConnect [as oncomplete] (node:net:1637:16)
[2m20:40:59[22m [31m[1m[vite][22m[39m [31mhttp proxy error: /api/term/apply-resize[39m
Error: connect ECONNREFUSED 127.0.0.1:17401
    at TCPConnectWrap.afterConnect [as oncomplete] (node:net:1637:16)
[2m20:40:59[22m [31m[1m[vite][22m[39m [31mhttp proxy error: /api/term/apply-resize[39m
Error: connect ECONNREFUSED 127.0.0.1:17401
    at TCPConnectWrap.afterConnect [as oncomplete] (node:net:1637:16)
[2m20:40:59[22m [31m[1m[vite][22m[39m [31mhttp proxy error: /api/term/apply-resize[39m
Error: connect ECONNREFUSED 127.0.0.1:17401
    at TCPConnectWrap.afterConnect [as oncomplete] (node:net:1637:16)
[2m20:40:59[22m [31m[1m[vite][22m[39m [31mhttp proxy error: /api/term/apply-resize[39m
Error: connect ECONNREFUSED 127.0.0.1:17401
    at TCPConnectWrap.afterConnect [as oncomplete] (node:net:1637:16)
[2m20:40:59[22m [31m[1m[vite][22m[39m [31mhttp proxy error: /api/term/apply-resize[39m
Error: connect ECONNREFUSED 127.0.0.1:17401
    at TCPConnectWrap.afterConnect [as oncomplete] (node:net:1637:16)
[2m20:40:59[22m [31m[1m[vite][22m[39m [31mhttp proxy error: /api/term/apply-resize[39m
Error: connect ECONNREFUSED 127.0.0.1:17401
    at TCPConnectWrap.afterConnect [as oncomplete] (node:net:1637:16)
[2m20:40:59[22m [31m[1m[vite][22m[39m [31mhttp proxy error: /api/term/apply-resize[39m
Error: connect ECONNREFUSED 127.0.0.1:17401
    at TCPConnectWrap.afterConnect [as oncomplete] (node:net:1637:16)
[2m20:40:59[22m [31m[1m[vite][22m[39m [31mhttp proxy error: /api/term/apply-resize[39m
Error: connect ECONNREFUSED 127.0.0.1:17401
    at TCPConnectWrap.afterConnect [as oncomplete] (node:net:1637:16)
[2m20:40:59[22m [31m[1m[vite][22m[39m [31mhttp proxy error: /api/term/apply-resize[39m
Error: connect ECONNREFUSED 127.0.0.1:17401
    at TCPConnectWrap.afterConnect [as oncomplete] (node:net:1637:16)
[2m20:40:59[22m [31m[1m[vite][22m[39m [31mhttp proxy error: /api/term/apply-resize[39m
Error: connect ECONNREFUSED 127.0.0.1:17401
    at TCPConnectWrap.afterConnect [as oncomplete] (node:net:1637:16)
[2m20:40:59[22m [31m[1m[vite][22m[39m [31mhttp proxy error: /api/term/apply-resize[39m
Error: connect ECONNREFUSED 127.0.0.1:17401
    at TCPConnectWrap.afterConnect [as oncomplete] (node:net:1637:16)
[2m20:40:59[22m [31m[1m[vite][22m[39m [31mhttp proxy error: /api/term/apply-resize[39m
Error: connect ECONNREFUSED 127.0.0.1:17401
    at TCPConnectWrap.afterConnect [as oncomplete] (node:net:1637:16)
[2m20:41:00[22m [31m[1m[vite][22m[39m [31mhttp proxy error: /api/term/apply-resize[39m
Error: connect ECONNREFUSED 127.0.0.1:17401
    at TCPConnectWrap.afterConnect [as oncomplete] (node:net:1637:16)
[2m20:41:00[22m [31m[1m[vite][22m[39m [31mhttp proxy error: /api/term/apply-resize[39m
Error: connect ECONNREFUSED 127.0.0.1:17401
    at TCPConnectWrap.afterConnect [as oncomplete] (node:net:1637:16)
[2m20:41:00[22m [31m[1m[vite][22m[39m [31mhttp proxy error: /api/term/apply-resize[39m
Error: connect ECONNREFUSED 127.0.0.1:17401
    at TCPConnectWrap.afterConnect [as oncomplete] (node:net:1637:16)
[2m20:41:00[22m [31m[1m[vite][22m[39m [31mhttp proxy error: /api/term/apply-resize[39m
Error: connect ECONNREFUSED 127.0.0.1:17401
    at TCPConnectWrap.afterConnect [as oncomplete] (node:net:1637:16)
[2m20:41:00[22m [31m[1m[vite][22m[39m [31mhttp proxy error: /api/term/apply-resize[39m
Error: connect ECONNREFUSED 127.0.0.1:17401
    at TCPConnectWrap.afterConnect [as oncomplete] (node:net:1637:16)
[2m20:41:00[22m [31m[1m[vite][22m[39m [31mhttp proxy error: /api/term/apply-resize[39m
Error: connect ECONNREFUSED 127.0.0.1:17401
    at TCPConnectWrap.afterConnect [as oncomplete] (node:net:1637:16)
[2m20:41:00[22m [31m[1m[vite][22m[39m [31mhttp proxy error: /api/term/apply-resize[39m
Error: connect ECONNREFUSED 127.0.0.1:17401
    at TCPConnectWrap.afterConnect [as oncomplete] (node:net:1637:16)
[2m20:41:00[22m [31m[1m[vite][22m[39m [31mhttp proxy error: /api/term/apply-resize[39m
Error: connect ECONNREFUSED 127.0.0.1:17401
    at TCPConnectWrap.afterConnect [as oncomplete] (node:net:1637:16)
[2m20:41:00[22m [31m[1m[vite][22m[39m [31mhttp proxy error: /api/term/apply-resize[39m
Error: connect ECONNREFUSED 127.0.0.1:17401
    at TCPConnectWrap.afterConnect [as oncomplete] (node:net:1637:16)
[2m20:41:00[22m [31m[1m[vite][22m[39m [31mhttp proxy error: /api/term/apply-resize[39m
Error: connect ECONNREFUSED 127.0.0.1:17401
    at TCPConnectWrap.afterConnect [as oncomplete] (node:net:1637:16)
[2m20:41:00[22m [31m[1m[vite][22m[39m [31mhttp proxy error: /api/term/apply-resize[39m
Error: connect ECONNREFUSED 127.0.0.1:17401
    at TCPConnectWrap.afterConnect [as oncomplete] (node:net:1637:16)
[2m20:41:00[22m [31m[1m[vite][22m[39m [31mhttp proxy error: /api/term/apply-resize[39m
Error: connect ECONNREFUSED 127.0.0.1:17401
    at TCPConnectWrap.afterConnect [as oncomplete] (node:net:1637:16)
[2m20:41:00[22m [31m[1m[vite][22m[39m [31mhttp proxy error: /api/term/apply-resize[39m
Error: connect ECONNREFUSED 127.0.0.1:17401
    at TCPConnectWrap.afterConnect [as oncomplete] (node:net:1637:16)
[2m20:41:00[22m [31m[1m[vite][22m[39m [31mhttp proxy error: /api/term/apply-resize[39m
Error: connect ECONNREFUSED 127.0.0.1:17401
    at TCPConnectWrap.afterConnect [as oncomplete] (node:net:1637:16)
[2m20:41:00[22m [31m[1m[vite][22m[39m [31mhttp proxy error: /api/term/apply-resize[39m
Error: connect ECONNREFUSED 127.0.0.1:17401
    at TCPConnectWrap.afterConnect [as oncomplete] (node:net:1637:16)
[2m20:41:00[22m [31m[1m[vite][22m[39m [31mhttp proxy error: /api/term/apply-resize[39m
Error: connect ECONNREFUSED 127.0.0.1:17401
    at TCPConnectWrap.afterConnect [as oncomplete] (node:net:1637:16)
[2m20:41:00[22m [31m[1m[vite][22m[39m [31mhttp proxy error: /api/term/apply-resize[39m
Error: connect ECONNREFUSED 127.0.0.1:17401
    at TCPConnectWrap.afterConnect [as oncomplete] (node:net:1637:16)
[2m20:41:00[22m [31m[1m[vite][22m[39m [31mhttp proxy error: /api/term/apply-resize[39m
Error: connect ECONNREFUSED 127.0.0.1:17401
    at TCPConnectWrap.afterConnect [as oncomplete] (node:net:1637:16)
[2m20:41:00[22m [31m[1m[vite][22m[39m [31mhttp proxy error: /api/term/apply-resize[39m
Error: connect ECONNREFUSED 127.0.0.1:17401
    at TCPConnectWrap.afterConnect [as oncomplete] (node:net:1637:16)
[2m20:41:00[22m [31m[1m[vite][22m[39m [31mhttp proxy error: /api/term/apply-resize[39m
Error: connect ECONNREFUSED 127.0.0.1:17401
    at TCPConnectWrap.afterConnect [as oncomplete] (node:net:1637:16)
[2m20:41:00[22m [31m[1m[vite][22m[39m [31mhttp proxy error: /api/term/apply-resize[39m
Error: connect ECONNREFUSED 127.0.0.1:17401
    at TCPConnectWrap.afterConnect [as oncomplete] (node:net:1637:16)
[2m20:41:00[22m [31m[1m[vite][22m[39m [31mhttp proxy error: /api/term/apply-resize[39m
Error: connect ECONNREFUSED 127.0.0.1:17401
    at TCPConnectWrap.afterConnect [as oncomplete] (node:net:1637:16)
[2m20:41:00[22m [31m[1m[vite][22m[39m [31mhttp proxy error: /api/term/apply-resize[39m
Error: connect ECONNREFUSED 127.0.0.1:17401
    at TCPConnectWrap.afterConnect [as oncomplete] (node:net:1637:16)
[2m20:41:00[22m [31m[1m[vite][22m[39m [31mhttp proxy error: /api/term/apply-resize[39m
Error: connect ECONNREFUSED 127.0.0.1:17401
    at TCPConnectWrap.afterConnect [as oncomplete] (node:net:1637:16)
[2m20:41:00[22m [31m[1m[vite][22m[39m [31mhttp proxy error: /api/term/apply-resize[39m
Error: connect ECONNREFUSED 127.0.0.1:17401
    at TCPConnectWrap.afterConnect [as oncomplete] (node:net:1637:16)
[2m20:41:00[22m [31m[1m[vite][22m[39m [31mhttp proxy error: /api/term/apply-resize[39m
Error: connect ECONNREFUSED 127.0.0.1:17401
    at TCPConnectWrap.afterConnect [as oncomplete] (node:net:1637:16)
[2m20:41:00[22m [31m[1m[vite][22m[39m [31mhttp proxy error: /api/term/apply-resize[39m
Error: connect ECONNREFUSED 127.0.0.1:17401
    at TCPConnectWrap.afterConnect [as oncomplete] (node:net:1637:16)
[2m20:41:00[22m [31m[1m[vite][22m[39m [31mhttp proxy error: /api/term/apply-resize[39m
Error: connect ECONNREFUSED 127.0.0.1:17401
    at TCPConnectWrap.afterConnect [as oncomplete] (node:net:1637:16)
[2m20:41:00[22m [31m[1m[vite][22m[39m [31mhttp proxy error: /api/term/apply-resize[39m
Error: connect ECONNREFUSED 127.0.0.1:17401
    at TCPConnectWrap.afterConnect [as oncomplete] (node:net:1637:16)
[2m20:41:00[22m [31m[1m[vite][22m[39m [31mhttp proxy error: /api/term/apply-resize[39m
Error: connect ECONNREFUSED 127.0.0.1:17401
    at TCPConnectWrap.afterConnect [as oncomplete] (node:net:1637:16)
[2m20:41:00[22m [31m[1m[vite][22m[39m [31mhttp proxy error: /api/term/apply-resize[39m
Error: connect ECONNREFUSED 127.0.0.1:17401
    at TCPConnectWrap.afterConnect [as oncomplete] (node:net:1637:16)
[2m20:41:00[22m [31m[1m[vite][22m[39m [31mhttp proxy error: /api/term/apply-resize[39m
Error: connect ECONNREFUSED 127.0.0.1:17401
    at TCPConnectWrap.afterConnect [as oncomplete] (node:net:1637:16)
[2m20:41:00[22m [31m[1m[vite][22m[39m [31mhttp proxy error: /api/term/apply-resize[39m
Error: connect ECONNREFUSED 127.0.0.1:17401
    at TCPConnectWrap.afterConnect [as oncomplete] (node:net:1637:16)
[2m20:41:00[22m [31m[1m[vite][22m[39m [31mhttp proxy error: /api/term/apply-resize[39m
Error: connect ECONNREFUSED 127.0.0.1:17401
    at TCPConnectWrap.afterConnect [as oncomplete] (node:net:1637:16)
[2m20:41:00[22m [31m[1m[vite][22m[39m [31mhttp proxy error: /api/term/apply-resize[39m
Error: connect ECONNREFUSED 127.0.0.1:17401
    at TCPConnectWrap.afterConnect [as oncomplete] (node:net:1637:16)
[2m20:41:00[22m [31m[1m[vite][22m[39m [31mhttp proxy error: /api/term/apply-resize[39m
Error: connect ECONNREFUSED 127.0.0.1:17401
    at TCPConnectWrap.afterConnect [as oncomplete] (node:net:1637:16)
[2m20:41:00[22m [31m[1m[vite][22m[39m [31mhttp proxy error: /api/term/apply-resize[39m
Error: connect ECONNREFUSED 127.0.0.1:17401
    at TCPConnectWrap.afterConnect [as oncomplete] (node:net:1637:16)
[2m20:41:00[22m [31m[1m[vite][22m[39m [31mhttp proxy error: /api/term/apply-resize[39m
Error: connect ECONNREFUSED 127.0.0.1:17401
    at TCPConnectWrap.afterConnect [as oncomplete] (node:net:1637:16)
[2m20:41:01[22m [31m[1m[vite][22m[39m [31mhttp proxy error: /api/term/apply-resize[39m
Error: connect ECONNREFUSED 127.0.0.1:17401
    at TCPConnectWrap.afterConnect [as oncomplete] (node:net:1637:16)
[2m20:41:01[22m [31m[1m[vite][22m[39m [31mhttp proxy error: /api/term/apply-resize[39m
Error: connect ECONNREFUSED 127.0.0.1:17401
    at TCPConnectWrap.afterConnect [as oncomplete] (node:net:1637:16)
[2m20:41:01[22m [31m[1m[vite][22m[39m [31mhttp proxy error: /api/term/apply-resize[39m
Error: connect ECONNREFUSED 127.0.0.1:17401
    at TCPConnectWrap.afterConnect [as oncomplete] (node:net:1637:16)
[2m20:41:01[22m [31m[1m[vite][22m[39m [31mhttp proxy error: /api/term/apply-resize[39m
Error: connect ECONNREFUSED 127.0.0.1:17401
    at TCPConnectWrap.afterConnect [as oncomplete] (node:net:1637:16)
[2m20:41:01[22m [31m[1m[vite][22m[39m [31mhttp proxy error: /api/term/apply-resize[39m
Error: connect ECONNREFUSED 127.0.0.1:17401
    at TCPConnectWrap.afterConnect [as oncomplete] (node:net:1637:16)
[2m20:41:01[22m [31m[1m[vite][22m[39m [31mhttp proxy error: /api/term/apply-resize[39m
Error: connect ECONNREFUSED 127.0.0.1:17401
    at TCPConnectWrap.afterConnect [as oncomplete] (node:net:1637:16)
[2m20:41:01[22m [31m[1m[vite][22m[39m [31mhttp proxy error: /api/term/apply-resize[39m
Error: connect ECONNREFUSED 127.0.0.1:17401
    at TCPConnectWrap.afterConnect [as oncomplete] (node:net:1637:16)
[2m20:41:01[22m [31m[1m[vite][22m[39m [31mhttp proxy error: /api/term/apply-resize[39m
Error: connect ECONNREFUSED 127.0.0.1:17401
    at TCPConnectWrap.afterConnect [as oncomplete] (node:net:1637:16)
[2m20:41:01[22m [31m[1m[vite][22m[39m [31mhttp proxy error: /api/term/apply-resize[39m
Error: connect ECONNREFUSED 127.0.0.1:17401
    at TCPConnectWrap.afterConnect [as oncomplete] (node:net:1637:16)
[2m20:41:01[22m [31m[1m[vite][22m[39m [31mhttp proxy error: /api/term/apply-resize[39m
Error: connect ECONNREFUSED 127.0.0.1:17401
    at TCPConnectWrap.afterConnect [as oncomplete] (node:net:1637:16)
[2m20:41:01[22m [31m[1m[vite][22m[39m [31mhttp proxy error: /api/term/apply-resize[39m
Error: connect ECONNREFUSED 127.0.0.1:17401
    at TCPConnectWrap.afterConnect [as oncomplete] (node:net:1637:16)
[2m20:41:01[22m [31m[1m[vite][22m[39m [31mhttp proxy error: /api/term/apply-resize[39m
Error: connect ECONNREFUSED 127.0.0.1:17401
    at TCPConnectWrap.afterConnect [as oncomplete] (node:net:1637:16)
[2m20:41:01[22m [31m[1m[vite][22m[39m [31mhttp proxy error: /api/term/apply-resize[39m
Error: connect ECONNREFUSED 127.0.0.1:17401
    at TCPConnectWrap.afterConnect [as oncomplete] (node:net:1637:16)
[2m20:41:01[22m [31m[1m[vite][22m[39m [31mhttp proxy error: /api/term/apply-resize[39m
Error: connect ECONNREFUSED 127.0.0.1:17401
    at TCPConnectWrap.afterConnect [as oncomplete] (node:net:1637:16)
[2m20:41:01[22m [31m[1m[vite][22m[39m [31mhttp proxy error: /api/term/apply-resize[39m
Error: connect ECONNREFUSED 127.0.0.1:17401
    at TCPConnectWrap.afterConnect [as oncomplete] (node:net:1637:16)
[2m20:41:01[22m [31m[1m[vite][22m[39m [31mhttp proxy error: /api/term/apply-resize[39m
Error: connect ECONNREFUSED 127.0.0.1:17401
    at TCPConnectWrap.afterConnect [as oncomplete] (node:net:1637:16)
[2m20:41:01[22m [31m[1m[vite][22m[39m [31mhttp proxy error: /api/mux/tab-count[39m
Error: connect ECONNREFUSED 127.0.0.1:17401
    at TCPConnectWrap.afterConnect [as oncomplete] (node:net:1637:16)
[2m20:41:01[22m [31m[1m[vite][22m[39m [31mhttp proxy error: /api/term/apply-resize[39m
Error: connect ECONNREFUSED 127.0.0.1:17401
    at TCPConnectWrap.afterConnect [as oncomplete] (node:net:1637:16)
[2m20:41:01[22m [31m[1m[vite][22m[39m [31mhttp proxy error: /api/term/apply-resize[39m
Error: connect ECONNREFUSED 127.0.0.1:17401
    at TCPConnectWrap.afterConnect [as oncomplete] (node:net:1637:16)
[2m20:41:01[22m [31m[1m[vite][22m[39m [31mhttp proxy error: /api/term/apply-resize[39m
Error: connect ECONNREFUSED 127.0.0.1:17401
    at TCPConnectWrap.afterConnect [as oncomplete] (node:net:1637:16)
[2m20:41:01[22m [31m[1m[vite][22m[39m [31mhttp proxy error: /api/term/apply-resize[39m
Error: connect ECONNREFUSED 127.0.0.1:17401
    at TCPConnectWrap.afterConnect [as oncomplete] (node:net:1637:16)
[2m20:41:01[22m [31m[1m[vite][22m[39m [31mhttp proxy error: /api/term/apply-resize[39m
Error: connect ECONNREFUSED 127.0.0.1:17401
    at TCPConnectWrap.afterConnect [as oncomplete] (node:net:1637:16)
[2m20:41:01[22m [31m[1m[vite][22m[39m [31mhttp proxy error: /api/term/apply-resize[39m
Error: connect ECONNREFUSED 127.0.0.1:17401
    at TCPConnectWrap.afterConnect [as oncomplete] (node:net:1637:16)
[2m20:41:01[22m [31m[1m[vite][22m[39m [31mhttp proxy error: /api/term/apply-resize[39m
Error: connect ECONNREFUSED 127.0.0.1:17401
    at TCPConnectWrap.afterConnect [as oncomplete] (node:net:1637:16)
[2m20:41:01[22m [31m[1m[vite][22m[39m [31mhttp proxy error: /api/term/apply-resize[39m
Error: connect ECONNREFUSED 127.0.0.1:17401
    at TCPConnectWrap.afterConnect [as oncomplete] (node:net:1637:16)
[2m20:41:01[22m [31m[1m[vite][22m[39m [31mhttp proxy error: /api/term/apply-resize[39m
Error: connect ECONNREFUSED 127.0.0.1:17401
    at TCPConnectWrap.afterConnect [as oncomplete] (node:net:1637:16)
[2m20:41:01[22m [31m[1m[vite][22m[39m [31mhttp proxy error: /api/term/apply-resize[39m
Error: connect ECONNREFUSED 127.0.0.1:17401
    at TCPConnectWrap.afterConnect [as oncomplete] (node:net:1637:16)
[2m20:41:01[22m [31m[1m[vite][22m[39m [31mhttp proxy error: /api/term/apply-resize[39m
Error: connect ECONNREFUSED 127.0.0.1:17401
    at TCPConnectWrap.afterConnect [as oncomplete] (node:net:1637:16)
[2m20:41:01[22m [31m[1m[vite][22m[39m [31mhttp proxy error: /api/term/apply-resize[39m
Error: connect ECONNREFUSED 127.0.0.1:17401
    at TCPConnectWrap.afterConnect [as oncomplete] (node:net:1637:16)
[2m20:41:01[22m [31m[1m[vite][22m[39m [31mhttp proxy error: /api/term/apply-resize[39m
Error: connect ECONNREFUSED 127.0.0.1:17401
    at TCPConnectWrap.afterConnect [as oncomplete] (node:net:1637:16)
[2m20:41:01[22m [31m[1m[vite][22m[39m [31mhttp proxy error: /api/term/apply-resize[39m
Error: connect ECONNREFUSED 127.0.0.1:17401
    at TCPConnectWrap.afterConnect [as oncomplete] (node:net:1637:16)
[2m20:41:01[22m [31m[1m[vite][22m[39m [31mhttp proxy error: /api/term/apply-resize[39m
Error: connect ECONNREFUSED 127.0.0.1:17401
    at TCPConnectWrap.afterConnect [as oncomplete] (node:net:1637:16)
[2m20:41:01[22m [31m[1m[vite][22m[39m [31mhttp proxy error: /api/term/apply-resize[39m
Error: connect ECONNREFUSED 127.0.0.1:17401
    at TCPConnectWrap.afterConnect [as oncomplete] (node:net:1637:16)
[2m20:41:02[22m [31m[1m[vite][22m[39m [31mhttp proxy error: /api/term/apply-resize[39m
Error: connect ECONNREFUSED 127.0.0.1:17401
    at TCPConnectWrap.afterConnect [as oncomplete] (node:net:1637:16)
[2m20:41:02[22m [31m[1m[vite][22m[39m [31mhttp proxy error: /api/term/apply-resize[39m
Error: connect ECONNREFUSED 127.0.0.1:17401
    at TCPConnectWrap.afterConnect [as oncomplete] (node:net:1637:16)
[2m20:41:02[22m [31m[1m[vite][22m[39m [31mhttp proxy error: /api/term/apply-resize[39m
Error: connect ECONNREFUSED 127.0.0.1:17401
    at TCPConnectWrap.afterConnect [as oncomplete] (node:net:1637:16)
[2m20:41:02[22m [31m[1m[vite][22m[39m [31mhttp proxy error: /api/term/apply-resize[39m
Error: connect ECONNREFUSED 127.0.0.1:17401
    at TCPConnectWrap.afterConnect [as oncomplete] (node:net:1637:16)
[2m20:41:02[22m [31m[1m[vite][22m[39m [31mhttp proxy error: /api/term/apply-resize[39m
Error: connect ECONNREFUSED 127.0.0.1:17401
    at TCPConnectWrap.afterConnect [as oncomplete] (node:net:1637:16)
[2m20:41:02[22m [31m[1m[vite][22m[39m [31mhttp proxy error: /api/term/apply-resize[39m
Error: connect ECONNREFUSED 127.0.0.1:17401
    at TCPConnectWrap.afterConnect [as oncomplete] (node:net:1637:16)
[2m20:41:02[22m [31m[1m[vite][22m[39m [31mhttp proxy error: /api/term/apply-resize[39m
Error: connect ECONNREFUSED 127.0.0.1:17401
    at TCPConnectWrap.afterConnect [as oncomplete] (node:net:1637:16)
[2m20:41:02[22m [31m[1m[vite][22m[39m [31mhttp proxy error: /api/term/apply-resize[39m
Error: connect ECONNREFUSED 127.0.0.1:17401
    at TCPConnectWrap.afterConnect [as oncomplete] (node:net:1637:16)
[2m20:41:02[22m [31m[1m[vite][22m[39m [31mhttp proxy error: /api/term/apply-resize[39m
Error: connect ECONNREFUSED 127.0.0.1:17401
    at TCPConnectWrap.afterConnect [as oncomplete] (node:net:1637:16)
[2m20:41:02[22m [31m[1m[vite][22m[39m [31mhttp proxy error: /api/term/apply-resize[39m
Error: connect ECONNREFUSED 127.0.0.1:17401
    at TCPConnectWrap.afterConnect [as oncomplete] (node:net:1637:16)
[2m20:41:02[22m [31m[1m[vite][22m[39m [31mhttp proxy error: /api/term/apply-resize[39m
Error: connect ECONNREFUSED 127.0.0.1:17401
    at TCPConnectWrap.afterConnect [as oncomplete] (node:net:1637:16)
[2m20:41:02[22m [31m[1m[vite][22m[39m [31mhttp proxy error: /api/term/apply-resize[39m
Error: connect ECONNREFUSED 127.0.0.1:17401
    at TCPConnectWrap.afterConnect [as oncomplete] (node:net:1637:16)
[2m20:41:02[22m [31m[1m[vite][22m[39m [31mhttp proxy error: /api/term/apply-resize[39m
Error: connect ECONNREFUSED 127.0.0.1:17401
    at TCPConnectWrap.afterConnect [as oncomplete] (node:net:1637:16)
[2m20:41:02[22m [31m[1m[vite][22m[39m [31mhttp proxy error: /api/term/apply-resize[39m
Error: connect ECONNREFUSED 127.0.0.1:17401
    at TCPConnectWrap.afterConnect [as oncomplete] (node:net:1637:16)
[2m20:41:02[22m [31m[1m[vite][22m[39m [31mhttp proxy error: /api/term/apply-resize[39m
Error: connect ECONNREFUSED 127.0.0.1:17401
    at TCPConnectWrap.afterConnect [as oncomplete] (node:net:1637:16)
[2m20:41:02[22m [31m[1m[vite][22m[39m [31mhttp proxy error: /api/term/apply-resize[39m
Error: connect ECONNREFUSED 127.0.0.1:17401
    at TCPConnectWrap.afterConnect [as oncomplete] (node:net:1637:16)
[2m20:41:02[22m [31m[1m[vite][22m[39m [31mhttp proxy error: /api/term/apply-resize[39m
Error: connect ECONNREFUSED 127.0.0.1:17401
    at TCPConnectWrap.afterConnect [as oncomplete] (node:net:1637:16)
[2m20:41:02[22m [31m[1m[vite][22m[39m [31mhttp proxy error: /api/term/apply-resize[39m
Error: connect ECONNREFUSED 127.0.0.1:17401
    at TCPConnectWrap.afterConnect [as oncomplete] (node:net:1637:16)
[2m20:41:02[22m [31m[1m[vite][22m[39m [31mhttp proxy error: /api/term/apply-resize[39m
Error: connect ECONNREFUSED 127.0.0.1:17401
    at TCPConnectWrap.afterConnect [as oncomplete] (node:net:1637:16)
[2m20:41:02[22m [31m[1m[vite][22m[39m [31mhttp proxy error: /api/term/apply-resize[39m
Error: connect ECONNREFUSED 127.0.0.1:17401
    at TCPConnectWrap.afterConnect [as oncomplete] (node:net:1637:16)
[2m20:41:02[22m [31m[1m[vite][22m[39m [31mhttp proxy error: /api/term/apply-resize[39m
Error: connect ECONNREFUSED 127.0.0.1:17401
    at TCPConnectWrap.afterConnect [as oncomplete] (node:net:1637:16)
[2m20:41:02[22m [31m[1m[vite][22m[39m [31mhttp proxy error: /api/term/apply-resize[39m
Error: connect ECONNREFUSED 127.0.0.1:17401
    at TCPConnectWrap.afterConnect [as oncomplete] (node:net:1637:16)
[2m20:41:02[22m [31m[1m[vite][22m[39m [31mhttp proxy error: /api/term/apply-resize[39m
Error: connect ECONNREFUSED 127.0.0.1:17401
    at TCPConnectWrap.afterConnect [as oncomplete] (node:net:1637:16)
[2m20:41:02[22m [31m[1m[vite][22m[39m [31mhttp proxy error: /api/term/apply-resize[39m
Error: connect ECONNREFUSED 127.0.0.1:17401
    at TCPConnectWrap.afterConnect [as oncomplete] (node:net:1637:16)
[2m20:41:02[22m [31m[1m[vite][22m[39m [31mhttp proxy error: /api/term/apply-resize[39m
Error: connect ECONNREFUSED 127.0.0.1:17401
    at TCPConnectWrap.afterConnect [as oncomplete] (node:net:1637:16)
[2m20:41:02[22m [31m[1m[vite][22m[39m [31mhttp proxy error: /api/term/apply-resize[39m
Error: connect ECONNREFUSED 127.0.0.1:17401
    at TCPConnectWrap.afterConnect [as oncomplete] (node:net:1637:16)
[2m20:41:02[22m [31m[1m[vite][22m[39m [31mhttp proxy error: /api/term/apply-resize[39m
Error: connect ECONNREFUSED 127.0.0.1:17401
    at TCPConnectWrap.afterConnect [as oncomplete] (node:net:1637:16)
[2m20:41:02[22m [31m[1m[vite][22m[39m [31mhttp proxy error: /api/term/apply-resize[39m
Error: connect ECONNREFUSED 127.0.0.1:17401
    at TCPConnectWrap.afterConnect [as oncomplete] (node:net:1637:16)
[2m20:41:02[22m [31m[1m[vite][22m[39m [31mhttp proxy error: /api/term/apply-resize[39m
Error: connect ECONNREFUSED 127.0.0.1:17401
    at TCPConnectWrap.afterConnect [as oncomplete] (node:net:1637:16)
[2m20:41:02[22m [31m[1m[vite][22m[39m [31mhttp proxy error: /api/term/apply-resize[39m
Error: connect ECONNREFUSED 127.0.0.1:17401
    at TCPConnectWrap.afterConnect [as oncomplete] (node:net:1637:16)
[2m20:41:02[22m [31m[1m[vite][22m[39m [31mhttp proxy error: /api/term/apply-resize[39m
Error: connect ECONNREFUSED 127.0.0.1:17401
    at TCPConnectWrap.afterConnect [as oncomplete] (node:net:1637:16)
[2m20:41:02[22m [31m[1m[vite][22m[39m [31mhttp proxy error: /api/term/apply-resize[39m
Error: connect ECONNREFUSED 127.0.0.1:17401
    at TCPConnectWrap.afterConnect [as oncomplete] (node:net:1637:16)
[2m20:41:02[22m [31m[1m[vite][22m[39m [31mhttp proxy error: /api/term/apply-resize[39m
Error: connect ECONNREFUSED 127.0.0.1:17401
    at TCPConnectWrap.afterConnect [as oncomplete] (node:net:1637:16)
[2m20:41:02[22m [31m[1m[vite][22m[39m [31mhttp proxy error: /api/mux/tab-count[39m
Error: connect ECONNREFUSED 127.0.0.1:17401
    at TCPConnectWrap.afterConnect [as oncomplete] (node:net:1637:16)
[2m20:41:02[22m [31m[1m[vite][22m[39m [31mhttp proxy error: /api/term/apply-resize[39m
Error: connect ECONNREFUSED 127.0.0.1:17401
    at TCPConnectWrap.afterConnect [as oncomplete] (node:net:1637:16)
[2m20:41:02[22m [31m[1m[vite][22m[39m [31mhttp proxy error: /api/term/apply-resize[39m
Error: connect ECONNREFUSED 127.0.0.1:17401
    at TCPConnectWrap.afterConnect [as oncomplete] (node:net:1637:16)
[2m20:41:02[22m [31m[1m[vite][22m[39m [31mhttp proxy error: /api/term/apply-resize[39m
Error: connect ECONNREFUSED 127.0.0.1:17401
    at TCPConnectWrap.afterConnect [as oncomplete] (node:net:1637:16)
[2m20:41:02[22m [31m[1m[vite][22m[39m [31mhttp proxy error: /api/term/apply-resize[39m
Error: connect ECONNREFUSED 127.0.0.1:17401
    at TCPConnectWrap.afterConnect [as oncomplete] (node:net:1637:16)
[2m20:41:02[22m [31m[1m[vite][22m[39m [31mhttp proxy error: /api/term/apply-resize[39m
Error: connect ECONNREFUSED 127.0.0.1:17401
    at TCPConnectWrap.afterConnect [as oncomplete] (node:net:1637:16)
[2m20:41:02[22m [31m[1m[vite][22m[39m [31mhttp proxy error: /api/term/apply-resize[39m
Error: connect ECONNREFUSED 127.0.0.1:17401
    at TCPConnectWrap.afterConnect [as oncomplete] (node:net:1637:16)
[2m20:41:02[22m [31m[1m[vite][22m[39m [31mhttp proxy error: /api/term/apply-resize[39m
Error: connect ECONNREFUSED 127.0.0.1:17401
    at TCPConnectWrap.afterConnect [as oncomplete] (node:net:1637:16)
[2m20:41:02[22m [31m[1m[vite][22m[39m [31mhttp proxy error: /api/term/apply-resize[39m
Error: connect ECONNREFUSED 127.0.0.1:17401
    at TCPConnectWrap.afterConnect [as oncomplete] (node:net:1637:16)
[2m20:41:02[22m [31m[1m[vite][22m[39m [31mhttp proxy error: /api/term/apply-resize[39m
Error: connect ECONNREFUSED 127.0.0.1:17401
    at TCPConnectWrap.afterConnect [as oncomplete] (node:net:1637:16)
[2m20:41:02[22m [31m[1m[vite][22m[39m [31mhttp proxy error: /api/term/apply-resize[39m
Error: connect ECONNREFUSED 127.0.0.1:17401
    at TCPConnectWrap.afterConnect [as oncomplete] (node:net:1637:16)
[2m20:41:02[22m [31m[1m[vite][22m[39m [31mhttp proxy error: /api/term/apply-resize[39m
Error: connect ECONNREFUSED 127.0.0.1:17401
    at TCPConnectWrap.afterConnect [as oncomplete] (node:net:1637:16)
[2m20:41:02[22m [31m[1m[vite][22m[39m [31mhttp proxy error: /api/term/apply-resize[39m
Error: connect ECONNREFUSED 127.0.0.1:17401
    at TCPConnectWrap.afterConnect [as oncomplete] (node:net:1637:16)
[2m20:41:02[22m [31m[1m[vite][22m[39m [31mhttp proxy error: /api/term/apply-resize[39m
Error: connect ECONNREFUSED 127.0.0.1:17401
    at TCPConnectWrap.afterConnect [as oncomplete] (node:net:1637:16)
[2m20:41:02[22m [31m[1m[vite][22m[39m [31mhttp proxy error: /api/term/apply-resize[39m
Error: connect ECONNREFUSED 127.0.0.1:17401
    at TCPConnectWrap.afterConnect [as oncomplete] (node:net:1637:16)
[2m20:41:02[22m [31m[1m[vite][22m[39m [31mhttp proxy error: /api/term/apply-resize[39m
Error: connect ECONNREFUSED 127.0.0.1:17401
    at TCPConnectWrap.afterConnect [as oncomplete] (node:net:1637:16)
[2m20:41:02[22m [31m[1m[vite][22m[39m [31mhttp proxy error: /api/term/apply-resize[39m
Error: connect ECONNREFUSED 127.0.0.1:17401
    at TCPConnectWrap.afterConnect [as oncomplete] (node:net:1637:16)
[2m20:41:02[22m [31m[1m[vite][22m[39m [31mhttp proxy error: /api/term/apply-resize[39m
Error: connect ECONNREFUSED 127.0.0.1:17401
    at TCPConnectWrap.afterConnect [as oncomplete] (node:net:1637:16)
[2m20:41:02[22m [31m[1m[vite][22m[39m [31mhttp proxy error: /api/term/apply-resize[39m
Error: connect ECONNREFUSED 127.0.0.1:17401
    at TCPConnectWrap.afterConnect [as oncomplete] (node:net:1637:16)
[2m20:41:02[22m [31m[1m[vite][22m[39m [31mhttp proxy error: /api/term/apply-resize[39m
Error: connect ECONNREFUSED 127.0.0.1:17401
    at TCPConnectWrap.afterConnect [as oncomplete] (node:net:1637:16)
[2m20:41:02[22m [31m[1m[vite][22m[39m [31mhttp proxy error: /api/term/apply-resize[39m
Error: connect ECONNREFUSED 127.0.0.1:17401
    at TCPConnectWrap.afterConnect [as oncomplete] (node:net:1637:16)
[2m20:41:02[22m [31m[1m[vite][22m[39m [31mhttp proxy error: /api/term/apply-resize[39m
Error: connect ECONNREFUSED 127.0.0.1:17401
    at TCPConnectWrap.afterConnect [as oncomplete] (node:net:1637:16)
[2m20:41:02[22m [31m[1m[vite][22m[39m [31mhttp proxy error: /api/term/apply-resize[39m
Error: connect ECONNREFUSED 127.0.0.1:17401
    at TCPConnectWrap.afterConnect [as oncomplete] (node:net:1637:16)
[2m20:41:02[22m [31m[1m[vite][22m[39m [31mhttp proxy error: /api/term/apply-resize[39m
Error: connect ECONNREFUSED 127.0.0.1:17401
    at TCPConnectWrap.afterConnect [as oncomplete] (node:net:1637:16)
[2m20:41:02[22m [31m[1m[vite][22m[39m [31mhttp proxy error: /api/term/apply-resize[39m
Error: connect ECONNREFUSED 127.0.0.1:17401
    at TCPConnectWrap.afterConnect [as oncomplete] (node:net:1637:16)
[2m20:41:02[22m [31m[1m[vite][22m[39m [31mhttp proxy error: /api/mux/tab-count[39m
Error: connect ECONNREFUSED 127.0.0.1:17401
    at TCPConnectWrap.afterConnect [as oncomplete] (node:net:1637:16)
[2m20:41:02[22m [31m[1m[vite][22m[39m [31mhttp proxy error: /api/term/apply-resize[39m
Error: connect ECONNREFUSED 127.0.0.1:17401
    at TCPConnectWrap.afterConnect [as oncomplete] (node:net:1637:16)
[2m20:41:03[22m [31m[1m[vite][22m[39m [31mhttp proxy error: /api/term/apply-resize[39m
Error: connect ECONNREFUSED 127.0.0.1:17401
    at TCPConnectWrap.afterConnect [as oncomplete] (node:net:1637:16)
[2m20:41:03[22m [31m[1m[vite][22m[39m [31mhttp proxy error: /api/term/apply-resize[39m
Error: connect ECONNREFUSED 127.0.0.1:17401
    at TCPConnectWrap.afterConnect [as oncomplete] (node:net:1637:16)
[2m20:41:03[22m [31m[1m[vite][22m[39m [31mhttp proxy error: /api/term/apply-resize[39m
Error: connect ECONNREFUSED 127.0.0.1:17401
    at TCPConnectWrap.afterConnect [as oncomplete] (node:net:1637:16)
[2m20:41:03[22m [31m[1m[vite][22m[39m [31mhttp proxy error: /api/term/apply-resize[39m
Error: connect ECONNREFUSED 127.0.0.1:17401
    at TCPConnectWrap.afterConnect [as oncomplete] (node:net:1637:16)
[2m20:41:03[22m [31m[1m[vite][22m[39m [31mhttp proxy error: /api/term/apply-resize[39m
Error: connect ECONNREFUSED 127.0.0.1:17401
    at TCPConnectWrap.afterConnect [as oncomplete] (node:net:1637:16)
[2m20:41:03[22m [31m[1m[vite][22m[39m [31mhttp proxy error: /api/term/apply-resize[39m
Error: connect ECONNREFUSED 127.0.0.1:17401
    at TCPConnectWrap.afterConnect [as oncomplete] (node:net:1637:16)
[2m20:41:03[22m [31m[1m[vite][22m[39m [31mhttp proxy error: /api/mux/tab-count[39m
Error: connect ECONNREFUSED 127.0.0.1:17401
    at TCPConnectWrap.afterConnect [as oncomplete] (node:net:1637:16)
[2m20:41:03[22m [31m[1m[vite][22m[39m [31mhttp proxy error: /api/term/apply-resize[39m
Error: connect ECONNREFUSED 127.0.0.1:17401
    at TCPConnectWrap.afterConnect [as oncomplete] (node:net:1637:16)
[2m20:41:03[22m [31m[1m[vite][22m[39m [31mhttp proxy error: /api/term/apply-resize[39m
Error: connect ECONNREFUSED 127.0.0.1:17401
    at TCPConnectWrap.afterConnect [as oncomplete] (node:net:1637:16)
[2m20:41:03[22m [31m[1m[vite][22m[39m [31mhttp proxy error: /api/mux/tab-count[39m
Error: connect ECONNREFUSED 127.0.0.1:17401
    at TCPConnectWrap.afterConnect [as oncomplete] (node:net:1637:16)
[2m20:41:03[22m [31m[1m[vite][22m[39m [31mhttp proxy error: /api/term/apply-resize[39m
Error: connect ECONNREFUSED 127.0.0.1:17401
    at TCPConnectWrap.afterConnect [as oncomplete] (node:net:1637:16)
[2m20:41:03[22m [31m[1m[vite][22m[39m [31mhttp proxy error: /api/mux/tab-count[39m
Error: connect ECONNREFUSED 127.0.0.1:17401
    at TCPConnectWrap.afterConnect [as oncomplete] (node:net:1637:16)
[2m20:41:03[22m [31m[1m[vite][22m[39m [31mhttp proxy error: /api/term/apply-resize[39m
Error: connect ECONNREFUSED 127.0.0.1:17401
    at TCPConnectWrap.afterConnect [as oncomplete] (node:net:1637:16)
[2m20:41:03[22m [31m[1m[vite][22m[39m [31mhttp proxy error: /api/mux/tab-count[39m
Error: connect ECONNREFUSED 127.0.0.1:17401
    at TCPConnectWrap.afterConnect [as oncomplete] (node:net:1637:16)
[2m20:41:03[22m [31m[1m[vite][22m[39m [31mhttp proxy error: /api/term/apply-resize[39m
Error: connect ECONNREFUSED 127.0.0.1:17401
    at TCPConnectWrap.afterConnect [as oncomplete] (node:net:1637:16)
[2m20:41:03[22m [31m[1m[vite][22m[39m [31mhttp proxy error: /api/mux/tab-count[39m
Error: connect ECONNREFUSED 127.0.0.1:17401
    at TCPConnectWrap.afterConnect [as oncomplete] (node:net:1637:16)
[2m20:41:03[22m [31m[1m[vite][22m[39m [31mhttp proxy error: /api/term/apply-resize[39m
Error: connect ECONNREFUSED 127.0.0.1:17401
    at TCPConnectWrap.afterConnect [as oncomplete] (node:net:1637:16)
[2m20:41:03[22m [31m[1m[vite][22m[39m [31mhttp proxy error: /api/mux/tab-count[39m
Error: connect ECONNREFUSED 127.0.0.1:17401
    at TCPConnectWrap.afterConnect [as oncomplete] (node:net:1637:16)
[2m20:41:03[22m [31m[1m[vite][22m[39m [31mhttp proxy error: /api/term/apply-resize[39m
Error: connect ECONNREFUSED 127.0.0.1:17401
    at TCPConnectWrap.afterConnect [as oncomplete] (node:net:1637:16)
[2m20:41:03[22m [31m[1m[vite][22m[39m [31mhttp proxy error: /api/mux/tab-count[39m
Error: connect ECONNREFUSED 127.0.0.1:17401
    at TCPConnectWrap.afterConnect [as oncomplete] (node:net:1637:16)
[2m20:41:03[22m [31m[1m[vite][22m[39m [31mhttp proxy error: /api/term/apply-resize[39m
Error: connect ECONNREFUSED 127.0.0.1:17401
    at TCPConnectWrap.afterConnect [as oncomplete] (node:net:1637:16)
[2m20:41:03[22m [31m[1m[vite][22m[39m [31mhttp proxy error: /api/mux/tab-count[39m
Error: connect ECONNREFUSED 127.0.0.1:17401
    at TCPConnectWrap.afterConnect [as oncomplete] (node:net:1637:16)
[2m20:41:03[22m [31m[1m[vite][22m[39m [31mhttp proxy error: /api/term/apply-resize[39m
Error: connect ECONNREFUSED 127.0.0.1:17401
    at TCPConnectWrap.afterConnect [as oncomplete] (node:net:1637:16)
[2m20:41:03[22m [31m[1m[vite][22m[39m [31mhttp proxy error: /api/mux/tab-count[39m
Error: connect ECONNREFUSED 127.0.0.1:17401
    at TCPConnectWrap.afterConnect [as oncomplete] (node:net:1637:16)
[2m20:41:03[22m [31m[1m[vite][22m[39m [31mhttp proxy error: /api/term/apply-resize[39m
Error: connect ECONNREFUSED 127.0.0.1:17401
    at TCPConnectWrap.afterConnect [as oncomplete] (node:net:1637:16)
[2m20:41:03[22m [31m[1m[vite][22m[39m [31mhttp proxy error: /api/mux/tab-count[39m
Error: connect ECONNREFUSED 127.0.0.1:17401
    at TCPConnectWrap.afterConnect [as oncomplete] (node:net:1637:16)
[2m20:41:03[22m [31m[1m[vite][22m[39m [31mhttp proxy error: /api/term/apply-resize[39m
Error: connect ECONNREFUSED 127.0.0.1:17401
    at TCPConnectWrap.afterConnect [as oncomplete] (node:net:1637:16)
[2m20:41:03[22m [31m[1m[vite][22m[39m [31mhttp proxy error: /api/mux/tab-count[39m
Error: connect ECONNREFUSED 127.0.0.1:17401
    at TCPConnectWrap.afterConnect [as oncomplete] (node:net:1637:16)
[2m20:41:03[22m [31m[1m[vite][22m[39m [31mhttp proxy error: /api/term/apply-resize[39m
Error: connect ECONNREFUSED 127.0.0.1:17401
    at TCPConnectWrap.afterConnect [as oncomplete] (node:net:1637:16)
[2m20:41:03[22m [31m[1m[vite][22m[39m [31mhttp proxy error: /api/mux/tab-count[39m
Error: connect ECONNREFUSED 127.0.0.1:17401
    at TCPConnectWrap.afterConnect [as oncomplete] (node:net:1637:16)
[2m20:41:03[22m [31m[1m[vite][22m[39m [31mhttp proxy error: /api/term/apply-resize[39m
Error: connect ECONNREFUSED 127.0.0.1:17401
    at TCPConnectWrap.afterConnect [as oncomplete] (node:net:1637:16)
[2m20:41:03[22m [31m[1m[vite][22m[39m [31mhttp proxy error: /api/mux/tab-count[39m
Error: connect ECONNREFUSED 127.0.0.1:17401
    at TCPConnectWrap.afterConnect [as oncomplete] (node:net:1637:16)
[2m20:41:03[22m [31m[1m[vite][22m[39m [31mhttp proxy error: /api/term/apply-resize[39m
Error: connect ECONNREFUSED 127.0.0.1:17401
    at TCPConnectWrap.afterConnect [as oncomplete] (node:net:1637:16)
[2m20:41:03[22m [31m[1m[vite][22m[39m [31mhttp proxy error: /api/mux/tab-count[39m
Error: connect ECONNREFUSED 127.0.0.1:17401
    at TCPConnectWrap.afterConnect [as oncomplete] (node:net:1637:16)
[2m20:41:03[22m [31m[1m[vite][22m[39m [31mhttp proxy error: /api/term/apply-resize[39m
Error: connect ECONNREFUSED 127.0.0.1:17401
    at TCPConnectWrap.afterConnect [as oncomplete] (node:net:1637:16)
[2m20:41:03[22m [31m[1m[vite][22m[39m [31mhttp proxy error: /api/mux/tab-count[39m
Error: connect ECONNREFUSED 127.0.0.1:17401
    at TCPConnectWrap.afterConnect [as oncomplete] (node:net:1637:16)
[2m20:41:03[22m [31m[1m[vite][22m[39m [31mhttp proxy error: /api/term/apply-resize[39m
Error: connect ECONNREFUSED 127.0.0.1:17401
    at TCPConnectWrap.afterConnect [as oncomplete] (node:net:1637:16)
[2m20:41:03[22m [31m[1m[vite][22m[39m [31mhttp proxy error: /api/mux/tab-count[39m
Error: connect ECONNREFUSED 127.0.0.1:17401
    at TCPConnectWrap.afterConnect [as oncomplete] (node:net:1637:16)
[2m20:41:03[22m [31m[1m[vite][22m[39m [31mhttp proxy error: /api/term/apply-resize[39m
Error: connect ECONNREFUSED 127.0.0.1:17401
    at TCPConnectWrap.afterConnect [as oncomplete] (node:net:1637:16)
[2m20:41:03[22m [31m[1m[vite][22m[39m [31mhttp proxy error: /api/mux/tab-count[39m
Error: connect ECONNREFUSED 127.0.0.1:17401
    at TCPConnectWrap.afterConnect [as oncomplete] (node:net:1637:16)
[2m20:41:03[22m [31m[1m[vite][22m[39m [31mhttp proxy error: /api/term/apply-resize[39m
Error: connect ECONNREFUSED 127.0.0.1:17401
    at TCPConnectWrap.afterConnect [as oncomplete] (node:net:1637:16)
[2m20:41:03[22m [31m[1m[vite][22m[39m [31mhttp proxy error: /api/term/apply-resize[39m
Error: connect ECONNREFUSED 127.0.0.1:17401
    at TCPConnectWrap.afterConnect [as oncomplete] (node:net:1637:16)
[2m20:41:03[22m [31m[1m[vite][22m[39m [31mhttp proxy error: /api/mux/tab-count[39m
Error: connect ECONNREFUSED 127.0.0.1:17401
    at TCPConnectWrap.afterConnect [as oncomplete] (node:net:1637:16)
[2m20:41:03[22m [31m[1m[vite][22m[39m [31mhttp proxy error: /api/term/apply-resize[39m
Error: connect ECONNREFUSED 127.0.0.1:17401
    at TCPConnectWrap.afterConnect [as oncomplete] (node:net:1637:16)
[2m20:41:03[22m [31m[1m[vite][22m[39m [31mhttp proxy error: /api/mux/tab-count[39m
Error: connect ECONNREFUSED 127.0.0.1:17401
    at TCPConnectWrap.afterConnect [as oncomplete] (node:net:1637:16)
[2m20:41:04[22m [31m[1m[vite][22m[39m [31mhttp proxy error: /api/term/apply-resize[39m
Error: connect ECONNREFUSED 127.0.0.1:17401
    at TCPConnectWrap.afterConnect [as oncomplete] (node:net:1637:16)
[2m20:41:04[22m [31m[1m[vite][22m[39m [31mhttp proxy error: /api/mux/tab-count[39m
Error: connect ECONNREFUSED 127.0.0.1:17401
    at TCPConnectWrap.afterConnect [as oncomplete] (node:net:1637:16)
[2m20:41:04[22m [31m[1m[vite][22m[39m [31mhttp proxy error: /api/term/apply-resize[39m
Error: connect ECONNREFUSED 127.0.0.1:17401
    at TCPConnectWrap.afterConnect [as oncomplete] (node:net:1637:16)
[2m20:41:04[22m [31m[1m[vite][22m[39m [31mhttp proxy error: /api/mux/tab-count[39m
Error: connect ECONNREFUSED 127.0.0.1:17401
    at TCPConnectWrap.afterConnect [as oncomplete] (node:net:1637:16)
[2m20:41:04[22m [31m[1m[vite][22m[39m [31mhttp proxy error: /api/term/apply-resize[39m
Error: connect ECONNREFUSED 127.0.0.1:17401
    at TCPConnectWrap.afterConnect [as oncomplete] (node:net:1637:16)
[2m20:41:04[22m [31m[1m[vite][22m[39m [31mhttp proxy error: /api/term/apply-resize[39m
Error: connect ECONNREFUSED 127.0.0.1:17401
    at TCPConnectWrap.afterConnect [as oncomplete] (node:net:1637:16)
[2m20:41:04[22m [31m[1m[vite][22m[39m [31mhttp proxy error: /api/mux/tab-count[39m
Error: connect ECONNREFUSED 127.0.0.1:17401
    at TCPConnectWrap.afterConnect [as oncomplete] (node:net:1637:16)
[2m20:41:04[22m [31m[1m[vite][22m[39m [31mhttp proxy error: /api/term/apply-resize[39m
Error: connect ECONNREFUSED 127.0.0.1:17401
    at TCPConnectWrap.afterConnect [as oncomplete] (node:net:1637:16)
[2m20:41:04[22m [31m[1m[vite][22m[39m [31mhttp proxy error: /api/mux/tab-count[39m
Error: connect ECONNREFUSED 127.0.0.1:17401
    at TCPConnectWrap.afterConnect [as oncomplete] (node:net:1637:16)
[2m20:41:04[22m [31m[1m[vite][22m[39m [31mhttp proxy error: /api/term/apply-resize[39m
Error: connect ECONNREFUSED 127.0.0.1:17401
    at TCPConnectWrap.afterConnect [as oncomplete] (node:net:1637:16)
[2m20:41:04[22m [31m[1m[vite][22m[39m [31mhttp proxy error: /api/mux/tab-count[39m
Error: connect ECONNREFUSED 127.0.0.1:17401
    at TCPConnectWrap.afterConnect [as oncomplete] (node:net:1637:16)
[2m20:41:04[22m [31m[1m[vite][22m[39m [31mhttp proxy error: /api/term/apply-resize[39m
Error: connect ECONNREFUSED 127.0.0.1:17401
    at TCPConnectWrap.afterConnect [as oncomplete] (node:net:1637:16)
[2m20:41:04[22m [31m[1m[vite][22m[39m [31mhttp proxy error: /api/mux/tab-count[39m
Error: connect ECONNREFUSED 127.0.0.1:17401
    at TCPConnectWrap.afterConnect [as oncomplete] (node:net:1637:16)
[2m20:41:04[22m [31m[1m[vite][22m[39m [31mhttp proxy error: /api/term/apply-resize[39m
Error: connect ECONNREFUSED 127.0.0.1:17401
    at TCPConnectWrap.afterConnect [as oncomplete] (node:net:1637:16)
[2m20:41:04[22m [31m[1m[vite][22m[39m [31mhttp proxy error: /api/mux/tab-count[39m
Error: connect ECONNREFUSED 127.0.0.1:17401
    at TCPConnectWrap.afterConnect [as oncomplete] (node:net:1637:16)
[2m20:41:04[22m [31m[1m[vite][22m[39m [31mhttp proxy error: /api/term/apply-resize[39m
Error: connect ECONNREFUSED 127.0.0.1:17401
    at TCPConnectWrap.afterConnect [as oncomplete] (node:net:1637:16)
[2m20:41:04[22m [31m[1m[vite][22m[39m [31mhttp proxy error: /api/mux/tab-count[39m
Error: connect ECONNREFUSED 127.0.0.1:17401
    at TCPConnectWrap.afterConnect [as oncomplete] (node:net:1637:16)
[2m20:41:04[22m [31m[1m[vite][22m[39m [31mhttp proxy error: /api/term/apply-resize[39m
Error: connect ECONNREFUSED 127.0.0.1:17401
    at TCPConnectWrap.afterConnect [as oncomplete] (node:net:1637:16)
[2m20:41:04[22m [31m[1m[vite][22m[39m [31mhttp proxy error: /api/mux/tab-count[39m
Error: connect ECONNREFUSED 127.0.0.1:17401
    at TCPConnectWrap.afterConnect [as oncomplete] (node:net:1637:16)
[2m20:41:04[22m [31m[1m[vite][22m[39m [31mhttp proxy error: /api/term/apply-resize[39m
Error: connect ECONNREFUSED 127.0.0.1:17401
    at TCPConnectWrap.afterConnect [as oncomplete] (node:net:1637:16)
[2m20:41:04[22m [31m[1m[vite][22m[39m [31mhttp proxy error: /api/mux/tab-count[39m
Error: connect ECONNREFUSED 127.0.0.1:17401
    at TCPConnectWrap.afterConnect [as oncomplete] (node:net:1637:16)
[2m20:41:04[22m [31m[1m[vite][22m[39m [31mhttp proxy error: /api/term/apply-resize[39m
Error: connect ECONNREFUSED 127.0.0.1:17401
    at TCPConnectWrap.afterConnect [as oncomplete] (node:net:1637:16)
[2m20:41:04[22m [31m[1m[vite][22m[39m [31mhttp proxy error: /api/mux/tab-count[39m
Error: connect ECONNREFUSED 127.0.0.1:17401
    at TCPConnectWrap.afterConnect [as oncomplete] (node:net:1637:16)
[2m20:41:04[22m [31m[1m[vite][22m[39m [31mhttp proxy error: /api/term/apply-resize[39m
Error: connect ECONNREFUSED 127.0.0.1:17401
    at TCPConnectWrap.afterConnect [as oncomplete] (node:net:1637:16)
[2m20:41:04[22m [31m[1m[vite][22m[39m [31mhttp proxy error: /api/mux/tab-count[39m
Error: connect ECONNREFUSED 127.0.0.1:17401
    at TCPConnectWrap.afterConnect [as oncomplete] (node:net:1637:16)
[2m20:41:04[22m [31m[1m[vite][22m[39m [31mhttp proxy error: /api/term/apply-resize[39m
Error: connect ECONNREFUSED 127.0.0.1:17401
    at TCPConnectWrap.afterConnect [as oncomplete] (node:net:1637:16)
[2m20:41:04[22m [31m[1m[vite][22m[39m [31mhttp proxy error: /api/mux/tab-count[39m
Error: connect ECONNREFUSED 127.0.0.1:17401
    at TCPConnectWrap.afterConnect [as oncomplete] (node:net:1637:16)
[2m20:41:04[22m [31m[1m[vite][22m[39m [31mhttp proxy error: /api/term/apply-resize[39m
Error: connect ECONNREFUSED 127.0.0.1:17401
    at TCPConnectWrap.afterConnect [as oncomplete] (node:net:1637:16)
[2m20:41:04[22m [31m[1m[vite][22m[39m [31mhttp proxy error: /api/mux/tab-count[39m
Error: connect ECONNREFUSED 127.0.0.1:17401
    at TCPConnectWrap.afterConnect [as oncomplete] (node:net:1637:16)
[2m20:41:04[22m [31m[1m[vite][22m[39m [31mhttp proxy error: /api/term/apply-resize[39m
Error: connect ECONNREFUSED 127.0.0.1:17401
    at TCPConnectWrap.afterConnect [as oncomplete] (node:net:1637:16)
[2m20:41:04[22m [31m[1m[vite][22m[39m [31mhttp proxy error: /api/mux/tab-count[39m
Error: connect ECONNREFUSED 127.0.0.1:17401
    at TCPConnectWrap.afterConnect [as oncomplete] (node:net:1637:16)
[2m20:41:04[22m [31m[1m[vite][22m[39m [31mhttp proxy error: /api/term/apply-resize[39m
Error: connect ECONNREFUSED 127.0.0.1:17401
    at TCPConnectWrap.afterConnect [as oncomplete] (node:net:1637:16)
[2m20:41:04[22m [31m[1m[vite][22m[39m [31mhttp proxy error: /api/mux/tab-count[39m
Error: connect ECONNREFUSED 127.0.0.1:17401
    at TCPConnectWrap.afterConnect [as oncomplete] (node:net:1637:16)
[2m20:41:04[22m [31m[1m[vite][22m[39m [31mhttp proxy error: /api/term/apply-resize[39m
Error: connect ECONNREFUSED 127.0.0.1:17401
    at TCPConnectWrap.afterConnect [as oncomplete] (node:net:1637:16)
[2m20:41:04[22m [31m[1m[vite][22m[39m [31mhttp proxy error: /api/mux/tab-count[39m
Error: connect ECONNREFUSED 127.0.0.1:17401
    at TCPConnectWrap.afterConnect [as oncomplete] (node:net:1637:16)
[2m20:41:04[22m [31m[1m[vite][22m[39m [31mhttp proxy error: /api/term/apply-resize[39m
Error: connect ECONNREFUSED 127.0.0.1:17401
    at TCPConnectWrap.afterConnect [as oncomplete] (node:net:1637:16)
[2m20:41:04[22m [31m[1m[vite][22m[39m [31mhttp proxy error: /api/term/apply-resize[39m
Error: connect ECONNREFUSED 127.0.0.1:17401
    at TCPConnectWrap.afterConnect [as oncomplete] (node:net:1637:16)
[2m20:41:04[22m [31m[1m[vite][22m[39m [31mhttp proxy error: /api/mux/tab-count[39m
Error: connect ECONNREFUSED 127.0.0.1:17401
    at TCPConnectWrap.afterConnect [as oncomplete] (node:net:1637:16)
[2m20:41:04[22m [31m[1m[vite][22m[39m [31mhttp proxy error: /api/term/apply-resize[39m
Error: connect ECONNREFUSED 127.0.0.1:17401
    at TCPConnectWrap.afterConnect [as oncomplete] (node:net:1637:16)
[2m20:41:04[22m [31m[1m[vite][22m[39m [31mhttp proxy error: /api/mux/tab-count[39m
Error: connect ECONNREFUSED 127.0.0.1:17401
    at TCPConnectWrap.afterConnect [as oncomplete] (node:net:1637:16)
[2m20:41:05[22m [31m[1m[vite][22m[39m [31mhttp proxy error: /api/term/apply-resize[39m
Error: connect ECONNREFUSED 127.0.0.1:17401
    at TCPConnectWrap.afterConnect [as oncomplete] (node:net:1637:16)
[2m20:41:05[22m [31m[1m[vite][22m[39m [31mhttp proxy error: /api/mux/tab-count[39m
Error: connect ECONNREFUSED 127.0.0.1:17401
    at TCPConnectWrap.afterConnect [as oncomplete] (node:net:1637:16)
[2m20:41:05[22m [31m[1m[vite][22m[39m [31mhttp proxy error: /api/term/apply-resize[39m
Error: connect ECONNREFUSED 127.0.0.1:17401
    at TCPConnectWrap.afterConnect [as oncomplete] (node:net:1637:16)
[2m20:41:05[22m [31m[1m[vite][22m[39m [31mhttp proxy error: /api/mux/tab-count[39m
Error: connect ECONNREFUSED 127.0.0.1:17401
    at TCPConnectWrap.afterConnect [as oncomplete] (node:net:1637:16)
[2m20:41:05[22m [31m[1m[vite][22m[39m [31mhttp proxy error: /api/term/apply-resize[39m
Error: connect ECONNREFUSED 127.0.0.1:17401
    at TCPConnectWrap.afterConnect [as oncomplete] (node:net:1637:16)
[2m20:41:05[22m [31m[1m[vite][22m[39m [31mhttp proxy error: /api/mux/tab-count[39m
Error: connect ECONNREFUSED 127.0.0.1:17401
    at TCPConnectWrap.afterConnect [as oncomplete] (node:net:1637:16)
[2m20:41:05[22m [31m[1m[vite][22m[39m [31mhttp proxy error: /api/term/apply-resize[39m
Error: connect ECONNREFUSED 127.0.0.1:17401
    at TCPConnectWrap.afterConnect [as oncomplete] (node:net:1637:16)
[2m20:41:05[22m [31m[1m[vite][22m[39m [31mhttp proxy error: /api/mux/tab-count[39m
Error: connect ECONNREFUSED 127.0.0.1:17401
    at TCPConnectWrap.afterConnect [as oncomplete] (node:net:1637:16)
[2m20:41:05[22m [31m[1m[vite][22m[39m [31mhttp proxy error: /api/term/apply-resize[39m
Error: connect ECONNREFUSED 127.0.0.1:17401
    at TCPConnectWrap.afterConnect [as oncomplete] (node:net:1637:16)
[2m20:41:05[22m [31m[1m[vite][22m[39m [31mhttp proxy error: /api/mux/tab-count[39m
Error: connect ECONNREFUSED 127.0.0.1:17401
    at TCPConnectWrap.afterConnect [as oncomplete] (node:net:1637:16)
[2m20:41:05[22m [31m[1m[vite][22m[39m [31mhttp proxy error: /api/term/apply-resize[39m
Error: connect ECONNREFUSED 127.0.0.1:17401
    at TCPConnectWrap.afterConnect [as oncomplete] (node:net:1637:16)
[2m20:41:05[22m [31m[1m[vite][22m[39m [31mhttp proxy error: /api/mux/tab-count[39m
Error: connect ECONNREFUSED 127.0.0.1:17401
    at TCPConnectWrap.afterConnect [as oncomplete] (node:net:1637:16)
[2m20:41:05[22m [31m[1m[vite][22m[39m [31mhttp proxy error: /api/term/apply-resize[39m
Error: connect ECONNREFUSED 127.0.0.1:17401
    at TCPConnectWrap.afterConnect [as oncomplete] (node:net:1637:16)
[2m20:41:05[22m [31m[1m[vite][22m[39m [31mhttp proxy error: /api/mux/tab-count[39m
Error: connect ECONNREFUSED 127.0.0.1:17401
    at TCPConnectWrap.afterConnect [as oncomplete] (node:net:1637:16)
[2m20:41:05[22m [31m[1m[vite][22m[39m [31mhttp proxy error: /api/term/apply-resize[39m
Error: connect ECONNREFUSED 127.0.0.1:17401
    at TCPConnectWrap.afterConnect [as oncomplete] (node:net:1637:16)
[2m20:41:05[22m [31m[1m[vite][22m[39m [31mhttp proxy error: /api/mux/tab-count[39m
Error: connect ECONNREFUSED 127.0.0.1:17401
    at TCPConnectWrap.afterConnect [as oncomplete] (node:net:1637:16)
[2m20:41:05[22m [31m[1m[vite][22m[39m [31mhttp proxy error: /api/term/apply-resize[39m
Error: connect ECONNREFUSED 127.0.0.1:17401
    at TCPConnectWrap.afterConnect [as oncomplete] (node:net:1637:16)
[2m20:41:05[22m [31m[1m[vite][22m[39m [31mhttp proxy error: /api/mux/tab-count[39m
Error: connect ECONNREFUSED 127.0.0.1:17401
    at TCPConnectWrap.afterConnect [as oncomplete] (node:net:1637:16)
[2m20:41:05[22m [31m[1m[vite][22m[39m [31mhttp proxy error: /api/term/apply-resize[39m
Error: connect ECONNREFUSED 127.0.0.1:17401
    at TCPConnectWrap.afterConnect [as oncomplete] (node:net:1637:16)
[2m20:41:05[22m [31m[1m[vite][22m[39m [31mhttp proxy error: /api/mux/tab-count[39m
Error: connect ECONNREFUSED 127.0.0.1:17401
    at TCPConnectWrap.afterConnect [as oncomplete] (node:net:1637:16)
[2m20:41:05[22m [31m[1m[vite][22m[39m [31mhttp proxy error: /api/term/apply-resize[39m
Error: connect ECONNREFUSED 127.0.0.1:17401
    at TCPConnectWrap.afterConnect [as oncomplete] (node:net:1637:16)
[2m20:41:05[22m [31m[1m[vite][22m[39m [31mhttp proxy error: /api/mux/tab-count[39m
Error: connect ECONNREFUSED 127.0.0.1:17401
    at TCPConnectWrap.afterConnect [as oncomplete] (node:net:1637:16)
[2m20:41:05[22m [31m[1m[vite][22m[39m [31mhttp proxy error: /api/term/apply-resize[39m
Error: connect ECONNREFUSED 127.0.0.1:17401
    at TCPConnectWrap.afterConnect [as oncomplete] (node:net:1637:16)
[2m20:41:05[22m [31m[1m[vite][22m[39m [31mhttp proxy error: /api/mux/tab-count[39m
Error: connect ECONNREFUSED 127.0.0.1:17401
    at TCPConnectWrap.afterConnect [as oncomplete] (node:net:1637:16)
[2m20:41:05[22m [31m[1m[vite][22m[39m [31mhttp proxy error: /api/term/apply-resize[39m
Error: connect ECONNREFUSED 127.0.0.1:17401
    at TCPConnectWrap.afterConnect [as oncomplete] (node:net:1637:16)
[2m20:41:05[22m [31m[1m[vite][22m[39m [31mhttp proxy error: /api/mux/tab-count[39m
Error: connect ECONNREFUSED 127.0.0.1:17401
    at TCPConnectWrap.afterConnect [as oncomplete] (node:net:1637:16)
[2m20:41:05[22m [31m[1m[vite][22m[39m [31mhttp proxy error: /api/term/apply-resize[39m
Error: connect ECONNREFUSED 127.0.0.1:17401
    at TCPConnectWrap.afterConnect [as oncomplete] (node:net:1637:16)
[2m20:41:05[22m [31m[1m[vite][22m[39m [31mhttp proxy error: /api/mux/tab-count[39m
Error: connect ECONNREFUSED 127.0.0.1:17401
    at TCPConnectWrap.afterConnect [as oncomplete] (node:net:1637:16)
[2m20:41:05[22m [31m[1m[vite][22m[39m [31mhttp proxy error: /api/term/apply-resize[39m
Error: connect ECONNREFUSED 127.0.0.1:17401
    at TCPConnectWrap.afterConnect [as oncomplete] (node:net:1637:16)
[2m20:41:05[22m [31m[1m[vite][22m[39m [31mhttp proxy error: /api/mux/tab-count[39m
Error: connect ECONNREFUSED 127.0.0.1:17401
    at TCPConnectWrap.afterConnect [as oncomplete] (node:net:1637:16)
[2m20:41:05[22m [31m[1m[vite][22m[39m [31mhttp proxy error: /api/term/apply-resize[39m
Error: connect ECONNREFUSED 127.0.0.1:17401
    at TCPConnectWrap.afterConnect [as oncomplete] (node:net:1637:16)
[2m20:41:05[22m [31m[1m[vite][22m[39m [31mhttp proxy error: /api/mux/tab-count[39m
Error: connect ECONNREFUSED 127.0.0.1:17401
    at TCPConnectWrap.afterConnect [as oncomplete] (node:net:1637:16)
[2m20:41:05[22m [31m[1m[vite][22m[39m [31mhttp proxy error: /api/term/apply-resize[39m
Error: connect ECONNREFUSED 127.0.0.1:17401
    at TCPConnectWrap.afterConnect [as oncomplete] (node:net:1637:16)
[2m20:41:05[22m [31m[1m[vite][22m[39m [31mhttp proxy error: /api/mux/tab-count[39m
Error: connect ECONNREFUSED 127.0.0.1:17401
    at TCPConnectWrap.afterConnect [as oncomplete] (node:net:1637:16)
[2m20:41:05[22m [31m[1m[vite][22m[39m [31mhttp proxy error: /api/term/apply-resize[39m
Error: connect ECONNREFUSED 127.0.0.1:17401
    at TCPConnectWrap.afterConnect [as oncomplete] (node:net:1637:16)
[2m20:41:05[22m [31m[1m[vite][22m[39m [31mhttp proxy error: /api/mux/tab-count[39m
Error: connect ECONNREFUSED 127.0.0.1:17401
    at TCPConnectWrap.afterConnect [as oncomplete] (node:net:1637:16)
[2m20:41:05[22m [31m[1m[vite][22m[39m [31mhttp proxy error: /api/term/apply-resize[39m
Error: connect ECONNREFUSED 127.0.0.1:17401
    at TCPConnectWrap.afterConnect [as oncomplete] (node:net:1637:16)
[2m20:41:05[22m [31m[1m[vite][22m[39m [31mhttp proxy error: /api/term/apply-resize[39m
Error: connect ECONNREFUSED 127.0.0.1:17401
    at TCPConnectWrap.afterConnect [as oncomplete] (node:net:1637:16)
[2m20:41:05[22m [31m[1m[vite][22m[39m [31mhttp proxy error: /api/mux/tab-count[39m
Error: connect ECONNREFUSED 127.0.0.1:17401
    at TCPConnectWrap.afterConnect [as oncomplete] (node:net:1637:16)
[2m20:41:05[22m [31m[1m[vite][22m[39m [31mhttp proxy error: /api/term/apply-resize[39m
Error: connect ECONNREFUSED 127.0.0.1:17401
    at TCPConnectWrap.afterConnect [as oncomplete] (node:net:1637:16)
[2m20:41:05[22m [31m[1m[vite][22m[39m [31mhttp proxy error: /api/mux/tab-count[39m
Error: connect ECONNREFUSED 127.0.0.1:17401
    at TCPConnectWrap.afterConnect [as oncomplete] (node:net:1637:16)
[2m20:41:06[22m [31m[1m[vite][22m[39m [31mhttp proxy error: /api/term/apply-resize[39m
Error: connect ECONNREFUSED 127.0.0.1:17401
    at TCPConnectWrap.afterConnect [as oncomplete] (node:net:1637:16)
[2m20:41:06[22m [31m[1m[vite][22m[39m [31mhttp proxy error: /api/mux/tab-count[39m
Error: connect ECONNREFUSED 127.0.0.1:17401
    at TCPConnectWrap.afterConnect [as oncomplete] (node:net:1637:16)
[2m20:41:06[22m [31m[1m[vite][22m[39m [31mhttp proxy error: /api/term/apply-resize[39m
Error: connect ECONNREFUSED 127.0.0.1:17401
    at TCPConnectWrap.afterConnect [as oncomplete] (node:net:1637:16)
[2m20:41:06[22m [31m[1m[vite][22m[39m [31mhttp proxy error: /api/mux/tab-count[39m
Error: connect ECONNREFUSED 127.0.0.1:17401
    at TCPConnectWrap.afterConnect [as oncomplete] (node:net:1637:16)
[2m20:41:06[22m [31m[1m[vite][22m[39m [31mhttp proxy error: /api/mux/tab-count[39m
Error: connect ECONNREFUSED 127.0.0.1:17401
    at TCPConnectWrap.afterConnect [as oncomplete] (node:net:1637:16)
[2m20:41:06[22m [31m[1m[vite][22m[39m [31mhttp proxy error: /api/term/apply-resize[39m
Error: connect ECONNREFUSED 127.0.0.1:17401
    at TCPConnectWrap.afterConnect [as oncomplete] (node:net:1637:16)
[2m20:41:06[22m [31m[1m[vite][22m[39m [31mhttp proxy error: /api/term/apply-resize[39m
Error: connect ECONNREFUSED 127.0.0.1:17401
    at TCPConnectWrap.afterConnect [as oncomplete] (node:net:1637:16)
[2m20:41:06[22m [31m[1m[vite][22m[39m [31mhttp proxy error: /api/mux/tab-count[39m
Error: connect ECONNREFUSED 127.0.0.1:17401
    at TCPConnectWrap.afterConnect [as oncomplete] (node:net:1637:16)
[2m20:41:06[22m [31m[1m[vite][22m[39m [31mhttp proxy error: /api/term/apply-resize[39m
Error: connect ECONNREFUSED 127.0.0.1:17401
    at TCPConnectWrap.afterConnect [as oncomplete] (node:net:1637:16)
[2m20:41:06[22m [31m[1m[vite][22m[39m [31mhttp proxy error: /api/mux/tab-count[39m
Error: connect ECONNREFUSED 127.0.0.1:17401
    at TCPConnectWrap.afterConnect [as oncomplete] (node:net:1637:16)
[2m20:41:06[22m [31m[1m[vite][22m[39m [31mhttp proxy error: /api/term/apply-resize[39m
Error: connect ECONNREFUSED 127.0.0.1:17401
    at TCPConnectWrap.afterConnect [as oncomplete] (node:net:1637:16)
[2m20:41:06[22m [31m[1m[vite][22m[39m [31mhttp proxy error: /api/mux/tab-count[39m
Error: connect ECONNREFUSED 127.0.0.1:17401
    at TCPConnectWrap.afterConnect [as oncomplete] (node:net:1637:16)
[2m20:41:06[22m [31m[1m[vite][22m[39m [31mhttp proxy error: /api/term/apply-resize[39m
Error: connect ECONNREFUSED 127.0.0.1:17401
    at TCPConnectWrap.afterConnect [as oncomplete] (node:net:1637:16)
[2m20:41:06[22m [31m[1m[vite][22m[39m [31mhttp proxy error: /api/mux/tab-count[39m
Error: connect ECONNREFUSED 127.0.0.1:17401
    at TCPConnectWrap.afterConnect [as oncomplete] (node:net:1637:16)
[2m20:41:06[22m [31m[1m[vite][22m[39m [31mhttp proxy error: /api/term/apply-resize[39m
Error: connect ECONNREFUSED 127.0.0.1:17401
    at TCPConnectWrap.afterConnect [as oncomplete] (node:net:1637:16)
[2m20:41:06[22m [31m[1m[vite][22m[39m [31mhttp proxy error: /api/mux/tab-count[39m
Error: connect ECONNREFUSED 127.0.0.1:17401
    at TCPConnectWrap.afterConnect [as oncomplete] (node:net:1637:16)
[2m20:41:06[22m [31m[1m[vite][22m[39m [31mhttp proxy error: /api/term/apply-resize[39m
Error: connect ECONNREFUSED 127.0.0.1:17401
    at TCPConnectWrap.afterConnect [as oncomplete] (node:net:1637:16)
[2m20:41:06[22m [31m[1m[vite][22m[39m [31mhttp proxy error: /api/mux/tab-count[39m
Error: connect ECONNREFUSED 127.0.0.1:17401
    at TCPConnectWrap.afterConnect [as oncomplete] (node:net:1637:16)
[2m20:41:06[22m [31m[1m[vite][22m[39m [31mhttp proxy error: /api/term/apply-resize[39m
Error: connect ECONNREFUSED 127.0.0.1:17401
    at TCPConnectWrap.afterConnect [as oncomplete] (node:net:1637:16)
[2m20:41:06[22m [31m[1m[vite][22m[39m [31mhttp proxy error: /api/mux/tab-count[39m
Error: connect ECONNREFUSED 127.0.0.1:17401
    at TCPConnectWrap.afterConnect [as oncomplete] (node:net:1637:16)
[2m20:41:06[22m [31m[1m[vite][22m[39m [31mhttp proxy error: /api/term/apply-resize[39m
Error: connect ECONNREFUSED 127.0.0.1:17401
    at TCPConnectWrap.afterConnect [as oncomplete] (node:net:1637:16)
[2m20:41:06[22m [31m[1m[vite][22m[39m [31mhttp proxy error: /api/mux/tab-count[39m
Error: connect ECONNREFUSED 127.0.0.1:17401
    at TCPConnectWrap.afterConnect [as oncomplete] (node:net:1637:16)
[2m20:41:06[22m [31m[1m[vite][22m[39m [31mhttp proxy error: /api/term/apply-resize[39m
Error: connect ECONNREFUSED 127.0.0.1:17401
    at TCPConnectWrap.afterConnect [as oncomplete] (node:net:1637:16)
[2m20:41:06[22m [31m[1m[vite][22m[39m [31mhttp proxy error: /api/mux/tab-count[39m
Error: connect ECONNREFUSED 127.0.0.1:17401
    at TCPConnectWrap.afterConnect [as oncomplete] (node:net:1637:16)
[2m20:41:06[22m [31m[1m[vite][22m[39m [31mhttp proxy error: /api/term/apply-resize[39m
Error: connect ECONNREFUSED 127.0.0.1:17401
    at TCPConnectWrap.afterConnect [as oncomplete] (node:net:1637:16)
[2m20:41:06[22m [31m[1m[vite][22m[39m [31mhttp proxy error: /api/mux/tab-count[39m
Error: connect ECONNREFUSED 127.0.0.1:17401
    at TCPConnectWrap.afterConnect [as oncomplete] (node:net:1637:16)
[2m20:41:06[22m [31m[1m[vite][22m[39m [31mhttp proxy error: /api/mux/tab-count[39m
Error: connect ECONNREFUSED 127.0.0.1:17401
    at TCPConnectWrap.afterConnect [as oncomplete] (node:net:1637:16)
[2m20:41:06[22m [31m[1m[vite][22m[39m [31mhttp proxy error: /api/term/apply-resize[39m
Error: connect ECONNREFUSED 127.0.0.1:17401
    at TCPConnectWrap.afterConnect [as oncomplete] (node:net:1637:16)
[2m20:41:06[22m [31m[1m[vite][22m[39m [31mhttp proxy error: /api/term/apply-resize[39m
Error: connect ECONNREFUSED 127.0.0.1:17401
    at TCPConnectWrap.afterConnect [as oncomplete] (node:net:1637:16)
[2m20:41:06[22m [31m[1m[vite][22m[39m [31mhttp proxy error: /api/mux/tab-count[39m
Error: connect ECONNREFUSED 127.0.0.1:17401
    at TCPConnectWrap.afterConnect [as oncomplete] (node:net:1637:16)
[2m20:41:06[22m [31m[1m[vite][22m[39m [31mhttp proxy error: /api/mux/tab-count[39m
Error: connect ECONNREFUSED 127.0.0.1:17401
    at TCPConnectWrap.afterConnect [as oncomplete] (node:net:1637:16)
[2m20:41:06[22m [31m[1m[vite][22m[39m [31mhttp proxy error: /api/term/apply-resize[39m
Error: connect ECONNREFUSED 127.0.0.1:17401
    at TCPConnectWrap.afterConnect [as oncomplete] (node:net:1637:16)
[2m20:41:06[22m [31m[1m[vite][22m[39m [31mhttp proxy error: /api/term/apply-resize[39m
Error: connect ECONNREFUSED 127.0.0.1:17401
    at TCPConnectWrap.afterConnect [as oncomplete] (node:net:1637:16)
[2m20:41:06[22m [31m[1m[vite][22m[39m [31mhttp proxy error: /api/mux/tab-count[39m
Error: connect ECONNREFUSED 127.0.0.1:17401
    at TCPConnectWrap.afterConnect [as oncomplete] (node:net:1637:16)
[2m20:41:06[22m [31m[1m[vite][22m[39m [31mhttp proxy error: /api/mux/tab-count[39m
Error: connect ECONNREFUSED 127.0.0.1:17401
    at TCPConnectWrap.afterConnect [as oncomplete] (node:net:1637:16)
[2m20:41:06[22m [31m[1m[vite][22m[39m [31mhttp proxy error: /api/term/apply-resize[39m
Error: connect ECONNREFUSED 127.0.0.1:17401
    at TCPConnectWrap.afterConnect [as oncomplete] (node:net:1637:16)
[2m20:41:06[22m [31m[1m[vite][22m[39m [31mhttp proxy error: /api/term/apply-resize[39m
Error: connect ECONNREFUSED 127.0.0.1:17401
    at TCPConnectWrap.afterConnect [as oncomplete] (node:net:1637:16)
[2m20:41:06[22m [31m[1m[vite][22m[39m [31mhttp proxy error: /api/mux/tab-count[39m
Error: connect ECONNREFUSED 127.0.0.1:17401
    at TCPConnectWrap.afterConnect [as oncomplete] (node:net:1637:16)
[2m20:41:06[22m [31m[1m[vite][22m[39m [31mhttp proxy error: /api/term/apply-resize[39m
Error: connect ECONNREFUSED 127.0.0.1:17401
    at TCPConnectWrap.afterConnect [as oncomplete] (node:net:1637:16)
[2m20:41:06[22m [31m[1m[vite][22m[39m [31mhttp proxy error: /api/mux/tab-count[39m
Error: connect ECONNREFUSED 127.0.0.1:17401
    at TCPConnectWrap.afterConnect [as oncomplete] (node:net:1637:16)
[2m20:41:06[22m [31m[1m[vite][22m[39m [31mhttp proxy error: /api/term/apply-resize[39m
Error: connect ECONNREFUSED 127.0.0.1:17401
    at TCPConnectWrap.afterConnect [as oncomplete] (node:net:1637:16)
[2m20:41:06[22m [31m[1m[vite][22m[39m [31mhttp proxy error: /api/mux/tab-count[39m
Error: connect ECONNREFUSED 127.0.0.1:17401
    at TCPConnectWrap.afterConnect [as oncomplete] (node:net:1637:16)
[2m20:41:07[22m [31m[1m[vite][22m[39m [31mhttp proxy error: /api/term/apply-resize[39m
Error: connect ECONNREFUSED 127.0.0.1:17401
    at TCPConnectWrap.afterConnect [as oncomplete] (node:net:1637:16)
[2m20:41:07[22m [31m[1m[vite][22m[39m [31mhttp proxy error: /api/mux/tab-count[39m
Error: connect ECONNREFUSED 127.0.0.1:17401
    at TCPConnectWrap.afterConnect [as oncomplete] (node:net:1637:16)
[2m20:41:07[22m [31m[1m[vite][22m[39m [31mhttp proxy error: /api/term/apply-resize[39m
Error: connect ECONNREFUSED 127.0.0.1:17401
    at TCPConnectWrap.afterConnect [as oncomplete] (node:net:1637:16)
[2m20:41:07[22m [31m[1m[vite][22m[39m [31mhttp proxy error: /api/mux/tab-count[39m
Error: connect ECONNREFUSED 127.0.0.1:17401
    at TCPConnectWrap.afterConnect [as oncomplete] (node:net:1637:16)
[2m20:41:07[22m [31m[1m[vite][22m[39m [31mhttp proxy error: /api/term/apply-resize[39m
Error: connect ECONNREFUSED 127.0.0.1:17401
    at TCPConnectWrap.afterConnect [as oncomplete] (node:net:1637:16)
[2m20:41:07[22m [31m[1m[vite][22m[39m [31mhttp proxy error: /api/mux/tab-count[39m
Error: connect ECONNREFUSED 127.0.0.1:17401
    at TCPConnectWrap.afterConnect [as oncomplete] (node:net:1637:16)
[2m20:41:07[22m [31m[1m[vite][22m[39m [31mhttp proxy error: /api/term/apply-resize[39m
Error: connect ECONNREFUSED 127.0.0.1:17401
    at TCPConnectWrap.afterConnect [as oncomplete] (node:net:1637:16)
[2m20:41:07[22m [31m[1m[vite][22m[39m [31mhttp proxy error: /api/mux/tab-count[39m
Error: connect ECONNREFUSED 127.0.0.1:17401
    at TCPConnectWrap.afterConnect [as oncomplete] (node:net:1637:16)
[2m20:41:07[22m [31m[1m[vite][22m[39m [31mhttp proxy error: /api/term/apply-resize[39m
Error: connect ECONNREFUSED 127.0.0.1:17401
    at TCPConnectWrap.afterConnect [as oncomplete] (node:net:1637:16)
[2m20:41:07[22m [31m[1m[vite][22m[39m [31mhttp proxy error: /api/mux/tab-count[39m
Error: connect ECONNREFUSED 127.0.0.1:17401
    at TCPConnectWrap.afterConnect [as oncomplete] (node:net:1637:16)
[2m20:41:07[22m [31m[1m[vite][22m[39m [31mhttp proxy error: /api/term/apply-resize[39m
Error: connect ECONNREFUSED 127.0.0.1:17401
    at TCPConnectWrap.afterConnect [as oncomplete] (node:net:1637:16)
[2m20:41:07[22m [31m[1m[vite][22m[39m [31mhttp proxy error: /api/mux/tab-count[39m
Error: connect ECONNREFUSED 127.0.0.1:17401
    at TCPConnectWrap.afterConnect [as oncomplete] (node:net:1637:16)
[2m20:41:07[22m [31m[1m[vite][22m[39m [31mhttp proxy error: /api/term/apply-resize[39m
Error: connect ECONNREFUSED 127.0.0.1:17401
    at TCPConnectWrap.afterConnect [as oncomplete] (node:net:1637:16)
[2m20:41:07[22m [31m[1m[vite][22m[39m [31mhttp proxy error: /api/mux/tab-count[39m
Error: connect ECONNREFUSED 127.0.0.1:17401
    at TCPConnectWrap.afterConnect [as oncomplete] (node:net:1637:16)
[2m20:41:07[22m [31m[1m[vite][22m[39m [31mhttp proxy error: /api/term/apply-resize[39m
Error: connect ECONNREFUSED 127.0.0.1:17401
    at TCPConnectWrap.afterConnect [as oncomplete] (node:net:1637:16)
[2m20:41:07[22m [31m[1m[vite][22m[39m [31mhttp proxy error: /api/mux/tab-count[39m
Error: connect ECONNREFUSED 127.0.0.1:17401
    at TCPConnectWrap.afterConnect [as oncomplete] (node:net:1637:16)
[2m20:41:07[22m [31m[1m[vite][22m[39m [31mhttp proxy error: /api/term/apply-resize[39m
Error: connect ECONNREFUSED 127.0.0.1:17401
    at TCPConnectWrap.afterConnect [as oncomplete] (node:net:1637:16)
[2m20:41:07[22m [31m[1m[vite][22m[39m [31mhttp proxy error: /api/mux/tab-count[39m
Error: connect ECONNREFUSED 127.0.0.1:17401
    at TCPConnectWrap.afterConnect [as oncomplete] (node:net:1637:16)
[2m20:41:07[22m [31m[1m[vite][22m[39m [31mhttp proxy error: /api/term/apply-resize[39m
Error: connect ECONNREFUSED 127.0.0.1:17401
    at TCPConnectWrap.afterConnect [as oncomplete] (node:net:1637:16)
[2m20:41:07[22m [31m[1m[vite][22m[39m [31mhttp proxy error: /api/mux/tab-count[39m
Error: connect ECONNREFUSED 127.0.0.1:17401
    at TCPConnectWrap.afterConnect [as oncomplete] (node:net:1637:16)
[2m20:41:07[22m [31m[1m[vite][22m[39m [31mhttp proxy error: /api/term/apply-resize[39m
Error: connect ECONNREFUSED 127.0.0.1:17401
    at TCPConnectWrap.afterConnect [as oncomplete] (node:net:1637:16)
[2m20:41:07[22m [31m[1m[vite][22m[39m [31mhttp proxy error: /api/mux/tab-count[39m
Error: connect ECONNREFUSED 127.0.0.1:17401
    at TCPConnectWrap.afterConnect [as oncomplete] (node:net:1637:16)
[2m20:41:07[22m [31m[1m[vite][22m[39m [31mhttp proxy error: /api/term/apply-resize[39m
Error: connect ECONNREFUSED 127.0.0.1:17401
    at TCPConnectWrap.afterConnect [as oncomplete] (node:net:1637:16)
[2m20:41:07[22m [31m[1m[vite][22m[39m [31mhttp proxy error: /api/mux/tab-count[39m
Error: connect ECONNREFUSED 127.0.0.1:17401
    at TCPConnectWrap.afterConnect [as oncomplete] (node:net:1637:16)
[2m20:41:07[22m [31m[1m[vite][22m[39m [31mhttp proxy error: /api/term/apply-resize[39m
Error: connect ECONNREFUSED 127.0.0.1:17401
    at TCPConnectWrap.afterConnect [as oncomplete] (node:net:1637:16)
[2m20:41:07[22m [31m[1m[vite][22m[39m [31mhttp proxy error: /api/mux/tab-count[39m
Error: connect ECONNREFUSED 127.0.0.1:17401
    at TCPConnectWrap.afterConnect [as oncomplete] (node:net:1637:16)
[2m20:41:07[22m [31m[1m[vite][22m[39m [31mhttp proxy error: /api/mux/tab-count[39m
Error: connect ECONNREFUSED 127.0.0.1:17401
    at TCPConnectWrap.afterConnect [as oncomplete] (node:net:1637:16)
[2m20:41:07[22m [31m[1m[vite][22m[39m [31mhttp proxy error: /api/term/apply-resize[39m
Error: connect ECONNREFUSED 127.0.0.1:17401
    at TCPConnectWrap.afterConnect [as oncomplete] (node:net:1637:16)
[2m20:41:07[22m [31m[1m[vite][22m[39m [31mhttp proxy error: /api/mux/tab-count[39m
Error: connect ECONNREFUSED 127.0.0.1:17401
    at TCPConnectWrap.afterConnect [as oncomplete] (node:net:1637:16)
[2m20:41:07[22m [31m[1m[vite][22m[39m [31mhttp proxy error: /api/term/apply-resize[39m
Error: connect ECONNREFUSED 127.0.0.1:17401
    at TCPConnectWrap.afterConnect [as oncomplete] (node:net:1637:16)
[2m20:41:07[22m [31m[1m[vite][22m[39m [31mhttp proxy error: /api/term/apply-resize[39m
Error: connect ECONNREFUSED 127.0.0.1:17401
    at TCPConnectWrap.afterConnect [as oncomplete] (node:net:1637:16)
[2m20:41:07[22m [31m[1m[vite][22m[39m [31mhttp proxy error: /api/term/apply-resize[39m
Error: connect ECONNREFUSED 127.0.0.1:17401
    at TCPConnectWrap.afterConnect [as oncomplete] (node:net:1637:16)
[2m20:41:07[22m [31m[1m[vite][22m[39m [31mhttp proxy error: /api/mux/tab-count[39m
Error: connect ECONNREFUSED 127.0.0.1:17401
    at TCPConnectWrap.afterConnect [as oncomplete] (node:net:1637:16)
[2m20:41:07[22m [31m[1m[vite][22m[39m [31mhttp proxy error: /api/term/apply-resize[39m
Error: connect ECONNREFUSED 127.0.0.1:17401
    at TCPConnectWrap.afterConnect [as oncomplete] (node:net:1637:16)
[2m20:41:07[22m [31m[1m[vite][22m[39m [31mhttp proxy error: /api/term/apply-resize[39m
Error: connect ECONNREFUSED 127.0.0.1:17401
    at TCPConnectWrap.afterConnect [as oncomplete] (node:net:1637:16)
[2m20:41:07[22m [31m[1m[vite][22m[39m [31mhttp proxy error: /api/mux/tab-count[39m
Error: connect ECONNREFUSED 127.0.0.1:17401
    at TCPConnectWrap.afterConnect [as oncomplete] (node:net:1637:16)
[2m20:41:07[22m [31m[1m[vite][22m[39m [31mhttp proxy error: /api/term/apply-resize[39m
Error: connect ECONNREFUSED 127.0.0.1:17401
    at TCPConnectWrap.afterConnect [as oncomplete] (node:net:1637:16)
[2m20:41:08[22m [31m[1m[vite][22m[39m [31mhttp proxy error: /api/term/apply-resize[39m
Error: connect ECONNREFUSED 127.0.0.1:17401
    at TCPConnectWrap.afterConnect [as oncomplete] (node:net:1637:16)
[2m20:41:08[22m [31m[1m[vite][22m[39m [31mhttp proxy error: /api/term/apply-resize[39m
Error: connect ECONNREFUSED 127.0.0.1:17401
    at TCPConnectWrap.afterConnect [as oncomplete] (node:net:1637:16)
[2m20:41:08[22m [31m[1m[vite][22m[39m [31mhttp proxy error: /api/mux/tab-count[39m
Error: connect ECONNREFUSED 127.0.0.1:17401
    at TCPConnectWrap.afterConnect [as oncomplete] (node:net:1637:16)
[2m20:41:08[22m [31m[1m[vite][22m[39m [31mhttp proxy error: /api/term/apply-resize[39m
Error: connect ECONNREFUSED 127.0.0.1:17401
    at TCPConnectWrap.afterConnect [as oncomplete] (node:net:1637:16)
[2m20:41:08[22m [31m[1m[vite][22m[39m [31mhttp proxy error: /api/term/apply-resize[39m
Error: connect ECONNREFUSED 127.0.0.1:17401
    at TCPConnectWrap.afterConnect [as oncomplete] (node:net:1637:16)
[2m20:41:08[22m [31m[1m[vite][22m[39m [31mhttp proxy error: /api/term/apply-resize[39m
Error: connect ECONNREFUSED 127.0.0.1:17401
    at TCPConnectWrap.afterConnect [as oncomplete] (node:net:1637:16)
[2m20:41:08[22m [31m[1m[vite][22m[39m [31mhttp proxy error: /api/term/apply-resize[39m
Error: connect ECONNREFUSED 127.0.0.1:17401
    at TCPConnectWrap.afterConnect [as oncomplete] (node:net:1637:16)
[2m20:41:08[22m [31m[1m[vite][22m[39m [31mhttp proxy error: /api/term/apply-resize[39m
Error: connect ECONNREFUSED 127.0.0.1:17401
    at TCPConnectWrap.afterConnect [as oncomplete] (node:net:1637:16)
[2m20:41:08[22m [31m[1m[vite][22m[39m [31mhttp proxy error: /api/term/apply-resize[39m
Error: connect ECONNREFUSED 127.0.0.1:17401
    at TCPConnectWrap.afterConnect [as oncomplete] (node:net:1637:16)
[2m20:41:08[22m [31m[1m[vite][22m[39m [31mhttp proxy error: /api/term/apply-resize[39m
Error: connect ECONNREFUSED 127.0.0.1:17401
    at TCPConnectWrap.afterConnect [as oncomplete] (node:net:1637:16)
[2m20:41:08[22m [31m[1m[vite][22m[39m [31mhttp proxy error: /api/term/apply-resize[39m
Error: connect ECONNREFUSED 127.0.0.1:17401
    at TCPConnectWrap.afterConnect [as oncomplete] (node:net:1637:16)
[2m20:41:08[22m [31m[1m[vite][22m[39m [31mhttp proxy error: /api/term/apply-resize[39m
Error: connect ECONNREFUSED 127.0.0.1:17401
    at TCPConnectWrap.afterConnect [as oncomplete] (node:net:1637:16)
[2m20:41:08[22m [31m[1m[vite][22m[39m [31mhttp proxy error: /api/term/apply-resize[39m
Error: connect ECONNREFUSED 127.0.0.1:17401
    at TCPConnectWrap.afterConnect [as oncomplete] (node:net:1637:16)
[2m20:41:08[22m [31m[1m[vite][22m[39m [31mhttp proxy error: /api/term/apply-resize[39m
Error: connect ECONNREFUSED 127.0.0.1:17401
    at TCPConnectWrap.afterConnect [as oncomplete] (node:net:1637:16)
[2m20:41:08[22m [31m[1m[vite][22m[39m [31mhttp proxy error: /api/term/apply-resize[39m
Error: connect ECONNREFUSED 127.0.0.1:17401
    at TCPConnectWrap.afterConnect [as oncomplete] (node:net:1637:16)
[2m20:41:08[22m [31m[1m[vite][22m[39m [31mhttp proxy error: /api/term/apply-resize[39m
Error: connect ECONNREFUSED 127.0.0.1:17401
    at TCPConnectWrap.afterConnect [as oncomplete] (node:net:1637:16)
[2m20:41:08[22m [31m[1m[vite][22m[39m [31mhttp proxy error: /api/term/apply-resize[39m
Error: connect ECONNREFUSED 127.0.0.1:17401
    at TCPConnectWrap.afterConnect [as oncomplete] (node:net:1637:16)
[2m20:41:08[22m [31m[1m[vite][22m[39m [31mhttp proxy error: /api/term/apply-resize[39m
Error: connect ECONNREFUSED 127.0.0.1:17401
    at TCPConnectWrap.afterConnect [as oncomplete] (node:net:1637:16)
[2m20:41:08[22m [31m[1m[vite][22m[39m [31mhttp proxy error: /api/term/apply-resize[39m
Error: connect ECONNREFUSED 127.0.0.1:17401
    at TCPConnectWrap.afterConnect [as oncomplete] (node:net:1637:16)
[2m20:41:09[22m [31m[1m[vite][22m[39m [31mhttp proxy error: /api/term/apply-resize[39m
Error: connect ECONNREFUSED 127.0.0.1:17401
    at TCPConnectWrap.afterConnect [as oncomplete] (node:net:1637:16)
[2m20:41:09[22m [31m[1m[vite][22m[39m [31mhttp proxy error: /api/term/apply-resize[39m
Error: connect ECONNREFUSED 127.0.0.1:17401
    at TCPConnectWrap.afterConnect [as oncomplete] (node:net:1637:16)
[2m20:41:09[22m [31m[1m[vite][22m[39m [31mhttp proxy error: /api/term/apply-resize[39m
Error: connect ECONNREFUSED 127.0.0.1:17401
    at TCPConnectWrap.afterConnect [as oncomplete] (node:net:1637:16)
[2m20:41:09[22m [31m[1m[vite][22m[39m [31mhttp proxy error: /api/term/apply-resize[39m
Error: connect ECONNREFUSED 127.0.0.1:17401
    at TCPConnectWrap.afterConnect [as oncomplete] (node:net:1637:16)
[2m20:41:09[22m [31m[1m[vite][22m[39m [31mhttp proxy error: /api/term/apply-resize[39m
Error: connect ECONNREFUSED 127.0.0.1:17401
    at TCPConnectWrap.afterConnect [as oncomplete] (node:net:1637:16)
[2m20:41:09[22m [31m[1m[vite][22m[39m [31mhttp proxy error: /api/term/apply-resize[39m
Error: connect ECONNREFUSED 127.0.0.1:17401
    at TCPConnectWrap.afterConnect [as oncomplete] (node:net:1637:16)
[2m20:41:09[22m [31m[1m[vite][22m[39m [31mhttp proxy error: /api/term/apply-resize[39m
Error: connect ECONNREFUSED 127.0.0.1:17401
    at TCPConnectWrap.afterConnect [as oncomplete] (node:net:1637:16)
[2m20:41:09[22m [31m[1m[vite][22m[39m [31mhttp proxy error: /api/term/apply-resize[39m
Error: connect ECONNREFUSED 127.0.0.1:17401
    at TCPConnectWrap.afterConnect [as oncomplete] (node:net:1637:16)
[2m20:41:09[22m [31m[1m[vite][22m[39m [31mhttp proxy error: /api/term/apply-resize[39m
Error: connect ECONNREFUSED 127.0.0.1:17401
    at TCPConnectWrap.afterConnect [as oncomplete] (node:net:1637:16)
[2m20:41:09[22m [31m[1m[vite][22m[39m [31mhttp proxy error: /api/term/apply-resize[39m
Error: connect ECONNREFUSED 127.0.0.1:17401
    at TCPConnectWrap.afterConnect [as oncomplete] (node:net:1637:16)
[2m20:41:09[22m [31m[1m[vite][22m[39m [31mhttp proxy error: /api/term/apply-resize[39m
Error: connect ECONNREFUSED 127.0.0.1:17401
    at TCPConnectWrap.afterConnect [as oncomplete] (node:net:1637:16)
[2m20:41:09[22m [31m[1m[vite][22m[39m [31mhttp proxy error: /api/term/apply-resize[39m
Error: connect ECONNREFUSED 127.0.0.1:17401
    at TCPConnectWrap.afterConnect [as oncomplete] (node:net:1637:16)
[2m20:41:09[22m [31m[1m[vite][22m[39m [31mhttp proxy error: /api/term/apply-resize[39m
Error: connect ECONNREFUSED 127.0.0.1:17401
    at TCPConnectWrap.afterConnect [as oncomplete] (node:net:1637:16)
[2m20:41:09[22m [31m[1m[vite][22m[39m [31mhttp proxy error: /api/term/apply-resize[39m
Error: connect ECONNREFUSED 127.0.0.1:17401
    at TCPConnectWrap.afterConnect [as oncomplete] (node:net:1637:16)
[2m20:41:09[22m [31m[1m[vite][22m[39m [31mhttp proxy error: /api/term/apply-resize[39m
Error: connect ECONNREFUSED 127.0.0.1:17401
    at TCPConnectWrap.afterConnect [as oncomplete] (node:net:1637:16)
[2m20:41:09[22m [31m[1m[vite][22m[39m [31mhttp proxy error: /api/term/apply-resize[39m
Error: connect ECONNREFUSED 127.0.0.1:17401
    at TCPConnectWrap.afterConnect [as oncomplete] (node:net:1637:16)
[2m20:41:09[22m [31m[1m[vite][22m[39m [31mhttp proxy error: /api/term/apply-resize[39m
Error: connect ECONNREFUSED 127.0.0.1:17401
    at TCPConnectWrap.afterConnect [as oncomplete] (node:net:1637:16)
[2m20:41:09[22m [31m[1m[vite][22m[39m [31mhttp proxy error: /api/term/apply-resize[39m
Error: connect ECONNREFUSED 127.0.0.1:17401
    at TCPConnectWrap.afterConnect [as oncomplete] (node:net:1637:16)
[2m20:41:09[22m [31m[1m[vite][22m[39m [31mhttp proxy error: /api/term/apply-resize[39m
Error: connect ECONNREFUSED 127.0.0.1:17401
    at TCPConnectWrap.afterConnect [as oncomplete] (node:net:1637:16)
[2m20:41:09[22m [31m[1m[vite][22m[39m [31mhttp proxy error: /api/term/apply-resize[39m
Error: connect ECONNREFUSED 127.0.0.1:17401
    at TCPConnectWrap.afterConnect [as oncomplete] (node:net:1637:16)
[2m20:41:09[22m [31m[1m[vite][22m[39m [31mhttp proxy error: /api/term/apply-resize[39m
Error: connect ECONNREFUSED 127.0.0.1:17401
    at TCPConnectWrap.afterConnect [as oncomplete] (node:net:1637:16)
[2m20:41:09[22m [31m[1m[vite][22m[39m [31mhttp proxy error: /api/term/apply-resize[39m
Error: connect ECONNREFUSED 127.0.0.1:17401
    at TCPConnectWrap.afterConnect [as oncomplete] (node:net:1637:16)
[2m20:41:10[22m [31m[1m[vite][22m[39m [31mhttp proxy error: /api/term/apply-resize[39m
Error: connect ECONNREFUSED 127.0.0.1:17401
    at TCPConnectWrap.afterConnect [as oncomplete] (node:net:1637:16)
[2m20:41:10[22m [31m[1m[vite][22m[39m [31mhttp proxy error: /api/term/apply-resize[39m
Error: connect ECONNREFUSED 127.0.0.1:17401
    at TCPConnectWrap.afterConnect [as oncomplete] (node:net:1637:16)
[2m20:41:10[22m [31m[1m[vite][22m[39m [31mhttp proxy error: /api/term/apply-resize[39m
Error: connect ECONNREFUSED 127.0.0.1:17401
    at TCPConnectWrap.afterConnect [as oncomplete] (node:net:1637:16)
[2m20:41:10[22m [31m[1m[vite][22m[39m [31mhttp proxy error: /api/term/apply-resize[39m
Error: connect ECONNREFUSED 127.0.0.1:17401
    at TCPConnectWrap.afterConnect [as oncomplete] (node:net:1637:16)
[2m20:41:10[22m [31m[1m[vite][22m[39m [31mhttp proxy error: /api/term/apply-resize[39m
Error: connect ECONNREFUSED 127.0.0.1:17401
    at TCPConnectWrap.afterConnect [as oncomplete] (node:net:1637:16)
[2m20:41:10[22m [31m[1m[vite][22m[39m [31mhttp proxy error: /api/term/apply-resize[39m
Error: connect ECONNREFUSED 127.0.0.1:17401
    at TCPConnectWrap.afterConnect [as oncomplete] (node:net:1637:16)
[2m20:41:10[22m [31m[1m[vite][22m[39m [31mhttp proxy error: /api/term/apply-resize[39m
Error: connect ECONNREFUSED 127.0.0.1:17401
    at TCPConnectWrap.afterConnect [as oncomplete] (node:net:1637:16)
[2m20:41:10[22m [31m[1m[vite][22m[39m [31mhttp proxy error: /api/term/apply-resize[39m
Error: connect ECONNREFUSED 127.0.0.1:17401
    at TCPConnectWrap.afterConnect [as oncomplete] (node:net:1637:16)
[2m20:41:10[22m [31m[1m[vite][22m[39m [31mhttp proxy error: /api/term/apply-resize[39m
Error: connect ECONNREFUSED 127.0.0.1:17401
    at TCPConnectWrap.afterConnect [as oncomplete] (node:net:1637:16)
[2m20:41:10[22m [31m[1m[vite][22m[39m [31mhttp proxy error: /api/term/apply-resize[39m
Error: connect ECONNREFUSED 127.0.0.1:17401
    at TCPConnectWrap.afterConnect [as oncomplete] (node:net:1637:16)
[2m20:41:10[22m [31m[1m[vite][22m[39m [31mhttp proxy error: /api/term/apply-resize[39m
Error: connect ECONNREFUSED 127.0.0.1:17401
    at TCPConnectWrap.afterConnect [as oncomplete] (node:net:1637:16)
[2m20:41:10[22m [31m[1m[vite][22m[39m [31mhttp proxy error: /api/term/apply-resize[39m
Error: connect ECONNREFUSED 127.0.0.1:17401
    at TCPConnectWrap.afterConnect [as oncomplete] (node:net:1637:16)
[2m20:41:10[22m [31m[1m[vite][22m[39m [31mhttp proxy error: /api/term/apply-resize[39m
Error: connect ECONNREFUSED 127.0.0.1:17401
    at TCPConnectWrap.afterConnect [as oncomplete] (node:net:1637:16)
[2m20:41:10[22m [31m[1m[vite][22m[39m [31mhttp proxy error: /api/term/apply-resize[39m
Error: connect ECONNREFUSED 127.0.0.1:17401
    at TCPConnectWrap.afterConnect [as oncomplete] (node:net:1637:16)
[2m20:41:10[22m [31m[1m[vite][22m[39m [31mhttp proxy error: /api/term/apply-resize[39m
Error: connect ECONNREFUSED 127.0.0.1:17401
    at TCPConnectWrap.afterConnect [as oncomplete] (node:net:1637:16)
[2m20:41:10[22m [31m[1m[vite][22m[39m [31mhttp proxy error: /api/term/apply-resize[39m
Error: connect ECONNREFUSED 127.0.0.1:17401
    at TCPConnectWrap.afterConnect [as oncomplete] (node:net:1637:16)
[2m20:41:10[22m [31m[1m[vite][22m[39m [31mhttp proxy error: /api/term/apply-resize[39m
Error: connect ECONNREFUSED 127.0.0.1:17401
    at TCPConnectWrap.afterConnect [as oncomplete] (node:net:1637:16)
[2m20:41:10[22m [31m[1m[vite][22m[39m [31mhttp proxy error: /api/term/apply-resize[39m
Error: connect ECONNREFUSED 127.0.0.1:17401
    at TCPConnectWrap.afterConnect [as oncomplete] (node:net:1637:16)
[2m20:41:10[22m [31m[1m[vite][22m[39m [31mhttp proxy error: /api/term/apply-resize[39m
Error: connect ECONNREFUSED 127.0.0.1:17401
    at TCPConnectWrap.afterConnect [as oncomplete] (node:net:1637:16)
[2m20:41:10[22m [31m[1m[vite][22m[39m [31mhttp proxy error: /api/term/apply-resize[39m
Error: connect ECONNREFUSED 127.0.0.1:17401
    at TCPConnectWrap.afterConnect [as oncomplete] (node:net:1637:16)
[2m20:41:10[22m [31m[1m[vite][22m[39m [31mhttp proxy error: /api/term/apply-resize[39m
Error: connect ECONNREFUSED 127.0.0.1:17401
    at TCPConnectWrap.afterConnect [as oncomplete] (node:net:1637:16)
[2m20:41:11[22m [31m[1m[vite][22m[39m [31mhttp proxy error: /api/term/apply-resize[39m
Error: connect ECONNREFUSED 127.0.0.1:17401
    at TCPConnectWrap.afterConnect [as oncomplete] (node:net:1637:16)
[2m20:41:11[22m [31m[1m[vite][22m[39m [31mhttp proxy error: /api/term/apply-resize[39m
Error: connect ECONNREFUSED 127.0.0.1:17401
    at TCPConnectWrap.afterConnect [as oncomplete] (node:net:1637:16)
[2m20:41:11[22m [31m[1m[vite][22m[39m [31mhttp proxy error: /api/term/apply-resize[39m
Error: connect ECONNREFUSED 127.0.0.1:17401
    at TCPConnectWrap.afterConnect [as oncomplete] (node:net:1637:16)
[2m20:41:11[22m [31m[1m[vite][22m[39m [31mhttp proxy error: /api/term/apply-resize[39m
Error: connect ECONNREFUSED 127.0.0.1:17401
    at TCPConnectWrap.afterConnect [as oncomplete] (node:net:1637:16)
[2m20:41:11[22m [31m[1m[vite][22m[39m [31mhttp proxy error: /api/term/apply-resize[39m
Error: connect ECONNREFUSED 127.0.0.1:17401
    at TCPConnectWrap.afterConnect [as oncomplete] (node:net:1637:16)
[2m20:41:11[22m [31m[1m[vite][22m[39m [31mhttp proxy error: /api/term/apply-resize[39m
Error: connect ECONNREFUSED 127.0.0.1:17401
    at TCPConnectWrap.afterConnect [as oncomplete] (node:net:1637:16)
[2m20:41:11[22m [31m[1m[vite][22m[39m [31mhttp proxy error: /api/term/apply-resize[39m
Error: connect ECONNREFUSED 127.0.0.1:17401
    at TCPConnectWrap.afterConnect [as oncomplete] (node:net:1637:16)
[2m20:41:11[22m [31m[1m[vite][22m[39m [31mhttp proxy error: /api/term/apply-resize[39m
Error: connect ECONNREFUSED 127.0.0.1:17401
    at TCPConnectWrap.afterConnect [as oncomplete] (node:net:1637:16)
[2m20:41:11[22m [31m[1m[vite][22m[39m [31mhttp proxy error: /api/term/apply-resize[39m
Error: connect ECONNREFUSED 127.0.0.1:17401
    at TCPConnectWrap.afterConnect [as oncomplete] (node:net:1637:16)
[2m20:41:11[22m [31m[1m[vite][22m[39m [31mhttp proxy error: /api/term/apply-resize[39m
Error: connect ECONNREFUSED 127.0.0.1:17401
    at TCPConnectWrap.afterConnect [as oncomplete] (node:net:1637:16)
[2m20:41:11[22m [31m[1m[vite][22m[39m [31mhttp proxy error: /api/term/apply-resize[39m
Error: connect ECONNREFUSED 127.0.0.1:17401
    at TCPConnectWrap.afterConnect [as oncomplete] (node:net:1637:16)
[2m20:41:11[22m [31m[1m[vite][22m[39m [31mhttp proxy error: /api/term/apply-resize[39m
Error: connect ECONNREFUSED 127.0.0.1:17401
    at TCPConnectWrap.afterConnect [as oncomplete] (node:net:1637:16)
[2m20:41:11[22m [31m[1m[vite][22m[39m [31mhttp proxy error: /api/term/apply-resize[39m
Error: connect ECONNREFUSED 127.0.0.1:17401
    at TCPConnectWrap.afterConnect [as oncomplete] (node:net:1637:16)
[2m20:41:11[22m [31m[1m[vite][22m[39m [31mhttp proxy error: /api/term/apply-resize[39m
Error: connect ECONNREFUSED 127.0.0.1:17401
    at TCPConnectWrap.afterConnect [as oncomplete] (node:net:1637:16)
[2m20:41:11[22m [31m[1m[vite][22m[39m [31mhttp proxy error: /api/term/apply-resize[39m
Error: connect ECONNREFUSED 127.0.0.1:17401
    at TCPConnectWrap.afterConnect [as oncomplete] (node:net:1637:16)
[2m20:41:11[22m [31m[1m[vite][22m[39m [31mhttp proxy error: /api/term/apply-resize[39m
Error: connect ECONNREFUSED 127.0.0.1:17401
    at TCPConnectWrap.afterConnect [as oncomplete] (node:net:1637:16)
[2m20:41:11[22m [31m[1m[vite][22m[39m [31mhttp proxy error: /api/term/apply-resize[39m
Error: connect ECONNREFUSED 127.0.0.1:17401
    at TCPConnectWrap.afterConnect [as oncomplete] (node:net:1637:16)
[2m20:41:11[22m [31m[1m[vite][22m[39m [31mhttp proxy error: /api/term/apply-resize[39m
Error: connect ECONNREFUSED 127.0.0.1:17401
    at TCPConnectWrap.afterConnect [as oncomplete] (node:net:1637:16)
[2m20:41:11[22m [31m[1m[vite][22m[39m [31mhttp proxy error: /api/term/apply-resize[39m
Error: connect ECONNREFUSED 127.0.0.1:17401
    at TCPConnectWrap.afterConnect [as oncomplete] (node:net:1637:16)
[2m20:41:11[22m [31m[1m[vite][22m[39m [31mhttp proxy error: /api/term/apply-resize[39m
Error: connect ECONNREFUSED 127.0.0.1:17401
    at TCPConnectWrap.afterConnect [as oncomplete] (node:net:1637:16)
[2m20:41:11[22m [31m[1m[vite][22m[39m [31mhttp proxy error: /api/term/apply-resize[39m
Error: connect ECONNREFUSED 127.0.0.1:17401
    at TCPConnectWrap.afterConnect [as oncomplete] (node:net:1637:16)
[2m20:41:12[22m [31m[1m[vite][22m[39m [31mhttp proxy error: /api/term/apply-resize[39m
Error: connect ECONNREFUSED 127.0.0.1:17401
    at TCPConnectWrap.afterConnect [as oncomplete] (node:net:1637:16)
[2m20:41:12[22m [31m[1m[vite][22m[39m [31mhttp proxy error: /api/term/apply-resize[39m
Error: connect ECONNREFUSED 127.0.0.1:17401
    at TCPConnectWrap.afterConnect [as oncomplete] (node:net:1637:16)
[2m20:41:12[22m [31m[1m[vite][22m[39m [31mhttp proxy error: /api/term/apply-resize[39m
Error: connect ECONNREFUSED 127.0.0.1:17401
    at TCPConnectWrap.afterConnect [as oncomplete] (node:net:1637:16)
[2m20:41:12[22m [31m[1m[vite][22m[39m [31mhttp proxy error: /api/term/apply-resize[39m
Error: connect ECONNREFUSED 127.0.0.1:17401
    at TCPConnectWrap.afterConnect [as oncomplete] (node:net:1637:16)
[2m20:41:12[22m [31m[1m[vite][22m[39m [31mhttp proxy error: /api/term/apply-resize[39m
Error: connect ECONNREFUSED 127.0.0.1:17401
    at TCPConnectWrap.afterConnect [as oncomplete] (node:net:1637:16)
[2m20:41:12[22m [31m[1m[vite][22m[39m [31mhttp proxy error: /api/term/apply-resize[39m
Error: connect ECONNREFUSED 127.0.0.1:17401
    at TCPConnectWrap.afterConnect [as oncomplete] (node:net:1637:16)
[2m20:41:12[22m [31m[1m[vite][22m[39m [31mhttp proxy error: /api/term/apply-resize[39m
Error: connect ECONNREFUSED 127.0.0.1:17401
    at TCPConnectWrap.afterConnect [as oncomplete] (node:net:1637:16)
[2m20:41:12[22m [31m[1m[vite][22m[39m [31mhttp proxy error: /api/term/apply-resize[39m
Error: connect ECONNREFUSED 127.0.0.1:17401
    at TCPConnectWrap.afterConnect [as oncomplete] (node:net:1637:16)
[2m20:41:12[22m [31m[1m[vite][22m[39m [31mhttp proxy error: /api/term/apply-resize[39m
Error: connect ECONNREFUSED 127.0.0.1:17401
    at TCPConnectWrap.afterConnect [as oncomplete] (node:net:1637:16)
[2m20:41:12[22m [31m[1m[vite][22m[39m [31mhttp proxy error: /api/term/apply-resize[39m
Error: connect ECONNREFUSED 127.0.0.1:17401
    at TCPConnectWrap.afterConnect [as oncomplete] (node:net:1637:16)
[2m20:41:12[22m [31m[1m[vite][22m[39m [31mhttp proxy error: /api/term/apply-resize[39m
Error: connect ECONNREFUSED 127.0.0.1:17401
    at TCPConnectWrap.afterConnect [as oncomplete] (node:net:1637:16)
